<?xml version="1.0" encoding="UTF-8"?>
<cv>
<label type="Name">Meda Cronin</label>
<label type="Designation">Associate Software Engineer</label>

<label type="Location">Bengaluru, Karnataka</label> - Email me on Indeed: <label type="Email Address">eKertzmann@hotmail.com</label>

Willing to relocate to: <label type="Location">Bangalore Urban, Karnataka</label>

WORK EXPERIENCE

<label type="Designation">Associate Software Engineer</label>

<label type="Companies worked at">oracle</label>

• <label type="Designation">Associate Software Engineer</label> in <label type="Companies worked at">Oracle India Pvt Ltd</label>. (through <label type="Companies worked at">Trigent Software Pvt Ltd</label>)
• Experience in <label type="Tech Tools">Oracle Hyperion</label> Products and <label type="Job Specific Skills">Automation Scripting</label>. (<label type="Years of Experience">September 2017 onwards</label>)
Perform automation through <label type="Tech Tools">python</label> and <label type="Tech Tools">batch scripting</label>.
Provide application maintenance and client support.

EDUCATION

<label type="Degree">B.E.</label> in <label type="College Name">ENC

North Maharashtra University</label>

<label type="Graduation Year">2017</label>

Certificate

Institute/Board

SKILLS

<label type="Tech Tools">C++</label> (Less than 1 year), <label type="Job Specific Skills">DATABASES</label> (Less than 1 year), <label type="Tech Tools">ECLIPSE</label> (Less than 1 year), <label type="Tech Tools">ESSBASE</label>
(Less than 1 year), <label type="Tech Tools">HYPERION</label> (Less than 1 year), <label type="Tech Tools">python</label>, <label type="Tech Tools">java</label>

LINKS

http://www.linkedin.com/in/meda-cronin

ADDITIONAL INFORMATION

TECHNICAL SKILLS

• Languages: <label type="Tech Tools">Java</label>, <label type="Tech Tools">C</label>, <label type="Tech Tools">C++</label>, <label type="Tech Tools">Python</label>, <label type="Tech Tools">Batch</label>
• <label type="Job Specific Skills">Databases</label>: <label type="Tech Tools">Oracle</label>, <label type="Tech Tools">Mysql</label>
• Ides: <label type="Tech Tools">Eclipse</label>, <label type="Tech Tools">PyCharm</label>
• Operating systems: <label type="Tech Tools">Windows</label> and <label type="Tech Tools">Linux</label>
• Dataware housing Tools: ODI, Hyperion Essbase and Planning, FDMEE

https://www.indeed.com/r/meda-cronin
http://www.linkedin.com/in/meda-cronin
</cv>
