<?xml version="1.0" encoding="UTF-8"?>
<cv>
<label type="Name">Tamika Schaden</label>
<label type="Designation">JAVA Developer/Senior Systems Engineer</label> - <label type="Companies worked at">INFOSYS LIMITED</label>

<label type="Location">Itarsi, Madhya Pradesh</label> - Email me on Indeed: <label type="Email Address">Alessandra.Volkman@gmail.com</label>

A <label type="Soft Skills">Dynamic</label>, <label type="Soft Skills">Hardworking</label>, <label type="Soft Skills">Focused</label> and <label type="Soft Skills">Result oriented</label> person with <label type="Years of Experience">2 years 10 months</label>
of experience in <label type="Job Specific Skills">development</label> using <label type="Tech Tools">Java</label> Technology and other cutting edge technologies.
Experience in <label type="Job Specific Skills">design and development of enterprise applications</label> using <label type="Job Specific Skills">agile methodology</label>. Rich
experience in build and <label type="Job Specific Skills">deployment process</label>.

Willing to relocate to: <label type="Location">Pune, Maharashtra</label>

WORK EXPERIENCE

<label type="Designation">JAVA Developer</label>/<label type="Designation">Senior Systems Engineer</label>

<label type="Companies worked at">INFOSYS LIMITED</label> -  <label type="Location">Pune, Maharashtra</label> -

<label type="Years of Experience">February 2016 to Present</label>

Project Idea: The Aetna Quoting Center (AQC) comes under the Aetna Group in Health Industry
and its HeadOffice is in Hartford. AQC is a <label type="Tech Tools">Java</label> enterprise Web based application in Sales Rating
and Quoting (SRQ) domain. AQC is developed as a single Rating/Quoting engine for Middle and
National Market Customers for new business offering both Traditional and Health Maintenance
Organization Products.

AQC is used by the Aetna Sales Representatives and Underwriters for creation of New Business
Quotes.A Quote typically comprised of Customer, Member Information along with the Product/
Benefits being offered and the corresponding Premium to be paid for the HealthCare Plan.

Responsibilities:
✓ Analysing <label type="Job Specific Skills">business and system requirements</label> and creating <label type="Job Specific Skills">design patterns for applications</label>.
✓ Presenting the ideas to client for application and implementing it in the application.
✓ Clear understanding of Requirement gathering and designing phase. Created <label type="Job Specific Skills">Detailed Level
design (DLD)</label> document of all subsequent releases till date.
✓ Experience in working over deployment process, deploying code over different servers,
maintaining deployment documents and handling different task in subsequent releases.
✓ Excellent hands-on in performing request analysis, finding defects and giving code fixes in
minimal amount of time.
✓ Resolving Client Issue

Other Responsibilities:
✓ Sharing knowledge with the team by sharing KM tips/quizzes/sessions.
✓ Mentoring 2-3 team members and providing technical guidance in AQC project

<label type="Designation">JAVA Intern</label>

<label type="Companies worked at">INFOSYS LIMITED</label> -  <label type="Location">Mysore, Karnataka</label> -

<label type="Years of Experience">June 2015 to November 2015</label>

https://www.indeed.com/r/tamika-schaden


Undergone 6 months of internship with Infosys, which includes theoretical as well as hands on
experience in Core <label type="Tech Tools">Java</label>, <label type="Tech Tools">Hibernate</label> and <label type="Tech Tools">SQL</label>.
- Successfully completed Infosys's Mysore Internship.

EDUCATION

<label type="Degree">Bachelor of Engineering</label> in <label type="College Name">Mechanical Eng

ITM University Gwalior</label> -  <label type="Location">Gwalior, Madhya Pradesh</label>

<label type="Graduation Year">2015</label>

SKILLS

<label type="Tech Tools">J2Ee</label>, <label type="Tech Tools">Sql server</label>, <label type="Tech Tools">Core Java</label>, <label type="Tech Tools">Spring mvc</label>, <label type="Tech Tools">Hibernate</label>, <label type="Tech Tools">Spring</label>

ADDITIONAL INFORMATION

SKILLS Languages: <label type="Tech Tools">JAVA</label>.
Technologies/Frmwks: <label type="Tech Tools">Hibernate</label>, <label type="Tech Tools">Spring</label>, <label type="Tech Tools">Spring</label> <label type="Tech Tools">MVC</label>.
IDE/Tools: <label type="Tech Tools">Eclipse</label>, <label type="Tech Tools">Rational Application Development (RAD)</label>
Database: <label type="Tech Tools">SQL Server 2008</label>
Miscellaneous: <label type="Tech Tools">Xml</label>.
OS: <label type="Tech Tools">Windows</label>
</cv>
