<?xml version="1.0" encoding="UTF-8"?>
<cv>
"<label type="Designation">Advertiser</label> Resume Template  <label type="Name">Shayne White</label>  Justin Street  London  Phone: 77-332-55  <label type="Email Address">Stiedemann.Andre@eas.net</label>  Objective  Seeking a reputable position as a <label type="Designation">advertiser</label> where I can showcase my <label type="Soft Skills">creativity</label> and skills  beautifully.  Summary of Qualification<label type="Soft Skills">      Good communication</label> skills, <label type="Soft Skills">drawing</label> and <label type="Soft Skills">creativity</label> capabilities.  Have the efficiency to work in a time restricted space and frame to deliver the best of ads.  Career Experience/Job History        <label type="Years of Experience">2004-2007</label>  <label type="Companies worked at">Fleet Advertising Ltd.</label>  <label type="Designation">Advertiser</label>      Created a variety of ads relating to a diverse brand fields.   Conducted research in the market and audience analysis to prefer their choices on the popularity  and new trends of ads.  <label type="Years of Experience">2007-Present</label>  <label type="Companies worked at">Houlton Advertising Agency</label>  <label type="Designation">Advertiser</label>      Introduced new concepts and ideas to be used in forming ads.   Formulated new dimensions of ad making.  Education  <label type="Graduation Year">2003-2004</label>  <label type="Degree">Diploma in Ad Making Technique</label>, <label type="College Name">Ad School</label>  <label type="Graduation Year">2123-456789</label>  <label type="Degree">Bachelors in Mass Communication</label>, <label type="College Name">School of Mass Communication</label>.    Professional reference will be furnished upon request"
</cv>
