<?xml version="1.0" encoding="UTF-8"?>
<cv>
"NAME  641 Any Circle, City, State 00000 \x01 123.345.7890 \x02 <label type="Email Address">Maggio.Willie@gmail.com</label>    EXECUTIVE: <label type="Designation">SALES &amp; MARKETING MANAGEMENT  EXECUTIVE</label> PROFILE  Visionary providing fiscal/strategic/operational leadership in complex sales organizations.  Accomplished, seasoned , <label type="Soft Skills">strategic</label> <label type="Job Specific Skills">business/marketing management</label> leader with over <label type="Years of Experience">20 years  experience</label> building and aggressively motivating sales teams to generate consistent revenue and profit  growth. Background includes <label type="Job Specific Skills">channel development and management</label>, developing and implementing  <label type="Job Specific Skills">sales training</label> for seasoned and novice sales force members, <label type="Job Specific Skills">new business practice launches</label>,  involvement in growth of minority and women-owned business, and providing <label type="Job Specific Skills">sales leadership</label> for  publicly-traded and private companies. Consistently successful in identifying and capitalizing on market  opportunities to build brand recognition, drive revenue growth, expand market penetration and win  dominant market share for the enterprise. Exceptional <label type="Soft Skills">analytical</label>, <label type="Soft Skills">organizational</label>, and <label type="Soft Skills">leadership</label> skills.  Highly effective in <label type="Job Specific Skills">developing channel </label>and direct <label type="Job Specific Skills">customer relationships</label>. Global business operational  perspective through exposure to diverse business protocols, particularly in <label type="Location">North America</label>, <label type="Location">Western  Europe</label>, <label type="Location">Australia</label> and <label type="Location">Asia</label>.    KEY STRENGTHS  <label type="Job Specific Skills">Strategy Development for Sales &amp; Revenue Growth</label> \xe2\x80\xa2 <label type="Job Specific Skills">Sales &amp; Marketing Leadership</label>  <label type="Job Specific Skills">Business Channel Development &amp; Management</label> \xe2\x80\xa2 <label type="Job Specific Skills">Product Pricing &amp; Management</label>  <label type="Job Specific Skills">Team Building</label>, <label type="Job Specific Skills">Management</label>, <label type="Job Specific Skills">Training &amp; Motivation</label> \xe2\x80\xa2 <label type="Job Specific Skills">New Business Launches</label>  Achieving &amp; Surpassing Sales Quotas \xe2\x80\xa2 International Business    PROFESSIONAL EXPERIENCE  <label type="Companies worked at">COMPANY, INC.</label>, City, ST  <label type="Years of Experience">2007-Present</label>  Female-owned small business specializing in power backup solutions.  <label type="Designation">Vice President</label>, Sales  Precipitated 100% jump in annual revenues by procuring multi-year contracts with recognized  companies/organizations including the FAA, Verizon, and American Airlines.  \xe2\x80\xa2 Elevated margins from 10% to 16% after revamping and expanding RPCIs product line with  items such as Eaton Powerware, Exide GNB, Power Battery, and Eltek Valere.    COMPANY, INC., City, ST  <label type="Years of Experience">2005 - 2006</label>  $55M privately held company providing new/recertified communications equipment to clients.  <label type="Designation">Sales Director</label>  Devised, introduced, executed training program to strengthen technological experience of more  seasoned sales team members through procurement of Avaya Certified Associate Sales Certificates  and Cisco IP Account Manager Certificates.  \xe2\x80\xa2 Supervised 22-person Sales Team serving corporate clients including Avaya, Nortel, Verint,  Zeacom, AVST. Spurred 15% sales rise for Avaya and 25% increase in demand for services.  \xe2\x80\xa2 Created/launched Cisco-based business showcasing Company Communications Solutions,  catapulting sales to $1M within first 6 months.  RESUME    NAME  NAME NETWORK POWER, City, ST  <label type="Years of Experience">1999 -2005</label>  Global leader specializing in Business-Critical Continuity\xe2\x84\xa2 for telecommunication networks.  <label type="Designation">Senior Marketing Manager</label>  <label type="Years of Experience">2002-2005</label>  <label type="Designation">Product Marketing Manager</label>  <label type="Years of Experience">2000-2002</label>  <label type="Designation">Key Account Manager</label>  <label type="Years of Experience">1999-2000</label>  Championed DC Power services to telecommunications clients throughout North American market  using well-crafted approach including sales collateral, website development, sales tools, customer  events, trade shows, national sales meetings, and Liebert representative seminars and trade shows.    \xe2\x80\xa2  \xe2\x80\xa2  \xe2\x80\xa2  \xe2\x80\xa2  \xe2\x80\xa2  \xe2\x80\xa2  \xe2\x80\xa2  \xe2\x80\xa2    Orchestrated product management for small power systems, batteries, inverters, converters.  Crafted product specifications, spearheading materials selection, contract negotiation, product  launches, and marketing.  Generated profitable annual sales/marketing strategies, guiding clients through product  selection, incorporating viable terms/conditions into major proposals. Evaluated and set  pricing, authorizing any exceptions to corporate policy.  Appointed as member of Global Product Management team set up to align international  building blocks with North American market.  Crafted compensation plans, inspiring top sales team performance.  Oversaw account team tasked with selling Mobile Telephone Switching Office and Radio Base  Station power systems as Key Account Manager.  Exceeded $10M quota by 160%, and boosted sales to AT&amp;T Wireless, Tritel, BellSouth Cellular,  Cantel, Triton PCS, and SBC by 42%.  Acted as corporate liaison to Ericsson.    COMPANY COMMUNICATIONS, CITY, ST  <label type="Years of Experience">1997-1999</label>  Technology communications consulting firm generating $20M in annual revenues.  <label type="Designation">Global Account Manager</label>  Cultivated/closed 3-year, $50M contract for IP-based Enhanced Services Platform as director of the  divisions account team. Routinely delivered 150% of annual sales quota.    <label type="Companies worked at">COMPANY TECHNIQUES, INC.</label>, City, ST  <label type="Years of Experience">1994-1997</label>  Developer of telecommunications enhancement products.  <label type="Designation">Corporate Sales Director </label> Escalated national/international sales by 50% and 75% respectively after originating and  negotiating profitable distribution agreements with GTE, Wiltel, Sprint, BellSouth, TeleSwitch CALA,  and Oscar Communications <label type="Location">Hong Kong</label> and <label type="Location">Australia</label>.  \xe2\x80\xa2 Shattered sales quotas by 125% for 3 years straight, doubling revenues from $4M to $8M.    EDUCATION  <label type="Degree">Bachelor of Science in Engineering Technology</label>  <label type="College Name">Texas University</label>, City, TX    RESUME"
</cv>
