<?xml version="1.0" encoding="UTF-8"?>
<cv>
"<label type="Designation">Music Producer</label> Resume Template  <label type="Designation">Peter S. Gutierrez</label>  North Vill., <label type="Location">New York City</label>  Phone: 123-345-7890  <label type="Email Address">Leonel.Boehm@gmail.com</label>  Objective  A position as a <label type="Designation">Music Producer</label> in the <label type="Job Specific Skills">classical/jazz</label> music genre for a global music recording label  Summary of Qualification      <label type="Years of Experience">9 years of experience</label> as a <label type="Designation">record music producer</label> with the last 5 years as a <label type="Designation">freelance music  producer</label>.   Portfolio of artists available upon request or during the interview.  Career Experience/Job History  <label type="Years of Experience">2005  Present</label>: <label type="Designation">Freelance Music Producer</label>      Look out for emerging musical talents in voice and instrumental soloists in <label type="Job Specific Skills">Jazz and Classical  music</label> for the label.   Review standard artist musical contractual arrangements for a win-win solution to include  royalties and copyright ownerships.   Secure financing backing for a recording.   Maintain a network of friends in the media to promote the artist or band through various  advertising techniques  <label type="Years of Experience">2001  2005</label>: <label type="Designation">Assistant Music Producer</label>, <label type="Companies worked at">Sony/BMG</label>      Secure the backup musicians for a project and deal with them contractually.  Oversee operational <label type="Job Specific Skills">recording budgets</label>, schedules and title release dates.   If working on a film, discuss the <label type="Job Specific Skills">films music requirements</label> with directors and composers before  they select music for a film  Education      <label type="Graduation Year">2001  2005</label>: In-house seminars and workshops on <label type="Job Specific Skills">new recording technologies</label> and <label type="Job Specific Skills">Intellectual  Property laws</label>.  <label type="Graduation Year">1996  2001</label>: <label type="Degree">Bachelor of Science in Electronics Engineering</label>, <label type="College Name">New York State University</label>  Professional reference will be furnished upon request"
</cv>
