<?xml version="1.0" encoding="UTF-8"?>
<cv>
"<label type="Name">Brain Rudolph Glover</label>  (123)345-7890 \xef\x82\x98 <label type="Email Address">Hedwig.Grady@hotmail.com</label> \xef\x82\x98 LinkedIn \xef\x82\x98 Facebook  Twitter Handle \xef\x82\x98 My del.icio.us \xef\x82\x98 My StumbleUpon \xef\x82\x98 Podcast Links  Skype: SomeSkypeName \xef\x82\x98 Link to download text and PDF resumes    \xef\x82\x98    Blog    <label type="Designation">SOCIAL MEDIA MANAGER</label>    www.myportfolio.com    Champion of <label type="Job Specific Skills">social media tools and technologies</label>, with a track record of creating and implementing  successful <label type="Job Specific Skills">social media programs</label>. Keep up-to-date with constantly evolving technologies in <label type="Job Specific Skills">online  social networking</label>, the <label type="Job Specific Skills">blogosphere</label>, search tools and <label type="Job Specific Skills">Web 2.0</label>, and work closely with clients to  create innovative, effective campaigns.    Partial List of Tools (full list available at myportfolio.com)  \xef\x82\x97  \xef\x82\x97  \xef\x82\x97  \xef\x82\x97  \xef\x82\x97  \xef\x82\x97  \xef\x82\x97  \xef\x82\x97    Blogger  <label type="Tech Tools">WordPress</label>  <label type="Tech Tools">TypePad</label>  Six Apart  Live Writer  Podcasting/  <label type="Tech Tools">Audacity</label>  <label type="Tech Tools">FeedBlitz</label>  <label type="Tech Tools">Bloglines</label>    \xef\x82\x97  \xef\x82\x97  \xef\x82\x97  \xef\x82\x97  \xef\x82\x97  \xef\x82\x97  \xef\x82\x97  \xef\x82\x97    <label type="Tech Tools">LinkedIn</label>  <label type="Tech Tools">Facebook</label>  <label type="Tech Tools">MySpace</label>  <label type="Tech Tools">Flickr</label>  <label type="Tech Tools">Twitter</label>  <label type="Tech Tools">Ning</label>  <label type="Tech Tools">Ryze</label>  <label type="Tech Tools">HTML</label>/HTML  editors    \xef\x82\x97  \xef\x82\x97  \xef\x82\x97  \xef\x82\x97  \xef\x82\x97  \xef\x82\x97  \xef\x82\x97    <label type="Tech Tools">YouTube</label>  Digg  del.icio.us  StumbleUpon  <label type="Tech Tools">Technorati</label>  <label type="Tech Tools">reddit</label>  Google and  related tools  (Analytics, etc.)    \xef\x82\x97  \xef\x82\x97    \xef\x82\x97  \xef\x82\x97  \xef\x82\x97  \xef\x82\x97  \xef\x82\x97    <label type="Tech Tools">Camtasia</label>  Help a  Reporter Out  (HARO)  PitchEngine  ReportingOn  Twellow  Wikipedia  Second Life    Experience  <label type="Companies worked at">XYZ ASSOCIATES</label>, Sometown, <label type="Location">NY</label> \xe2\x80\x94 PR firm serving small businesses in the greater NY area  <label type="Designation">Social Media Manager</label>, <label type="Years of Experience">2008 to Present</label>    Partner with some of the most well-known technology companies in New York City to design  and execute social media strategies that meet client objectives.  \xef\x82\x97    Develop and manage online marketing campaigns for ABC Co., DEF Co., GHI Co. and JKL  Co., effectively driving brand awareness, engagement and traffic to social media pages.    \xef\x82\x97    Achieve a strong, visible social media presence and develop concepts with viral potential.  Continuously monitor online public relations and ensure the success of client programs.    \xef\x82\x97    Assess social media marketing strategies to determine rate of return. Identify and tap into  new channels to optimize ROI and fuel revenue growth.    \xef\x82\x97    Place stories in BusinessWeek, Wired News, Computerworld and other key news outlets.  Ensure placement in social content Web sites such as Digg, StumbleUpon, etc.    \xef\x82\x97    Build a strong base of repeat business and serve as the #1 requested IT consultant.    <label type="Companies worked at">ACTION GROUP</label>, Sometown, <label type="Location">NY</label> \xe2\x80\x94 Full-service ad agency  <label type="Designation">Senior Account Executive</label> / <label type="Designation">Junior Account Executive</label>, <label type="Years of Experience">2005 to 2008</label>    Promoted to senior AE role, overseeing licensee management for Top Broadcasting Co. Drove  a 100% increase in revenue within three years, resulting in annual retail sales of $80M.    Education  <label type="College Name">ABC UNIVERSITY</label>, Sometown, <label type="Location">NY</label>  <label type="Degree">BA in Marketing</label>, <label type="Graduation Year">2004</label>"
</cv>
