<?xml version="1.0" encoding="UTF-8"?>
<cv>
"<label type="Designation">Circulation Manager/Director</label> Resume Template  <label type="Name">Laverne Tobias Raul Lebsack</label>  <label type="Location">Harrisburg, Pennsylvania</label>  Phone, 717- 980-3461  <label type="Email Address">Johnson.Doug@gmail.com</label>  Objective  To work as a <label type="Designation">Circulation Manager </label>or Director in a large publishing house.  Summary of Qualification      Almost <label type="Years of Experience">8 years</label> in <label type="Job Specific Skills">publishing work</label>, rising through the ranks as a <label type="Designation">circulation agent</label> to becoming a  manager at one of the largest publishing/bookstore chain the land.   Excellent <label type="Job Specific Skills">management</label> and <label type="Soft Skills">interpersonal</label> skills.   <label type="Soft Skills">Excellent communication</label> skills in <label type="Soft Skills">English</label> and <label type="Soft Skills">Spanish</label>.  Career Experience/Job History  <label type="Years of Experience">2006  Present</label>: <label type="Designation">Circulation Director</label>, <label type="Companies worked at">Barnes &amp; Noble</label>      Assist the chief editor in the planning of sales and <label type="Job Specific Skills">distribution strategies</label> for various <label type="Job Specific Skills">printed  products</label>.   Set revenue goals and develop distribution strategies for growth and profitability.   Monitor circulation costs and movement trends for each titles   Provide bulk pricing for wholesales in coordination with marketing.  <label type="Years of Experience">2002  2006</label>: <label type="Designation">Circulation Agent</label>, <label type="Companies worked at">University Press Publication</label>      Coordinate with retail outlets in ensuring adequate rack space and inventory of publication  materials   Provide circulation updates to management.  Education  <label type="Graduation Year">2002  2006</label>: various in house training in <label type="Job Specific Skills">distribution management</label>  <label type="Graduation Year">1999  2002</label>: <label type="Degree">Bachelor of Arts in Journalism</label>, <label type="College Name">University of Phoenix</label>, <label type="Location">Brookfield</label> campus.  Professional reference will be furnished upon request."
</cv>
