<?xml version="1.0" encoding="UTF-8"?>
<cv>
"<label type="Job Specific Skills">Social Media</label> Resume Sample  123 Your Address  City, State, Zip Code  (xxx)-xxx-xxxx  <label type="Email Address">Schneider.Sudie@cl.info</label>    <label type="Designation">Marketing professional</label> with <label type="Years of Experience">5+ years of experience</label> in <label type="Job Specific Skills">social media management</label>, <label type="Job Specific Skills">content marketing</label>,  and <label type="Job Specific Skills">branding</label>. Possesses a <label type="Degree">B.S. in Marketing</label> and expertise in <label type="Job Specific Skills">marketing analytics</label>. <label type="Degree">Excellent  communication</label> skills for outreach and <label type="Job Specific Skills">digital copywriting</label>, ensuring strong <label type="Job Specific Skills">brand presence</label>.    PROFESSIONAL EXPERIENCE  <label type="Companies worked at">TAROKO TECHNOLOGIES</label>, <label type="Location">San Francisco, CA</label>  <label type="Designation">Social Media Manager</label>, <label type="Years of Experience">September 2013  Present</label>              Successfully spearhead campaigns on <label type="Job Specific Skills">social media platforms</label> including <label type="Tech Tools">Facebook</label>,  <label type="Tech Tools">Twitter</label>, and <label type="Tech Tools">Instagram</label>  Manage <label type="Job Specific Skills">social media planning</label> for execution of <label type="Job Specific Skills">marketing strategies</label> and  <label type="Job Specific Skills">community management</label>  Implement marketing and <label type="Job Specific Skills">promotion tactics</label> that led to 34% growth in total social  media shares and 27% increase in website traffic from social media posts  Monitor online presence of companys brand and engaged with users,  strengthening <label type="Soft Skills">customer relationships</label>    <label type="Companies worked at">FLASHSTARTS</label>, <label type="Location">Cleveland, OH</label>  <label type="Designation">Social Media Coordinator</label>, <label type="Years of Experience">June 2010  August 2013</label>              Assisted the marketing team with developing and implementing social media  strategies  Maintained strong social media and <label type="Job Specific Skills">brand presence</label> across <label type="Tech Tools">Twitter</label>, <label type="Tech Tools">Facebook</label>,  and <label type="Tech Tools">Instagram</label> platforms  Developed <label type="Job Specific Skills">online marketing campaigns</label>, effectively increasing followers by  1,400+ and driving brand awareness  Utilized <label type="Job Specific Skills">social media analytics</label> tools such as <label type="Tech Tools">Crimson Hexagon</label> to track consumer  engagement and draw conclusions about user data    EDUCATION  <label type="College Name">CASE WESTERN RESERVE UNIVERSITY</label>, <label type="Companies worked at">Cleveland, OH</label>  <label type="Degree">Bachelor of Science in Marketing</label>, <label type="Graduation Year">May 2010</label>   Graduated Cum Laude    ADDITIONAL SKILLS            Expert in <label type="Job Specific Skills">Marketing Analytics</label> and <label type="Job Specific Skills">Social Media Management</label>  <label type="Soft Skills">Excellent communication</label> skills, for <label type="Job Specific Skills">online CRM and outreach</label>  <label type="Tech Tools">Google Analytics</label> and <label type="Tech Tools">Google AdWords</label>  <label type="Job Specific Skills">Strategic Planning</label>, <label type="Job Specific Skills">Business Development</label>, <label type="Job Specific Skills">Market Research</label>    123 Your Address City, , State, , Zip Code    (xxx)-xxx-xxxx    <label type="Email Address">Schneider.Sudie@cl.info</label>"
</cv>
