<?xml version="1.0" encoding="UTF-8"?>
<cv>
"<label type="Name">Terrell Earle Bret Micheline Demarcus Eartha Alana Robin Mariella Quinton Whitney Percy Samatha Spencer</label>   Home: (123)345-7890 \xe2\x96\xaa Mobile: (123)345-7890 \xe2\x96\xaa <label type="Email Address">aO'Conner@dl.info</label>    <label type="Designation">INTERNATIONAL SALES &amp; MARKETING EXECUTIVE</label>   Expertise in <label type="Job Specific Skills">global business</label> with deep-rooted experience in cultural, economic and political  affairs in Latin American and European countries   <label type="Job Specific Skills">Strategic sales</label> and <label type="Designation">marketing specialist</label> who was instrumental in helping to build a world leader in  analytical instrumentation that provides turnkey solutions for quality control and energy monitoring  systems. Grew a product portfolio from 1 to 8 and created a global presence spanning 30 countries within 5 years.  Despite formidable economic and political circumstances, penetrated markets in Brazil and  Argentina. Forged key alliances with German based manufacturers that generated over $8 million in sales in  2 years. Known for ability to cut through red tape and to negotiate win-win outcomes.  Rock solid experience in <label type="Job Specific Skills">product development</label> and <label type="Job Specific Skills">new product launches</label> for emerging  technologies. Combine knowledge of <label type="Job Specific Skills">engineering</label>, <label type="Soft Skills">research</label> and <label type="Soft Skills">analysis</label>, with <label type="Job Specific Skills">strategic marketing </label>and <label type="Job Specific Skills">sales  management </label>to deliver superior products worldwide.  Fluent in <label type="Soft Skills">English</label> and <label type="Soft Skills">Spanish</label> and conversant in <label type="Soft Skills">German</label>, <label type="Soft Skills">Portuguese</label> and <label type="Soft Skills">Italian</label>. Extensively traveled to  over 30 countries and exceptionally respectful and appreciative of diverse cultures and viewpoints.  Unique path of professional development and tenacity to succeed  rose from humble beginnings in a  third world country, progressing through a multi-faceted career into executive roles in global sales and  marketing.  AREAS OF EXCELLENCE  \xe2\x80\xa2  \xe2\x80\xa2  \xe2\x80\xa2  \xe2\x80\xa2    <label type="Job Specific Skills">Market &amp; Competitive Analysis</label>  <label type="Soft Skills">Customer Relationship Management</label>  <label type="Job Specific Skills">Distribution Channel Management</label>  <label type="Job Specific Skills">Strategic Marketing</label>    \xe2\x80\xa2  \xe2\x80\xa2  \xe2\x80\xa2  \xe2\x80\xa2    <label type="Job Specific Skills">Product Positioning</label>  Start-ups &amp; Turnarounds  <label type="Job Specific Skills">New Product Planning</label>  <label type="Job Specific Skills">Business Development</label>    \xe2\x80\xa2  \xe2\x80\xa2  \xe2\x80\xa2  \xe2\x80\xa2    <label type="Job Specific Skills">Sales Training</label> &amp; <label type="Soft Skills">Leadership</label>  <label type="Job Specific Skills">Operational Management</label>  <label type="Job Specific Skills">Strategic Alliances</label>  <label type="Job Specific Skills">Contract Negotiations</label>    PROFESSIONAL EXPERIENCE  <label type="Companies worked at">LEANDER CORPORATION</label>, <label type="Location">Boston, MA</label>  <label type="Years of Experience">2000 to Present</label>  World leader in analytical instrumentation serving energy and pharmaceutical industries.  <label type="Designation">Vice President of International Sales</label>  Oversee 60+ representatives internationally with full accountability of all marketing initiatives. Travel  extensively to support sales teams; negotiate with distributors and customers, and provide quotes. Present  seminars globally; prepare white papers, ROI documents and marketing collateral. Develop forecasts, conduct  SWOT analyses and plan sales cycle globally. Attend trade shows and advise on product enhancements.  Select achievements:  \xc2\x83 Fueled international sales growth by 50% in 5 years, igniting sales from one operation from 0 to $4M  in 1 year by energizing and turning around sluggish sales teams.  \xc2\x83 Built up product portfolio from 1 to 8 and helped to forge the companys niche as a leader in a  unique market by launching innovative campaigns, applying new sales strategies and helping to identify  new products.  Continued\xe2\x80\xa6    218\xc2\xa0Revere\xc2\xa0Way\xc2\xa0\xc2\xa0\xe2\x96\xaa\xc2\xa0\xc2\xa0Cambridge,\xc2\xa0MA\xc2\xa002142\xc2\xa0    <label type="Name">Terrell Earle Bret Micheline Demarcus Eartha Alana Robin Mariella Quinton Whitney Percy Samatha Spencer</label>    Page 2 of 3    <label type="Companies worked at">Vice President of International Sales</label>, Continued  \xc2\x83 Transformed underperforming operations in countries that bolstered revenue increases from  20% to 100% consistently by analyzing metrics, refining product development plans and implementing  new market strategies.  \xc2\x83 Improved customer satisfaction, sales team performance and overall sales by organizing  international training seminars and executing corporate culture changes to strengthen key relationships.  \xc2\x83 Minimized risk exposure globally and ensured continued expansion by carefully assessing political,  economic and cultural trends internationally, and implementing proactive measures to address potential threats.  <label type="Companies worked at">HERNANDEZ &amp; ASSOCIATES</label>, <label type="Location">Hopkinton, MA</label>  <label type="Years of Experience">1990 to 2000</label>  Exclusive representative of oil and gas instrumentation manufacturers in 12 countries globally.  <label type="Designation">Chief Executive Officer</label>  Started up a company that became exclusive representative to global manufacturers of analytical  instrumentation used in quality control and research for industries including petroleum, mining, and  commercial laboratories. Oversaw all functional areas including <label type="Job Specific Skills">finance</label>, <label type="Job Specific Skills">staffing</label>, <label type="Job Specific Skills">marketing</label>, <label type="Job Specific Skills">operations</label> and  <label type="Job Specific Skills">international business affairs</label>. Sold off company in 2000 to pursue an opportunity within a larger and more  global organization.  Select achievements:  \xc2\x83 Built a company from scratch to a robust $4 million enterprise and expanded to 8 global locations by  bringing new products to market and forming strategic distribution channels.  \xc2\x83 Strategically positioned company as consultants and service providers that helped sell more products.  Landed important contracts with companies such as Petrobras and Canico Resource. Exclusive contract with  Carra Instruments resulted in penetration of lucrative market in oil refinery sector.  \xc2\x83 Fostered a strong ownership mentality amongst employees and retained top-notch employees by  soliciting feedback, researching benefit plans and introducing attractive benefit programs.  \xc2\x83 Retained robust profitability margin for 10 years by monitoring cash flows, eliminating unnecessary  costs and conducting financial forecasts.  \xc2\x83 Created a strong brand equity amongst customers by offering incentive programs and  continuously fine tuning customer service and support.  \xc2\x83 Penetrated new markets and sustained continued growth despite highly volatile and risky environments.  <label type="Companies worked at">INSTRUMENTATION SOLUTIONS</label>, <label type="Location">Sao Paulo, Brazil</label>  <label type="Years of Experience">1986 to 1990</label>  Pioneer in spectrometer instrumentation, serving 6 countries in <label type="Designation">Latin America and Europe  Sales Director</label> (<label type="Years of Experience">1988 to 1990</label>)  Managed a team of 20 engineers and 15 sales representatives. Set product development goals, quotas and pricing.  <label type="Soft Skills">Coached</label> and <label type="Soft Skills">mentored</label> sales team, and collaborated with internal teams to retain existing customers and develop  new client base. Created expense, operating and forecasting budgets. Organized technical seminars.  Select Achievements:  \xc2\x83 Launched the first mobile petroleum analysis spectrometer to Latin American market in 1989 after  working closely with engineers on product development specs.  \xc2\x83 Consistently exceeded sales margins by 40% annually for 2 years and maintained product leadership  position by rolling out effective, targeted marketing plans.  Continued\xe2\x80\xa6    218\xc2\xa0Revere\xc2\xa0Way\xc2\xa0\xc2\xa0\xe2\x96\xaa\xc2\xa0\xc2\xa0Cambridge,\xc2\xa0MA\xc2\xa002142\xc2\xa0    <label type="Name">Terrell Earle Bret Micheline Demarcus Eartha Alana Robin Mariella Quinton Whitney Percy Samatha Spencer</label>    Page 3 of 3    <label type="Designation">Sales Director</label>, (Continued)  \xc2\x83 Entered new markets and sustained steady annual revenue of 5% despite highly volatile and risky  business climate in Latin America.  \xc2\x83 Negotiated long-term contracts with key government entities that strengthened company presence in 6  critical geographies.  <label type="Designation">Product Manager</label> (<label type="Years of Experience">1986 to 1988</label>)  Worked with sales, marketing and application departments on products for quality control in fields of metallurgy,  petroleum and polymers. Helped in lead generation, sales planning and customer relationship management.  Conducted <label type="Job Specific Skills">market research</label> and launched new products; played key role in <label type="Job Specific Skills">strategic planning</label>.  Earlier Career:  <label type="Companies worked at">ARLINGTON CORPORATION</label>, <label type="Designation">Product Development Specialist</label>  <label type="Companies worked at">BRASILO LTD.</label>, <label type="Designation">Engineer</label>  <label type="Companies worked at">SCHLUMBERGER OILFIELD SERVICES</label>, <label type="Designation">Field Technician</label>  <label type="Companies worked at">VERITAS DGC</label>, <label type="Designation">Roustabout</label>  EDUCATION &amp; TRAINING  <label type="College Name">BOSTON UNIVERSITY</label>, <label type="Location">Boston, MA</label>  <label type="Degree">MBA with an emphasis in International Business</label>, <label type="Graduation Year">2001</label>  <label type="College Name">NORTHEASTERN UNIVERSITY</label>, <label type="Location">Boston, MA</label>  <label type="Degree">BS in Business Administration</label>, <label type="Graduation Year">1992</label>  <label type="Degree">UNIVERSIDADE CENTRAL DE BRASILIA</label>, <label type="Location">Sao Paulo, Brazil</label>  <label type="Degree">Mechanical Engineer (BS in Mechanical Engineering)</label>, <label type="Graduation Year">1980</label>  PROFESSIONAL AFFILIATIONS  American Marketing Association  International Sales and Marketing Association  Academy of International Business, AIB  American Society of Mechanical Engineers, ASME  Brazil Society of Engineers  Latin American Business Organization    218\xc2\xa0Revere\xc2\xa0Way\xc2\xa0\xc2\xa0\xe2\x96\xaa\xc2\xa0\xc2\xa0Cambridge,\xc2\xa0MA\xc2\xa002142\xc2\xa0"
</cv>
