<?xml version="1.0" encoding="UTF-8"?>
<cv>
"<label type="Name">Noel Casper</label>  <label type="Job Specific Skills">Digital Marketing</label>  AREAS OF EXPERTISE  <label type="Job Specific Skills">Digital strategies</label>  <label type="Job Specific Skills">Social media</label>  <label type="Job Specific Skills">Online content</label>  <label type="Job Specific Skills">Digital communication</label>    PERSONAL SUMMARY  <label type="Name">Noel Casper</label> is an <label type="Soft Skills">innovator</label>, <label type="Soft Skills">trendsetter</label> and <label type="Soft Skills">progressive thinker</label> who can successfully  develop and evolve a company's digital activity across all existing online platforms.  She has extensive knowledge of <label type="Job Specific Skills">Social Media</label> landscapes, networks, toolsets and  furthermore is committed to staying current with all social media developments and  best practices. On a personal level she is a real team player who will proactively help  colleagues to <label type="Soft Skills">solve problems</label> when they arise. In addition to this she possess es an array  of valuable soft skills, has a passionate interest in technology and comes to you with a  superb academic record.    <label type="Designation">Project management</label>  WORK EXPERIENCE  <label type="Job Specific Skills">Relationship management</label>  Company name  Location  <label type="Designation">DIGITAL MARKETING SPECIALIST</label>  <label type="Years of Experience">Jun 2013  Present</label>  Responsible for the effective day to day running of all of the company's social media  channels.  PROFESSIONAL  <label type="Soft Skills">French</label> speaker  <label type="Soft Skills">First Aider</label>    PERSONAL SKILLS  Passionate    Duties:     Using social media to enhance the profile and reach of the company.   Building upon current client strategies within the digital arena to meet and exceed  objectives.   Providing campaign performance reporting and analysis to senior managers and  clients.   Monitoring competitor social media activity, websites and email newsletters.   Targeting customers through the use of social media.   Supporting all aspects of the planning and management of digital marketing  campaigns through a range of online channels.   Working with suppliers for paid media services.   Identifying client objectives and then coming up with ways to achieve them.    <label type="Soft Skills">Forward thinking</label>  Focused  Hard working    Company name - Location    JOB TITLE    Dates (i.e. Aug 2011  Jun 2013)    Company name - Location    JOB TITLE    Dates (i.e. Aug 2011  Jun 2013)    KEY SKILLS AND COMPETENCIES    CONTACT  <label type="Name">Noel Casper</label>  Dayjob Ltd  The Big Peg  Birmingham  B18 6NF  T: 0123 345 7890  M: 0123 345 7890  E: <label type="Email Address">tOrtiz@wmal.io</label>  Driving license: Yes  Nationality: British                  Able to work as part of a team that pushes towards a common goal  Delivering clear and accurate marketing information in the most effective way.  Using appropriate language in all situations.  Leads discussions and influencing others.  Creative and be able to think outside of the box.  Ability to multi-task priorities and handle different projects efficiently.    ACADEMIC QUALIFICATIONS    <label type="College Name">Nuneaton University</label>  <label type="Degree">BSc (Hons)  Sales Management</label>    <label type="Years of Experience">2008 - 2011</label>    <label type="College Name">Coventry Central College</label>  A levels:  Maths (A) English (B) Technology (B) Science (C)    <label type="Graduation Year">2005 - 2008</label>    REFERENCES  Available on request.    Copyright information - Please read  \xc2\xa9 This template is the copyright of Dayjob Ltd. Job seekers may download and use this particular example for  their personal use to help them write their own one. You are also most welcome to link to any page on our site  www.dayjob.com. However this template must not be distributed, used for commercial purposes or made  available on other websites without our prior permission. For any questions relating to the use of this template  please email: <label type="Email Address">tOrtiz@wmal.io</label>"
</cv>
