<?xml version="1.0" encoding="UTF-8"?>
<cv>
<label type="Name">Shawana Spinka</label>
<label type="Designation">Application Developer - SAP ABAP</label>

<label type="Location">Kolkata, West Bengal</label> - Email me on Indeed: <label type="Email Address">Tommy82@gmail.com</label>

Willing to relocate to: <label type="Location">Kolkata, West Bengal</label> - <label type="Location">Bangalore City, Karnataka</label> - <label type="Location">NCR, Delhi</label>

WORK EXPERIENCE

<label type="Designation">Application Developer

SAP ABAP</label> -  <label type="Location">Kolkata, West Bengal</label> -

<label type="Years of Experience">March 2011 to April 2018</label>

Joined as <label type="Designation">Associate System Engineer</label>, worked as <label type="Designation">Application Developer</label> for maintenance and
development of <label type="Tech Tools">SAP systems</label> for clients from Distribution, Chemicals and Petrochemicals and
Industrial sectors.

<label type="Designation">Application Developer</label>

<label type="Companies worked at">IBM India Pvt. Ltd.</label> -

<label type="Years of Experience">April 2011 to March 2018</label>

<label type="Job Specific Skills">Application Development and Maintainence</label> services on <label type="Tech Tools">SAP</label> using <label type="Tech Tools">ABAP</label> as programming
language.

<label type="Designation">Application Developer

SAP ABAP</label> -  <label type="Location">Kolkata, West Bengal</label> -

<label type="Years of Experience">June 2017 to November 2017</label>

Non-ALE Outbound File Interfaces for Forward and Reverse Logistics Application from <label type="Tech Tools">SAP</label> to EMM
system Return, Replacement and Dispatched IMEI and SIM Serial Data Interfaces.

<label type="Designation">Application Developer

SAP ABAP</label> -

<label type="Years of Experience">July 2016 to November 2017</label>

<label type="Job Specific Skills">IMSP Applications</label> built on <label type="Tech Tools">OOPS-ABAP</label>, <label type="Tech Tools">BAPI</label>, FM.
Smartform for Credit/Invoice Note

<label type="Designation">Application Developer

SAP ABA</label>P -  <label type="Location">Kolkata, West Bengal</label> -

<label type="Years of Experience">May 2017 to June 2017</label>

https://www.indeed.com/r/shawana-spinka


from Repacking - Batch creation, Create Inbound Delivery, Reprint Handling Unit, Post Goods
Movement, Goods Receipt and Goods Issue.

<label type="Designation">Application Developer

SAP ABAP</label> -  <label type="Location">Kolkata, West Bengal</label> -

<label type="Years of Experience">January 2017 to May 2017</label>

<label type="Job Specific Skills">Audit and Tax applications</label> built on reports and enhancements in <label type="Tech Tools">ABAP</label>, Purchase TAX Reports,
C/F Forms.

<label type="Designation">Application Developer

SAP ABAP</label> -  <label type="Location">Kolkata, West Bengal</label> -

<label type="Years of Experience">July 2013 to July 2016</label>

Upload Purchase Order Header Data.
DIM Monthly Price deviation table.
EHS Module: -
LACK1 report, Where-Used Report and CK2/CK3 Interface

<label type="Designation">Application Developer

SAP ABAP</label> -  <label type="Location">Bengaluru, Karnataka</label> -

<label type="Years of Experience">February 2013 to June 2013</label>

Design and Implement <label type="Job Specific Skills">Technical Strategies </label>for the Team Deliverable along with Leads.

Uploading of Internal Orders (Cost Objects) using <label type="Job Specific Skills">Batch Input Recording</label>.

Uploading of Direct Purchase Orders using <label type="Tech Tools">BAPI</label>.

Implementation of User Exit for overriding standard billing document number ranges.

Implementation of Pricing List Category Quote Order Header in CRM and SD.

Enhancement for Filter products by material type in GTS.

Develop adding custom fields and field logic in CRM WEBUI

<label type="Designation">Application Developer

SAP ABAP</label> -  <label type="Location">Kolkata, West Bengal</label> -

<label type="Years of Experience">January 2013 to February 2013</label>

Developed Outbound Interface Report from <label type="Tech Tools">SAP</label> to <label type="Tech Tools">CLM</label>, spool generation and Enhancement of
Screen Elements using Dynamic Search Help.

<label type="Designation">Application Developer



SAP ABAP</label> -  <label type="Location">Kolkata, West Bengal </label>-

<label type="Years of Experience">January 2012 to December 2012</label>

Worked on Remedy Tickets for issues with following applications: -
Overtime Request on BP People Portal enhancement from Time Attendance domain in HR.
TAX certificate Administration from Payroll.
Worked on Custom Infotype for TAX Form.

<label type="Designation">Application Developer

SAP ABAP</label> -  <label type="Location">Kolkata, West Bengal</label> -

<label type="Years of Experience">August 2011 to December 2011</label>

Enhancement of standard and custom transaction, interfaces and e-forms

EDUCATION

<label type="Degree">B.Tech</label> in <label type="College Name">Technology

Anna University Chennai</label> -  <label type="Location">Chennai, Tamil Nadu</label>

<label type="Graduation Year">2010
</label>
SKILLS

Sap Abap

ADDITIONAL INFORMATION

SKILLS

<label type="Tech Tools">SAP</label> <label type="Tech Tools">ABAP</label>
<label type="Tech Tools">OOPS-ABAP</label>
</cv>
