<?xml version="1.0" encoding="UTF-8"?>
<cv>
"<label type="Name">Kristine Kihn</label>  12B, Violet Apartments  Kingston Avenue, <label type="Location">Phoenix, AZ</label> 85006  123-345-7890  Email: <label type="Email Address">Porfirio.Hauck@baab.io</label>    Career Objective:  Secure the position of a <label type="Designation">digital advertising executive</label> and use my competence in <label type="Job Specific Skills">advertising</label> and  <label type="Job Specific Skills">marketing</label> for helping the organization in meeting their goals and building a strong reputation in the  market.    Key Skills:  Competent in planning strategies and developing objectives  Knowledge of <label type="Job Specific Skills">content development</label> standards and <label type="Job Specific Skills">digital advertising norms</label>  Thorough understanding of the applications of <label type="Tech Tools">PHP</label>, <label type="Tech Tools">JavaScript</label>, <label type="Tech Tools">XHTML</label>, <label type="Tech Tools">Adobe</label>, etc.  Skilled at initiating innovative <label type="Job Specific Skills">brand development</label> ideas and <label type="Job Specific Skills">promotion strategies</label>  Efficient at identifying the nature, reactions and preferences of the customers  Hold up-to-date information on <label type="Job Specific Skills">Search Engine Marketing (SEM)</label>, <label type="Job Specific Skills">Search Engine  Optimization (SEO)</label> , Sponsored Search, Email Advertising, and Social Media Marketing    Educational Qualification:  <label type="Degree">Bachelor's Degree in Advertising and Marketing Management</label>  <label type="College Name">Phoenix University</label>, <label type="Graduation Year">2008</label>    Work Experience:  Designation: <label type="Designation">Digital Advertising Executive</label>  Organization: <label type="Companies worked at">Violet Advertisers</label>, <label type="Location">Phoenix, AZ</label>  Duration: <label type="Years of Experience">May 2010 - till date</label>  Devise <label type="Job Specific Skills">advertising</label> and <label type="Job Specific Skills">marketing strategies</label> as per the product nature and target audience  Issue topic names and product details to copywriters for writing promotional content  Inspect the organization's website and give an overview of its designs and functionality  Suggest ideas to promote the services of e-commerce and online shopping  Establish friendly interaction with customers and receive their feedback  Communicate with market analysts to study the demographics and identify the target  audience    Designation: <label type="Designation">Digital Advertising Assistant</label>  Organization: <label type="Companies worked at">Mayfair Advertisers</label>, <label type="Location">Phoenix, AZ</label>  Duration: <label type="Years of Experience">January 2009 - April 2010</label>  Prepared the different audio and visual materials to promote the organization's goods  Provided the product's pictures and list of features on the Internet for customer's reference  Coordinated with the team of SEOs, writers and designers to generate eye-catching  promotional content  Drafted reports of the stocks that are most viewed and liked by the customers and that sold  in higher quantities  Created interesting promotional content and included animations, audios and articles to  spark readers' interest  Designation: <label type="Designation">Information Developer</label>  Organization: <label type="Companies worked at">Matrix Advertisers</label>, <label type="Location">Phoenix, AZ</label>  Duration: <label type="Years of Experience">December 2007 - December 2008</label>  Developed promotional articles enriched with products' key features based on the  understanding derived from consultation with clients  Coordinated with the graphic designers and animators to make interesting and interactive  presentations  Updated information on the website as per the new products or versions that are introduced  by the organization  Provided answers to customer queries and forwarded their purchase orders    Extracurricular Activities:  Participated and organized fund-raising events for children under 16 in order to help them  choose desired careers. This activity helped me in developing <label type="Soft Skills">leadership</label> skills and  understanding the importance of <label type="Soft Skills">teamwork</label>  Contributed my efforts in spreading awareness of global warming through blogs and  publishing my articles in local newspapers  Active member of City Bikers' Club for seven years    Reference  <label type="Name">Kristine Kihn</label>  <label type="Designation">Chief Advertising Manager</label>  <label type="Companies worked at">Violet Advertisers</label>, <label type="Location">Phoenix, AZ</label>  688 - 754 - 1489  Email: <label type="Email Address">Porfirio.Hauck@baab.io</label>"
</cv>
