<?xml version="1.0" encoding="UTF-8"?>
<cv>
"<label type="Designation">Copy Writer</label> CV Resume Template  <label type="Name">Omar Blossom Jacobson</label>. Heath  East Vill., <label type="Location">New York City</label>  Phone: 123-345-7890  <label type="Email Address">Pacocha.Genaro@gmail.com</label>  Objective  To be the <label type="Designation">lead copywriter</label> in a large advertising or creative agency  Summary of Qualification      <label type="Years of Experience">9 years of experience</label> in the <label type="Job Specific Skills">advertising</label> industry as a veteran copy with an extensive copy writing  portfolio for the <label type="Job Specific Skills">print</label>, <label type="Job Specific Skills">broadcast</label> and <label type="Job Specific Skills">web media</label>.   Samples of portfolio available upon request.   Excellent <label type="Job Specific Skills">management</label>, <label type="Soft Skills">people management</label> and <label type="Soft Skills">interpersonal</label> <label type="Soft Skills">communication</label> skills  Career Experience/Job History  <label type="Years of Experience">2007  Present</label>: <label type="Designation">Associate Print Copywriter</label>, <label type="Companies worked at">Saatchi &amp; Saatchi,</label> <label type="Location">New York City</label>      Create compelling captions to accompany advertising and promotional images for print and the  web.   Compose advertorials in leading trade journals and professional publications on consumer and  industrial products.   Write promotional copy for print, radio, television and the Internet   Write content for press releases, product brochures, advertising and promo campaigns, teasers  in print and broadcast media for new product launches.  <label type="Years of Experience">2001  2007</label>: <label type="Designation">Print and Internet Copywriter</label>, <label type="Companies worked at">Publics Group</label>      Compose advertising one liners, taglines, slogans, catch-phrases and captions for assigned copy  wiring projects,  Education  <label type="Graduation Year">2004  Present</label>: In house training on <label type="Job Specific Skills">print broadcast </label>and <label type="Job Specific Skills">web content copywriting</label> and <label type="Job Specific Skills">high power  editing</label>.  <label type="Graduation Year">2001  2004</label>: In House training on <label type="Job Specific Skills">advertising</label> and <label type="Job Specific Skills">online marketing</label> conducted by <label type="College Name">Young &amp;  Rubicam</label>  <label type="Graduation Year">1997  2001</label>: <label type="Degree">Bachelor of Arts in Journalism</label>, <label type="College Name">University of Idaho</label>  Professional reference will be furnished upon request."
</cv>
