<?xml version="1.0" encoding="UTF-8"?>
<cv>
"CV EXAMPLES    Same information in three different ways    CLEAR    Is it easy to understand?    RELEVANT    With the position/company in mind?    DISTINCT    Do you communicate what is unique for you?    CONSISTENT    CV / Application / History?    <label type="Name">Werner Maryland Purdy</label>   Nydalsveien 37, 0467 <label type="Location">Oslo</label>, +47 46 41 00 12  <label type="Email Address">Carter.Johnathon@has.io</label>  15 april 1990    2013 2015    Centered contact information at the  very top gives you some extra room  further down.    Education:    <label type="Email Address">Carter.Johnathon@has.io</label>  <label type="College Name">BI Norwegian Business school</label> , <label type="Location">Oslo</label>  - Relevant areas of expertise: <label type="Job Specific Skills">Consumer Behaviour</label>, analysis.  - Master Thesis in cooperation with Jotun. Focus on business development through analyses  of market developments in a new segment.  - Winner of BIs case competition \xe2\x80\x9cDoing Business in China\xe2\x80\x9d.    autumn 2014    A font with uppercase can give a  different impression of you    Exchange semester  <label type="College Name">Universit\xc3\xa0 Bocconi</label>, <label type="Location">Milano</label>    Part of the BI Msc programme. Included a course in International Business.  <label type="Years of Experience">2010  2013</label>    <label type="Degree">Bachelor in Business and administration</label>  BI Stavanger  - <label type="Degree">Specialisation in project management</label>. - Bachelor thesis on starting up a new business  concept  focus on process and strategy.    2006  2009    High School (VGS)  The Norwegian college of elite sport (Toppidrettsgymnaset), B\xc3\xa6rum  - Common core, economic and administrative subjects. Specialisation in handball    <label type="Years of Experience">2013  2014</label>    <label type="Designation">Market assistant</label>, part-time    Experience:    <label type="Companies worked at">Laboremus Software Solutions</label>, <label type="Location">Oslo</label>  - Partial responsibility for preparing <label type="Job Specific Skills">market strategy</label> and <label type="Job Specific Skills">profiling</label>.  - Identification of prospects for further consideration.  <label type="Years of Experience">2013</label>-    <label type="Designation">Customer consultant</label>, part-time  <label type="Companies worked at">Peppes pizza</label>, <label type="Location">Nydalen</label>  <label type="Soft Skills">Customer service</label> and <label type="Job Specific Skills">sales</label> over the telephone.    2011 summer    Customer service/advisor, summer.  DNB, Forus    Separating the position and  the company on two lines can  make them stand out more.  Choose the order, but be  consistent.    Referral of customers to investment advisors. Assistance with regular banking services.  2009  2010    Basic training with top-level athletic status at lFK Kjeller, Idrettstroppen    2004  2008    Miscellaneous summer jobs and part-time work  shop/salesman, call centre, waiter/hotel. Experience in customer service and sale processes.  Learned to master stressful situations, and provide professional service.    2013  2013  2014    Member, later vice-chairman of the Information and multimedia group at SBIO, the student  union at BI. Varied IT expertise, Internet and social media experience.  Representative for the Masters class in student congress, the students highest body at BI.    Languages:  IT skills:  Interests:    Good command of English, both spoken and written.  Experienced user of Ms Office, sPss, web publishing.  Travelling, general cultural interest. Former active handball player, first division.    voluntary positions / activities:    miscellaneous:    references  Available on request.    CURRICULUM VITAE  <label type="Name">Werner Maryland Purdy</label>    Nydalsveien 37, 0467 Oslo  +47 46 41 00 12    <label type="Email Address">Carter.Johnathon@has.io</label>  15 april 1990    KEY QUALIFICATIONS:  Marketing management graduate specialized in how market analyses can result in innovative business  development. Passion for customer service and motivated by competitive environments.  EDUCATION:  <label type="Graduation Year">2013 2015</label>  <label type="College Name">BI Norwegian Business School</label> <label type="Location">Oslo</label>    <label type="Degree">Msc in Strategic Marketing Management</label>    Room for adding different kind of  informa tion, for example \xe2\x80\x9csummary  of learning\xe2\x80\x9d in the right column    Autumn  2014  2010  2013    2006  2009    Universit\xc3\xa0 Bocconi  Milano  BI Stavanger, Stavanger    Room for Key Qualifications   important to carefully select what  you write    - Relevant areas of expertise: Consumer Behavior,  analysis.  - Master Thesis in cooperation with Jotun. Focus on  business development through analyses of market  developments in a new segment.  - Winner of BIs case competition \xe2\x80\x9cDoing Business in  China\xe2\x80\x9d.    Exchange student as part of the BI Msc programme.  Included a course in International Business.    Bachelor in Business and Administration    Specialization in project management. Bachelor thesis  on starting up a new business concept  focus on  process and strategy.    The Norwegian college of elite sport  (Toppidrettsgymnaset), B\xc3\xa6rum    Common core, economic and administrative subjects.  Specialization in handball.  sh    Great if you only have short  descriptions.    EMPLOYMENT:  2013  2014  Laboremus Software Solutions, Oslo    Market assistant, part-time  Might give a quick overlook of only  your positions and employers  2013-    2009  2010  2004  2009    Identification of prospects for further consideration.    Peppes pizza, Nydalen    Customer consultant, part-time  2011  summer    Partial responsibility for preparing market strategy  and profiling.    DNB, Forus    Customer service/advisor, summer.  lFK Kjeller    Customer service and sales over the telephone  Referral of customers to investment advisors.  Assistance with regular banking services.    Idrettstroppen    Basic training with top-level athletic status    Miscellaneous summer jobs and parttime work    Shop/salesman, call centre, waiter/hotel. Experience  in customer service and sale processes. Learned to  master stressful situations, and provide professional  service.    VOLUNTARY POSITIONS / ACTIVITIES:  Member, later vice-chairman of the Information and multimedia group at SBIO, the student union  2013  at BI. Varied IT expertise, Internet and social media experience  2013  2014    Representative for the Masters class in student congress, the students highest  body at BI.    MISCELLANEOUS  Languages:  Good command of English, both spoken and written.  IT skills:    Experienced user of Ms Office, sPss, web publishing.    Interests:  References    Travelling, general cultural interest. Former active handball player, first division.  Available on request.    Christian M. Heimdal  Address:  e-mail:  Tel:    Nydalsveien 37, Oslo  cmh@student.bi.no  +47 46 41 00 12    Date of Birth:    15 april 1990    Key Qualifications:    Good quality picture, professional  appearance is vital    Room for key qualifications   important to carefully select  what you write    Marketing management graduate specialized in how market analyses can result in innovative  business development. Passion for customer service and motivated by competitive environments.  Education:  2013 2015    Msc in Strategic Marketing Management, BI Norwegian Business school , Oslo  - Relevant areas of expertise: <label type="Job Specific Skills">Consumer Behaviour</label>, analysis.  - Master Thesis in cooperation with Jotun. Focus on business development through  analyses of market developments in a new segment.  - Winner of BIs case competition \xe2\x80\x9cDoing Business in China\xe2\x80\x9d.    autumn 2014    Universit\xc3\xa0 Bocconi, Milano  -Exchange student as part of the BI Msc programme. Included a course in  International Business.    2010  2013    Bachelor in Business and administration, BI Stavanger  - Specialisation in project management. - Bachelor thesis on starting up a new  business concept  focus on process and strategy.    2006  2009    The Norwegian college of elite sport (Toppidrettsgymnaset), B\xc3\xa6rum  - Common core, economic and administrative subjects. Specialisation in handball.    Experience:  2013  2014    <label type="Designation">Market assistant</label>, part-time, Laboremus Software Solutions, Oslo  - Partial responsibility for preparing market strategy and profiling.  - Identification of prospects for further consideration.    <label type="Years of Experience">2013</label>-    <label type="Designation">Customer consultant</label>, part-time, <label type="Companies worked at">Peppes pizza</label>, <label type="Location">Nydalen</label>  - Customer service and sales over the telephone.    2011 summer Customer service/advisor, summer. DNB, Forus  - Referral of customers to investment advisors. Assistance with regular banking  services.  2009  2010    Basic training with top-level athletic status at lFK Kjeller, Idrettstroppen    2004  2009    Miscellaneous summer jobs and part-time work  shop/salesman, call centre, waiter/hotel. Experience in customer service and sale  processes. Learned to master stressful situations, and provide professional service.    Voluntary positions / activities:  2013  2013  2014    Member, later vice-chairman of the Information and multimedia group at SBIO, the  student union at BI. Varied IT expertise, Internet and social media experience.  Representative for the Masters class in student congress, the students highest body  at BI.    The most effective template - A lot  of information into one page    Miscellaneous  Languages:  IT skills:    Good command of English, both spoken and written.  Experienced user of Ms Office, sPss, web publishing.    Interests:    Travelling, general cultural interest. Former active handball player, first division.    References    Available on request."
</cv>
