<?xml version="1.0" encoding="UTF-8"?>
<cv>
"Curriculum Vitae  <label type="Name">Renay Bailey</label>  HOME ADDRESS  POSTAL ADDRESS  E-MAIL ADDRESS  CONTACT NO.  LINKED-IN PROFILE    :  :  :  :  :    3 Umgazi Street, Gallo Manor, <label type="Location">Sandton</label>, 2191  As Above  <label type="Email Address">zHeller@jg.com</label>  (Cell) 123 345 7890  http://za.linkedin.com/pub/adrian-dubru/22/b77/941    :  :  :  :  :  :  :  :  :  :  :  :  :  :    <label type="Name">Renay Bailey</label>  11 November 1981  811111 5174 085  Male  33  Married  South African  <label type="Soft Skills">English</label>  <label type="Soft Skills">Afrikaans</label>  None  Excellent  Code 08  Yes    Personal Information  \xe2\x99\xa6  \xe2\x99\xa6  \xe2\x99\xa6  \xe2\x99\xa6  \xe2\x99\xa6  \xe2\x99\xa6  \xe2\x99\xa6  \xe2\x99\xa6  \xe2\x99\xa6  \xe2\x99\xa6  \xe2\x99\xa6  \xe2\x99\xa6  \xe2\x99\xa6  \xe2\x99\xa6    SURNAME  FIRST NAME  DATE OF BIRTH  IDENTITY NUMBER  SEX  AGE  MARITAL STATUS  NATIONALITY  HOME LANGUAGE  OTHER  CRIMINAL RECORD  HEALTH  DRIVERS LICENCE  PASSPORT    Education  POSTAGRADUATE  <label type="Degree">Master of Business Administration (MBA)</label>  <label type="College Name">WITS Business School</label>    <label type="Graduation Year">2009 - 2012</label>    UNDERGRADUATE DEGREE  <label type="Degree">BSc - Computer Science &amp; Telecommunications</label>  <label type="College Name">University of Kwa Zulu Natal</label> (Westville Campus)    <label type="Graduation Year">2000  2003</label>    OTHER COURSES  <label type="Degree">Practical Software Testing  Certificate</label>  <label type="Degree">Business Analysis Using UML  Certificate</label>    2006  2006    SECONDARY SCHOOL  \xe2\x99\xa6 Belverton Secondary    1995  1999  Subjects    English  Afrikaans  Mathematics  Physical Science  Biology  Computer Studies    Grade  HG  HG  HG  HG  HG  HG    1    Employment History  1.    NAME OF EMPLOYER  POSITION  PERIOD  RESPONSIBILITIES    :  :  :  :    <label type="Companies worked at">MTN  Enterprise Business</label> <label type="Designation">Marketing  Senior Manager</label>: SME (Small-to-Medium Enterprises)  <label type="Years of Experience">July 2014 to Present</label>  <label type="Job Specific Skills">Segment and Marketing management</label> for the SME  segment.    RESPONSIBILITIES:  \xef\x82\xa7 SME Strategy formulation  \xef\x82\xa7 Development of CVPs (<label type="Job Specific Skills">Client Value Propositions</label>) for the SME segment  \xef\x82\xa7 Responsible for the strategy of the Enterprise Business Units SME digital strategy  \xef\x82\xa7 Leading of the SME digital strategy across MTNs 24 countries.  \xef\x82\xa7 Responsible for the SME value added services platform  \xef\x82\xa7 Management of all SME marketing activities  \xef\x82\xa7 Identification and establishing of key partnerships, introducing new opportunities with revenue  generating capabilities.  \xef\x82\xa7 SME Segment management  \xef\x82\xa7 Responsible for wholesale segment and marketing strategy.    2.    NAME OF EMPLOYER  POSITION  PERIOD  RESPONSIBILITIES    :  :  :  :    <label type="Companies worked at">Nedbank</label>  <label type="Designation">Relationship Banking  Senior Manager</label>: CVP &amp; Innovation (SBS)<label type="Years of Experience">  June 2013 to July 2014</label>  Driving and managing of key innovative project  initiatives for the Relationship Banking area.    RESPONSIBILITIES:  \xef\x82\xa7 Strategy formulation for the SME segment  \xef\x82\xa7 Development of CVPs (<label type="Job Specific Skills">Client Value Propositions</label>) for the small business market.  \xef\x82\xa7 Responsible for key innovation projects within the Small Business Banking area.  \xef\x82\xa7 Development of <label type="Job Specific Skills">Digital strategy</label> for SME clients and execution.  \xef\x82\xa7 <label type="Job Specific Skills">Digital Platform Management</label>  \xef\x82\xa7 Strategy and management of the Online application channel for SMEs.  \xef\x82\xa7 Part of the core team for the re-platforming of Nedbanks digital channel.  \xef\x82\xa7 Vendor due diligence and selection  \xef\x82\xa7 Concept evaluation and Business case development.  \xef\x82\xa7 <label type="Job Specific Skills">Product Development</label>  \xef\x82\xa7 <label type="Job Specific Skills">Project Management</label>  \xef\x82\xa7 <label type="Job Specific Skills">Revenue Enhancement and Optimization</label>  \xef\x82\xa7 <label type="Job Specific Skills">Stakeholder engagement</label> from at executive level, through to management and teams  \xef\x82\xa7 Management of the project teams  \xef\x82\xa7 Management and ownership of the initiative from concept to implementation  \xef\x82\xa7 Marketing    3.    NAME OF EMPLOYER  POSITION  PERIOD  RESPONSIBILITIES    :  :  :  :    <label type="Companies worked at">Nedbank</label>  <label type="Designation">Relationship Banking  Innovation Manager</label>  <label type="Years of Experience">March 2011 to May 2013</label>  Driving and managing of key innovative project  initiatives for the Relationship Banking area.    RESPONSIBILITIES:  \xef\x82\xa7 Relationship Banking is comprised of the Small Businesses and Private Banking divisions.  2    \xef\x82\xa7  \xef\x82\xa7  \xef\x82\xa7  \xef\x82\xa7  \xef\x82\xa7  \xef\x82\xa7  \xef\x82\xa7  \xef\x82\xa7    4.    Involved in <label type="Job Specific Skills">Strategy formulation </label> Responsible for the ownership of key innovation projects within the Relationship Banking area.  Concept evaluation and <label type="Job Specific Skills">Business case development</label>  <label type="Job Specific Skills">Stakeholder engagement</label> from an executive level, through to management and teams.  Management of the allocated project team.  Management and ownership of the initiative from concept to implementation.  Responsible for the development and management of www.Simplybiz.co.za  Talks at Nedbank Business Seminar: http://www.youtube.com/watch?v=WMCEN-pfTDA    NAME OF EMPLOYER  POSITION  PERIOD  RESPONSIBILITIES    :  :  :  :    <label type="Companies worked at">Nedbank</label> - Transactional Products  <label type="Designation">Senior Business Analyst</label>  <label type="Years of Experience">November 2007 to February 2011</label>  Acting Implementation Manager  Extraction of <label type="Job Specific Skills">Business Requirements</label>,  Design of High Level (to-be) Solutions  <label type="Job Specific Skills">Project Management</label> from idea to implementation,    RESPONSIBILITIES:  \xef\x82\xa7 Designed the Nedbank Bank Fees Calculator, which created immense value to customers looking for  detailed exposure on banking products. See link below to calculator:  http://www.nedbank.co.za/website/content/bfc/index.asp  \xef\x82\xa7 Involved in the end-to-end analysis of the Annual Pricing Review for the periods 2008, 2009 and 2010.  Optimized the analysis process to shorten the project timelines from 9months down to 5months.  Involved in the business case, requirements specification as well as the testing.  \xef\x82\xa7 Launched various new and innovative products in the transactional area such as Savvy, Transactor  Plus and staff products.  \xef\x82\xa7 Delivered the eNote service to Nedbank that enabled customers to receive transactional alerts in close  to real time.  \xef\x82\xa7 Analysis in Revenue enhancement projects that enabled the bank to increase their revenue through  optimizing their current processes.  \xef\x82\xa7 Analysis and requirements for the new Nedbank branch front-end, Siyakha.  5.    NAME OF EMPLOYER  POSITION HELD  PERIOD  RESPONSIBILITIES    :  :  :  :    <label type="Companies worked at">Standard Bank</label>  <label type="Designation">Solutions Design  Business Analyst </label> <label type="Years of Experience">May 2007 to October 2007</label> (6months)  <label type="Job Specific Skills">Extraction of Requirements</label>,  <label type="Job Specific Skills">Analysis of Business Processes</label>,  <label type="Job Specific Skills">Design of Business Process Flows</label>,  <label type="Job Specific Skills">Creation of Specifications</label>    RESPONSIBILITIES:  \xef\x82\xa7 Involved in the requirements for Phase 2 of GTX, new multi-million rand Call Centre management  software.  \xef\x82\xa7 Analysis of the disaster recovery process and design of a new and optimized process.  \xef\x82\xa7 Analysis of the current call centre operations and optimizing of the processes in order to reduce call  times.  6.    NAME OF EMPLOYER  POSITION HELD  PERIOD  RESPONSIBILITIES    :  :  :  :    <label type="Companies worked at">Standard Bank</label>  Test Services  <label type="Designation">Test Analyst</label>/<label type="Designation">Test Manager</label>  <label type="Years of Experience">October 2006 to April 2007</label> (7months)  <label type="Job Specific Skills">Extraction of Requirements</label>,  Construction of <label type="Job Specific Skills">Test Cases</label>  <label type="Job Specific Skills">Test Management</label>    RESPONSIBILITIES:  3    \xef\x82\xa7    7.    Involved in the end-to-end testing, test analysis and test management of GTX, the call centre  management software. This multi million rand initiative was delivered with much success with  reduced call times and a friendlier user interface.    NAME OF EMPLOYER  POSITION HELD  PERIOD  RESPONSIBILITIES    :  :  :  :    <label type="Companies worked at">Focus Solutions</label>  <label type="Designation">Business Analyst</label>  <label type="Years of Experience">April 2005 to September 2006</label> (1year 6months)  <label type="Job Specific Skills">Software Testing</label> (<label type="Job Specific Skills">User Assurance Testing</label>),  Testpacks  Identification of business specifications,  <label type="Job Specific Skills">Design of Business Processes</label>,  <label type="Job Specific Skills">Documentation</label> (<label type="Job Specific Skills">User Manuals</label>, <label type="Job Specific Skills">Testing documentation</label>),  <label type="Job Specific Skills">Project Management</label>    RESPONSIBILITIES:  \xef\x82\xa7 Delivery of requirements and specifications for OCR (Optical character recognition) and ICR  (Intelligent character recognition) solutions for various industries.  \xef\x82\xa7 Developed a new and unique security system that saw a reduction in the packaging inconsistencies at  a major cosmetic distributor.    8.    NAME OF EMPLOYER  POSITION HELD    :  :    PERIOD  PERSAL NO.    :  :    <label type="Companies worked at">Nilgiri Secondary</label> School  <label type="Designation">Maths &amp; Science Educator </label> (Grade 8 and 9)  <label type="Years of Experience">January 2004 to January 2005</label> (13months)  62493167    RESPONSIBILITIES:  \xef\x82\xa7 Student pass rate in Mathematics increased by 30% from the previous year.  \xef\x82\xa7 Allocated students performance well above the average for the school.    General  Extramural activities, Interests &amp; Hobbies  \xe2\x99\xa6 Playing various sports : Tennis, Soccer, Cricket, Table Tennis, \xe2\x80\xa6..Just about anything.  \xe2\x99\xa6 Surfing the net,  \xe2\x99\xa6 Listening to Music  \xe2\x99\xa6 Reading  Achievements  \xe2\x99\xa6 Volunteer at the \xe2\x80\x98Haven of Rest (Charitable Organization)  \xe2\x99\xa6 Appointed Prefect at Primary school.  \xe2\x99\xa6 Appointed Prefect at Secondary school.  \xe2\x99\xa6 Captain of school cricket, volleyball and tennis teams.    References  <label type="Designation">Ex Managing Executive</label>: Retail Relationship Banking (<label type="Companies worked at">Nedbank</label>)  Mr <label type="Name">Renay Bailey</label>  Cell: 123 345 7890  Head: CVP, Product Development &amp; Innovation (<label type="Companies worked at">Nedbank</label>)  Mrs <label type="Name">Renay Bailey</label>  Cell: 123 345 7890  4    Ex <label type="Designation">Head: Strategy, Marketing &amp; Communications </label>(<label type="Companies worked at">Nedbank</label>)  Mr <label type="Name">Renay Bailey</label>  Cell: 123 345 7890  <label type="Designation">Portfolio Manager</label> (<label type="Companies worked at">Nedbank</label>) - Mrs. <label type="Designation">Christel Roux</label>  Cell: 123 345 7890  <label type="Designation">Business Analyst Specialist</label> (<label type="Companies worked at">Standard Bank</label>) - Mr. <label type="Name">Renay Bailey</label>  Cell: 123 345 7890  Test Manager (Standard Bank) - Mrs. Santa Uys  Cell: 123 345 7890  Project Manager (Focus Solutions) - Mr. Malcolm Meintjies  Cell: 123 345 7890  Head of Dept  Nilgiri Secondary School - Mrs. M. Thulwanth  Cell: 123 345 7890  NB. The following documentation will be available on request:  \xef\x83\x98 Course Certificates  \xef\x83\x98 Credit Certificate/ Academic Record  \xef\x83\x98 Matric Certificate  \xef\x83\x98 High School Testimonial    5"
</cv>
