<?xml version="1.0" encoding="UTF-8"?>
<cv>
"<label type="Degree">BS in Digital Cinema</label> Resume Example  Student Seeking Internship    <label type="Name">Clair Ratke</label>  <label type="Email Address">Drucilla.Gislason@fkak.name</label>  (123)345-7890  Objective  To obtain an internship in the film industry with opportunities to increase my knowledge and  experience in <label type="Job Specific Skills">production</label> and <label type="Job Specific Skills">post-production </label>while providing value to the company leveraging my  <label type="Job Specific Skills">digital cinema</label> education and technical skills.  Education  <label type="College Name">DePaul University</label>, <label type="Location">Chicago, IL</label>  <label type="Degree">Bachelor of Arts in Digital Cinema</label>  G.P.A. 3.0/4.0    <label type="Graduation Year">June 2015</label>    Technical Skills   Strong skills in <label type="Job Specific Skills">video and audio editing</label> programs- <label type="Tech Tools">Final Cut Pro</label> and <label type="Tech Tools">Pro Tools</label>.   Experience with <label type="Tech Tools">Adobe Suite</label> including <label type="Tech Tools">Photoshop</label>, <label type="Tech Tools">After Effects</label>, and <label type="Tech Tools">Premier</label>.   Highly knowledgeable of <label type="Tech Tools">Microsoft Word</label>, <label type="Tech Tools">Excel</label>, <label type="Tech Tools">PowerPoint</label>, and <label type="Tech Tools">Access</label>.  Relevant Courswork  June 2014-Aug 2014  Grip/Production Crew Member  Project Bluelight, Chicago, IL    Assisted with gathering and delivering of props and equiptment to studio for filming.    Set-up and tear down sets and cameras.    Worked with team of 20 DePaul students on a short written and directed by DePaul faculty  member.  Production Experience  <label type="Years of Experience">2013-Present</label>  Experience working as a <label type="Designation">camera operator</label>, <label type="Designation">production crew member</label>, and <label type="Designation">editor</label> on several  student films:  <label type="Designation">Camera Operator</label>/<label type="Designation">Production Crew Member </label> \xe2\x80\x9cBreathless\xe2\x80\x9d- short film  \xe2\x80\x9cTake it Outside\xe2\x80\x9d- short film  \xe2\x80\x9cBefore the New Dawn Breaks\xe2\x80\x9d- short film  <label type="Designation">Editor</label>  \xe2\x80\x9c13 Lights\xe2\x80\x9d- short film  \xe2\x80\x9cKey Card\xe2\x80\x9d- short film  <label type="College Name">DePaul University</label>, <label type="Companies worked at">Office of Admissions</label>, <label type="Location">Chicago, IL</label>  <label type="Years of Experience">Jan 2013- Dec 2013</label>  <label type="Designation">Technology Support Assistant</label>  \xe2\x80\xa2 Supported technology hardware and software for classrooms and computer labs.  \xe2\x80\xa2 Performed troubleshooting for computers, printers, and other A/V equipment.  Activities   DePaul Hockey Club- Vice President    2014-Present    <label type="Degree">MS in Digital Cinema</label> Resume Example  Student Seeking Full-Time Position    <label type="Name">Clair Ratke</label>  <label type="Location">Chicago, IL</label>  123-345-7890  <label type="Email Address">Drucilla.Gislason@fkak.name</label>  www.JustinEKire.com  Work Experience  <label type="Companies worked at">CME Group</label>-<label type="Location">Chicago, IL</label>- <label type="Years of Experience">Jan 2010-Sept 2013</label>  <label type="Designation">Production Specialist</label>   Record and edit multiple commentary videos for website platforms to view (CME Group,  YouTube, Reuters, YouKu) roughly conducting around 80-100 live and taped hits per day in a  twelve hour time frame and ensuring smooth work flow.   Assisted as a <label type="Designation">camera operator</label> on the <label type="Tech Tools">Canon EOS 5D Mark II</label> camera during a two camera  production shoot.   Collaborated with the <label type="Job Specific Skills">corporate communications</label> department during productions to help  achieve the best questions for interviewees and to gain the most valuable content for video.   Conduct webcast seminars and simulcast live recordings.  Internship Experience  <label type="Designation">NBC Universal</label>, <label type="Location">Chicago, IL</label> - <label type="Years of Experience">June 2008- Sept 2008</label>   <label type="Designation">Intern</label> for the Jerry Springer &amp; Steve Wilkos Shows.   Assigned to create weekly episodes per week with the associate producer, and coordinated  travel arrangements for our guests.  <label type="Companies worked at">Time Warner Cable</label>, <label type="Location">Overland Park, KS</label>  <label type="Years of Experience">June 2007 -Aug 2007</label>   Assisted PAs, Producers, Production Manager, and Show Runner on production days.   Created :15-:30 second promotional videos for the channel to advertise on cable TV.   Helped <label type="Job Specific Skills">produce</label>, <label type="Job Specific Skills">shoot</label>, and <label type="Job Specific Skills">edit</label> short TV episodes.   Helped with live coverage of local and professional sporting events.  Technical Skills  <label type="Tech Tools">Final Cut Studio</label>  <label type="Tech Tools">Photoshop</label>  Video Production  Promotions    <label type="Tech Tools">Avid Media Composer</label>  <label type="Tech Tools">Pro Tools</label>  <label type="Tech Tools">Adobe Premiere</label>  <label type="Tech Tools">AfterEffects</label>  <label type="Tech Tools">MS Office</label>  Studio &amp; Remote DV &amp; <label type="Tech Tools">DSLR Cameras</label>  <label type="Job Specific Skills">Motion Graphics</label>  <label type="Job Specific Skills">Video Editing</label> <label type="Job Specific Skills">Digital Photography</label>  <label type="Job Specific Skills">Graphic Design</label>    Education  <label type="College Name">DePaul University</label>, <label type="Location">Chicago, IL</label>- Expected <label type="Graduation Year">June 2015 </label> <label type="Degree">Masters of Science, Cinema Production</label>  <label type="College Name">University of Illinois</label>, Champaign-<label type="Location">Urbana, IL</label> - <label type="Graduation Year">2008</label>  <label type="Degree">Bachelor of Science in Media &amp; Cinema Studies</label>"
</cv>
