<?xml version="1.0" encoding="UTF-8"?>
<cv>
"<label type="Name">Dibbert</label>.V    4/105,muthamizh nagar,  <label type="Location">Kodungaiyur,  Chennai</label> - 600121  Mobile: 1232456789  Email: <label type="Email Address">Watsica.Corrie@hotmail.com</label>    OBJECTIVE  Looking for a challenging career which demands the best of my professional ability in terms of  <label type="Soft Skills">technical</label> and <label type="Soft Skills">analytical</label> skills, and helps me in broadening and enhancing my current skill and  knowledge.    EDUCATIONAL QUALIFICATIONS  <label type="Degree">B.E</label> <label type="College Name">Anna University</label>, <label type="Location">Chennai</label> (<label type="Graduation Year">2008-2012</label>)  Dept of Electronics &amp; Communication Engineering.    6.51  (CGPA Till 8th Sem)    <label type="College Name">T.J Institute of technology</label>, <label type="Location">Chennai</label>.  HSC Tamil Nadu State Board (2007-2008)    79.5%    Velankanni Matriculation Higher Secondary School, <label type="Location">Chennai</label>.  SSLC Matriculation Examination, <label type="Location">Tamil Nadu</label> (2005-2006)    88.3%    Velankanni Matriculation Higher Secondary School, <label type="Location">Chennai</label>.    TECHNICAL SKILLS      <label type="Degree">Diploma in Computer Applications</label>    AREA OF INTEREST        <label type="Soft Skills">Designing and Developing  Networking</label>    TRAININGS  \xe2\x97\x8f    Undergone In-Plant Training in <label type="Tech Tools">Accel IT</label>.    \xe2\x97\x8f    Undergone In-Plant Training in <label type="Tech Tools">Polimer TV</label>.    \xe2\x97\x8f    Went industrial visit to BHARAT SANCHAR NIGAM LIMITED, Meenambakkam.    PROJECT DETAILS  DESIGN AND IMPLEMENTATION OF COLLEGE MANAGEMENT SYSTEM  DESCRIPTION  The application of RFID Matrix card system as a boarding college students  monitoring system were proposed to improve school management system and to monitor interest  group movement. An individual without RFID card will trigger the alarm and this will inform  college management about the availability of using an online monitoring system. When RFID tag  pass through the RFID reader in read range zone, system recorded data from the RFID tag to the data  base. Then the particular students attendance information is sent to his parents mobile dynamically  by using SMS module.    EXTRA CURRICULAR ACTIVITIES  \xe2\x97\x8f WINNER in SHUTTLE and THROW BALL under super senior in the annual sports  meet BLAZE-2007.  \xe2\x97\x8f WINNER in CARRAM contest in the junior division .  \xe2\x97\x8f Participated in National level Technical symposiums conducted by various colleges in  <label type="Location">Tamil Nadu</label>.  \xe2\x97\x8f Participated in NATIONAL LEVEL TALENT EXAM contest.  PERSONAL DETAILS  Fathers Name  Mothers Name  Date of Birth  Languages known  Hobbies    :  :  :  :  :    Mr.M.Narayanan  Mrs.K.Chitra  30.08.1990  <label type="Soft Skills">English</label>, <label type="Soft Skills">Tamil</label>.  Hearing songs, Playing with pet Animals, Fond of watching  Cricket.    I hereby declare that all the above said facts are true to my knowledge.    Date:  Place: <label type="Location">Chennai</label>    (<label type="Name">Dibbert</label>)"
</cv>
