<?xml version="1.0" encoding="UTF-8"?>
<cv>
"Sample Resume for Engineering Students (jr/sr level)    Contact Info: This should ALWAYS include your name, address,  phone number and email. Your voicemail and email address  should be professional.    <label type="Designation">Gregory T. Jones</label>  1234 Oak Avenue  <label type="Location">Bowling Green, Kentucky</label> 42101  (123)345-7890  <label type="Email Address">Whitney.Schmeler@hotmail.com</label>    OBJECTIVE:    Objective: Your objective should be tailored to the specific job  and/or facility for which you are applying.    To obtain an entry-level position as a <label type="Designation">Mechanical Engineer</label> with ABC Technologies, allowing  me to utilize my education and internship experience while gaining valuable work  experience in a team oriented environment.    EDUCATION: <label type="College Name">Western Kentucky University</label>  <label type="Location">Bowling Green, Kentucky</label>    Anticipated <label type="Graduation Year">May 2012</label>    <label type="Degree">Bachelor of Science in Mechanical Engineering</label>, Minor: <label type="Soft Skills">Mathematics</label>  GPA: 3.2    SKILLS &amp; QUALIFICATIONS:          Skilled in <label type="Tech Tools">Solid Works</label>, <label type="Tech Tools">Math CAD</label>, <label type="Tech Tools">Matlab</label>, <label type="Tech Tools">MS Office</label>, <label type="Job Specific Skills">PLC programming</label> and machining  Knowledgeable in <label type="Job Specific Skills">Mechanical Engineering</label> Sciences: <label type="Job Specific Skills">Fluid Mechanics</label>, <label type="Job Specific Skills">Strength of Materials</label>,  <label type="Job Specific Skills">Dynamic Systems Analysis</label>, <label type="Job Specific Skills">Vibratory Motion</label>, <label type="Job Specific Skills">Thermodynamics</label> and Heat Transfer  Fast learner and independent with strong <label type="Soft Skills">leadership</label> and <label type="Soft Skills">critical thinking</label> skills    RELEVANT EXPERIENCE:  <label type="Companies worked at">Lord Corporation</label><label type="Location">  Bowling Green, Kentucky</label>  <label type="Designation">Intern</label>            <label type="Years of Experience">Summer 2011 </label>   Created manufacturing standards that were adopted throughout the production facility  Aided in facility energy analysis  Designed fixtures to improve rubber flash material  Teamed with engineering department to test design of materials; documented findings    <label type="Companies worked at">Bowling Green Motorsports</label>  <label type="Location">Bowling Green, Kentucky</label>  <label type="Designation">Team Leader</label>/<label type="Designation">Laborer</label>          <label type="Years of Experience">April 2009-June 2011</label>    Provided <label type="Job Specific Skills">maintenance</label> and preparation of all racecars  Served as tire specialist and recorded all scale data  Worked in a team of 10+ crew members to prepare sheet metal work on all racecars and overall  upkeep of all radios used by each team member    ADDITIONAL EXPERIENCE:  <label type="Companies worked at">ABC Hardware</label>  <label type="Location">Bowling Green, Kentucky</label>    <label type="Designation">Customer Service Associate</label>    PROFESSIONAL MEMBERSHIPS:        American Society of Mechanical Engineers (ASME), 2009-Present  Society of Automotive Engineers (SAE), 2010-Present  References Available Upon Request    Resume Guidelines    May 2007-April 2009    Education: Keep this section as standard as possible and leave  off all high school information. Include: name of degree,  anticipated date of graduation, name of institution, city/state,  and GPA if at least a 3.0.  Skills &amp; Qualifications: Consider the skills, strengths,  knowledge and competencies you possess as it directly relates  to the position. You may also want to use an existing job  description to help you brainstorm for this section.  Relevant Experience: If you have relevant experience, this is  one of the most important parts of your resume. Bullets are  preferred over heavily worded paragraphs. Three to five  bullets per job is considered the norm. Begin each bullet with  an action verb. List in reverse chronological order (starting  with your current job and working back).    Additional Experience: Use this section to discuss additional  work experience and to show some of your work history. Try  to touch on transferrable skills that would also be beneficial in  the job you are seeking.    Memberships: Include organization name and dates of  membership.  References: Provide only if requested. For now, saying  \xe2\x80\x98available upon request is appropriate.  Quick Tips: Be sure to proofread, checking for spelling or  grammatical errors, formatting, consistency, neatness and  flow. Avoid using templates and update your resume  regularly. Also, remember to tailor your resume to the  position for which you apply."
</cv>
