<?xml version="1.0" encoding="UTF-8"?>
<cv>
<label type="Name">Chung Dickinson</label>
- Email me on Indeed: <label type="Email Address">Bernetta32@bj.info</label>

WORK EXPERIENCE

<label type="Companies worked at">Sasken Technologies Pvt. Ltd</label> -  <label type="Location">Pune, Maharashtra</label> -

<label type="Years of Experience">January 2017 to Present</label>

<label type="Companies worked at">ORACLE</label> -

<label type="Years of Experience">January 2011 to Present</label>

STP is basically a router that realys ss7 messages through various signally points. In project all
STPs were replaced by ORACLE STP due to its advanced features, high end support, flexibility.
The STP is connected to adjacent SEPs and STPs via signaling links. Based on the address fields
of the SS7 messages, the STP routes the messages to the appropriate outgoing signaling link.

Client: ORACLE
Team Size: 4
Role: <label type="Job Specific Skills">fetching data</label>, <label type="Soft Skills">analyzing</label>, monitoring, <label type="Job Specific Skills">troubleshooting</label>
Technologies: <label type="Tech Tools">filezilla</label>, <label type="Tech Tools">putty</label>
Major Development
➢ Currently working on External Browser Integration for the Payment Gateway
➢ Multiple Shipping methods Inside Order Invoice

<label type="Companies worked at">ORACLE</label> -  <label type="Location">Gurgaon, Haryana</label> -

<label type="Years of Experience">October 2016 to January 2017</label>

Karizma <label type="Designation">Order Manager</label> &amp; Karizma Order System

<label type="Companies worked at">ORACLE</label> -

<label type="Years of Experience">March 2011 to October 2011</label>

Stamp Duty means a tax payable on certain legal documents specified by statute; the duty may
be fixed or ad valorem meaning that the tax paid as a stamp duty may be a fixed amount or
an amount which varies based on the value of the products, services or property on which it is
levied. It is basically a kind of tax paid on any transaction based on exchange of documents or
execution of instruments.

Client: Max Life Insurance
Team Size: 4
Role: <label type="Designation">Business Analyst</label>, <label type="Job Specific Skills">Testing</label> and <label type="Job Specific Skills">Bug Fixing</label>.
Technologies: Group Asia
Major Development
➢ Reading of the new requirements and have a thorough knowledge regarding the functionality
and generating test case regarding it.

https://www.indeed.com/r/chung-dickinson


PMJJ BY: PMJJBY (Pradhan Mantri Jeevan Jyoti Bima Yojana) is a one year Life insurance scheme,
auto renewed every year, offering coverage for death due to any reason. The PMJJBY scheme is
available to anyone between 18 and 50 years of age and with a CSB Savings bank account. The
main administrator within the scheme could be life insurance corporation in addition to hardly
any other insurance providers who will be able to give similar benefits under the scheme
Team Size: 4
Role: <label type="Designation">business analyst</label>, <label type="Job Specific Skills">testing</label>
Technologies: group asia

EDUCATION

<label type="Job Specific Skills">Client-Server Architecture

CDAC</label> -  <label type="Location">Mohali</label>, <label type="Location">Punjab
</label>
<label type="Graduation Year">January 2017 to Present</label>

<label type="Degree">Bachelor of Engineering</label> in <label type="College Name">Engineering

Punjab Technical University (PTU)</label> <label type="Location">Jalhandar
</label>
2012 to <label type="Graduation Year">2016
</label>
<label type="Degree">B.E</label>

<label type="College Name">Punjab Technical University</label>

2012 to <label type="Graduation Year">2016
</label>
Android

CDAC Mohali -  <label type="Location">Mohali</label>, <label type="Location">Punjab
</label>
SKILLS

<label type="Job Specific Skills">CHANGE MANAGEMENT</label> (Less than 1 year), <label type="Job Specific Skills">Configuration Management</label> (Less than 1 year), <label type="Tech Tools">Git</label>
(Less than 1 year), <label type="Job Specific Skills">Incident Management</label> (Less than 1 year), <label type="Tech Tools">Linux</label> (Less than 1 year)

ADDITIONAL INFORMATION

Operating Systems <label type="Tech Tools">Windows 7</label>, <label type="Tech Tools">ubuntu Linux</label>
<label type="Job Specific Skills">Configuration Management</label> <label type="Tech Tools">Git</label>, svn
Incident Management IBM i series 400

Domain insurance

Platform - Windows

Framework-Group Asia

Domian Telecom



Domain telecom

Platform-<label type="Tech Tools">windows</label>

Framework-<label type="Tech Tools">filezilla</label>, <label type="Tech Tools">putty</label>
</cv>
