<?xml version="1.0" encoding="UTF-8"?>
<cv>
"<label type="Name">Jacinto Kasandra Erdman</label>  W. Clybourn St., <label type="Location">Milwaukee, Wisconsin</label>  Phone: 123-345-7890  <label type="Email Address">wDach@gmail.com</label>  Objective  To be part of a team of <label type="Designation">Alternative Fuels Vehicle Technician</label> in an automotive aftermarket  modification center  Summary of Qualification      <label type="Years of Experience">5 years of experience</label> as an <label type="Designation">Alternative Fuels Vehicle Technician</label> specializing in exotic Italian  sport cards.        Excellent <label type="Job Specific Skills">auto mechanic</label> background to disassemble engine and gear train for specializing in US  made cars    Career Experience/Job History  <label type="Years of Experience">2005  Present</label>: <label type="Designation">Alternative Fuels Vehicle Technician</label>, <label type="Companies worked at">Santa Monica Garage Service Center</label>      Review and study mechanical and electrical blueprint and engine schematics of a car to be  retrofitted to develop a suitable action plan in implement <label type="Job Specific Skills">alternative fuel systems</label>        Check if the alternative fueling can be done or if the car is large enough to accommodate the  additional parts in the modification as not all cars can be ready to accept them.        Discuss with client the options and cost implications and savings and ensure their approval  before proceeding with any engine or fueling system modification.        <label type="Job Specific Skills">Test drive</label> repaired vehicles for proper handling and fine tuning.    Education  <label type="Graduation Year">2005  Present</label>: In house training and seminar on <label type="Job Specific Skills">alternative non-gasoline of mixes</label>  <label type="Graduation Year">2003  2005</label>: Progressive certification to attain <label type="Degree">National Certificate in Motor Industry</label>  <label type="Graduation Year">2000  2003</label>: <label type="Designation">Associate in Automotive Technology</label>, <label type="College Name">Universal Technical Institute</label>"
</cv>
