<?xml version="1.0" encoding="UTF-8"?>
<cv>
"<label type="Name">Edmund Israel Stehr</label>  Decker St., <label type="Companies worked at">Detroit, Michigan</label>  Phone: 123-345-7890  <label type="Email Address">QProsacco@wlac.info</label>  Objective  Looking for a position as a <label type="Designation">lead automotive service technician</label> in a large automotive service  center  Summary of Qualification      <label type="Years of Experience">9 years of experience</label> as an <label type="Designation">automotive service technician</label> in an exotic <label type="Job Specific Skills">European  automotive</label> shop.    Career Experience/Job History  <label type="Years of Experience">2001  Present</label>: <label type="Designation">Automotive Service Technician</label>, <label type="Companies worked at">Lamborghini Diagnostic Center</label>      Gather customer complaint and verify with proper inspection and initial diagnostic test on  a Lamborghini sports car for free        <label type="Soft Skills">Communicate</label> clearly to the client about the diagnosed problems and the adjustments or  repair work to restore it        Complete job order and update with information on parts replaced to endure proper  billing.        Perform <label type="Job Specific Skills">tune up procedures</label> on cars brought in for regular checks        <label type="Job Specific Skills">Adjust, test and repair engines</label>, <label type="Job Specific Skills">steering systems</label>, <label type="Job Specific Skills">braking systems</label>, <label type="Job Specific Skills">drive trains</label>, <label type="Job Specific Skills">vehicle  suspensions</label>, <label type="Job Specific Skills">electrical systems</label>, <label type="Job Specific Skills">wheel re-alignment</label> and <label type="Job Specific Skills">air-conditioning systems</label>.        Advise customers on work performed, total bill and schedule for pick up    Education  <label type="Years of Experience">2001  Present</label>: Various In-house trainings and 3rd party seminars on <label type="Job Specific Skills">Lamborghini  mechanical and electrical systems</label>, <label type="Job Specific Skills">engine systems</label>  <label type="Degree">1998  2001</label>: <label type="Designation">Associate in Automotive Technology</label>, <label type="College Name">West Michigan Institute of Technology</label>"
</cv>
