<?xml version="1.0" encoding="UTF-8"?>
<cv>
"<label type="Name">Laticia Mante</label>  7923 Bohning \xe2\x97\x8f <label type="Location">Houston, TX</label> 77005  Tel: (123)345-7890 \xe2\x97\x8f <label type="Email Address">Daysi.Kertzmann@gmail.com</label>    <label type="Soft Skills">Training</label> &amp; Development  <label type="Designation">Profit Manager</label>\xe2\x80\xa2 <label type="Job Specific Skills">Personnel Management</label>  <label type="Job Specific Skills">Project Management</label> \xe2\x80\xa2 <label type="Job Specific Skills">Sales</label> &amp;<label type="Job Specific Skills"> Customer Service</label> \xe2\x80\xa2 <label type="Job Specific Skills">Business Process</label>  <label type="Soft Skills">Results oriented</label> professional trainer and marketing consultant seeking a challenging <label type="Soft Skills">leadership</label> role that fully  utilizes my creativity, strong <label type="Soft Skills">analytical</label> ability, <label type="Soft Skills">presentation</label> skills and expertise in providing <label type="Job Specific Skills">strategic marketing</label>  insight, direction and process training development for the <label type="Job Specific Skills">automotive industry</label>. Skilled at <label type="Soft Skills">communicating</label> &amp;  <label type="Soft Skills">motivating</label> team members to enhance strategic goals and bottom line objectives.    Core Professional Strengths  <label type="Soft Skills">Accomplished Speaker</label>/<label type="Soft Skills">Trainer</label>  <label type="Soft Skills">Employee Leadership &amp; Training </label> <label type="Soft Skills">Training Material Development</label>    Automotive Technical Skills  <label type="Job Specific Skills">Efficiency Improvements</label>  <label type="Soft Skills">Problem Solving</label> Ability    <label type="Job Specific Skills">Direct Marketing</label> / <label type="Job Specific Skills">E-commerce</label>  <label type="Soft Skills">Persuasive</label> ability to build rapport  <label type="Job Specific Skills">Customer Retention</label> &amp; Strategies    Highlights of Employment<label type="Companies worked at">  STRATEGIC MARKETING, INC</label>,  <label type="Years of Experience">1998 to 2008</label>  <label type="Designation">Senior Training &amp; Consulting Manager</label>, <label type="Years of Experience">2004 to 2008</label>  Responsible for developing <label type="Job Specific Skills">Automotive CRM</label> business, strategy, and defining product value proposition with  company offerings. Worked with operations, finance, IT and field sales to ensure quality product implementation  and support for achieving product-line P&amp;L goals.  \xef\x83\x98 Provides on-site consultation focused on customer retention, productivity, parts profitability, and CSI  improvement for dealerships with sales &amp; fixed operation concerns.  \xef\x83\x98 Monitors success changes through establishment of project metrics during follow-up consultations.  Resulting in increase of customer service index (CSI) and profitability/sales margins.  \xef\x83\x98 Performed business case analysis for auto dealers  Significant Accomplishments:  \xef\x83\x98 Developed training material and provided on-site train-the-trainer sessions for Independent Retention  Program &amp; Independent Appointment Program to be rolled out to 1800 dealers.  \xef\x83\x98 Meeting facilitator, conducting dealer launch meetings in 52 markets nationally. Conducted training in  several hundred dealerships in their largest 52 markets.  <label type="Designation">Product Manager</label> (<label type="Location">Houston, TX</label>) , <label type="Years of Experience">2001 to 2004</label>  Responsible for development and growth of 5 separate web-based OEM branded direct mail marketing products  utilized by more than 1800 dealerships.  \xef\x83\x98 Successfully completed with major improvements of technical application resulting in over 100% growth  in dealership subscriptions and over 100% increase in product revenue &amp; fulfillment within first year.  Continued\xe2\x80\xa6    <label type="Name">Laticia Mante</label>  Tel: (123)345-7890 \xe2\x97\x8f <label type="Email Address">Daysi.Kertzmann@gmail.com</label> <label type="Designation">Director of Field Operations</label> / <label type="Designation">Fix Operations Specialist</label> (<label type="Location">Houston, TX)</label>, <label type="Years of Experience">2000 to 2001</label>    Responsible for on-site coordination of fixed operation, daily operations, and growth.  \xef\x83\x98 Responsible for 40% yearly average increase over prior year Parts &amp; Service growth while acting as Parts  &amp; Service Director for three dealerships Texas, Oklahoma, and Arkansas.  <label type="Designation">Senior Consultant</label> (<label type="Location">Houston, TX</label>), <label type="Years of Experience">1998 to 2000</label>  \xef\x83\x98 Creatively designed and wrote Chryslers Preventative Care Maintenance Program striving to increase  dealership maintenance sales and Chryslers tire program.  <label type="Companies worked at">CHRYSLER CUSTOMER SERVICE DIVISION</label>, <label type="Location">Detroit, MI</label>  <label type="Years of Experience">1981 to 1998 </label> <label type="Designation">Dealer Operations Manager</label>, <label type="Years of Experience">1996 to 1997</label>  \xef\x83\x98 Responsible for the development and implementation of strategies and tactics to support the dealership(s)  ability to achieve Mopar Parts sales and revenue goals  Other positions held at Chrysler:  <label type="Designation">Market Area Specialist</label>, <label type="Years of Experience">1996 to 1998</label>  <label type="Designation">Service Zone Manager</label>, <label type="Years of Experience">1995 to 1996</label>  <label type="Designation">International Business Planning</label>, <label type="Years of Experience">1993 to 1995</label>  <label type="Designation">Business Analyst</label> Special Projects, <label type="Years of Experience">1987 to 1993</label>  <label type="Designation">Parts Sales Representative</label>, <label type="Years of Experience">1985 to 1987</label>  <label type="Designation">Parts, Service &amp; Motorcraft Sales Specialist</label>, <label type="Years of Experience">1981 to 1985</label>    Education &amp; Professional Development  <label type="College Name">TEXAS TECH UNIVERSITY</label>, <label type="Location">Lubbock, TX</label>  <label type="Degree">Bachelor of Science, Marketing</label>  Technical Highlights: <label type="Tech Tools">Computer/DOS-Windows</label>, <label type="Tech Tools">Local Area Network (LAN)</label>, ABC Flowcharting, IBM Profs,  Internet, Internet Web Design, Computer Business Applications, <label type="Tech Tools">Word</label>, <label type="Tech Tools">Excel</label>, <label type="Tech Tools">Power  Point</label>, <label type="Tech Tools">Outlook</label>  References and supporting documentation furnished upon request    2"
</cv>
