<?xml version="1.0" encoding="UTF-8"?>
<cv>
"<label type="Name">Lue Konopelski</label>  5726 Apple way Drive  <label type="Location">Charlottesville, VA</label> 123456  (123)345-7890  E-mail: <label type="Email Address">Vandervort.Makeda@hotmail.com</label>  OBJECTIVE:    To obtain a position in the automotive service industry.    EDUCATION:    ABC High School  Expected Graduation Date  Grade Point Average    VA  June 20XX  4.0    Charlottesville Albemarle Technical Education <label type="Degree">Center  Auto Technician Program</label> I, II  EXPERIENCE:    <label type="Designation">Food Service Worker</label>  <label type="Companies worked at">Taco Bell Restaurant</label>    <label type="Years of Experience">September 20XX-Present</label>    Provide excellent <label type="Soft Skills">customer service</label>, operate <label type="Job Specific Skills">cash  Registers</label>, maintain a sanitary work area, <label type="Job Specific Skills">prepare  Food</label> and refill lobby items as necessary.  VOLUNTEER  WORK:    <label type="Companies worked at">Charlottesville Parks and Rec</label>    Summer 20XX-20XX    Performed <label type="Job Specific Skills">landscaping service</label>, such as cutting grass.  Provided general help as necessary.  SKILLS:            AWARDS:    Able to diagnose mechanical problems using computer equipment  Skilled with hand and power tools  Experienced in <label type="Job Specific Skills">changing oil,</label> <label type="Job Specific Skills">servicing cars</label> and <label type="Job Specific Skills">tune ups</label>  Reliable and responsible  Hard worker  <label type="Degree">ASE Industry Certification</label>    June 20XX    ACTIVITIES:  Monticello High School Baseball Team  VICA Club  Albemarle County Fire Department Volunteer  REFERENCES:    Available upon request.    20XX-20XX  20XX-20XX  Summer 20XX-20XX"
</cv>
