<?xml version="1.0" encoding="UTF-8"?>
<cv>
"RESUME  <label type="Name">Allan Koepp</label>  Qualification: <label type="Degree">Degree in Engineering (Metallurgy)</label>  Date of Birth: July 5 Th, 1947  Experience: <label type="Years of Experience">32 Years </label>in India's biggest and most modern <label type="Job Specific Skills">Grey Iron Foundries.</label>  Home Address: 1-D, Esadale Enclave, Sterling Road,  <label type="Location">Nungambakkam, CHENNAI</label> 600 034, <label type="Location">INDIA</label>  Home Tel: 91-44-8260905  Email: <label type="Email Address">RUllrich@gmail.com</label>  Status: Permanent Resident of Canada  Contact Details in Canada:  C/o Aniruddha Deodhar, 6 Turret Court, <label type="Location">Kanata, Ontario</label>, K2L 2L1, Canada.  Tel: (123)345 7890. E-Mail: <label type="Email Address">RUllrich@gmail.com</label>  OBJECTIVE  This resume is prepared for career opportunities in following fields:  (A) Projects  <label type="Job Specific Skills">Project-Planning</label>, Execution of new Foundry Project.  (B) <label type="Job Specific Skills">Operations  Production</label>, <label type="Job Specific Skills">Production Planning,</label> <label type="Job Specific Skills">Production Control of Foundry</label>.  (C) Quality  <label type="Job Specific Skills">Quality of Castings</label>, <label type="Job Specific Skills">Foundry Chemicals</label>, <label type="Job Specific Skills">Foundry Materials</label>.  (D) <label type="Job Specific Skills">Sales</label>/<label type="Job Specific Skills">Marketing</label>/<label type="Job Specific Skills">Export  Of Castings</label>, <label type="Job Specific Skills">Auto Components</label>, <label type="Job Specific Skills">Foundry Chemicals</label>.  (E) <label type="Job Specific Skills">Import</label>/<label type="Job Specific Skills">Procurement</label>/<label type="Job Specific Skills">Vendor Development</label>  Of Castings, Auto Components.  (F) Development  Development, <label type="Job Specific Skills">Application of Foundry Chemicals</label>/Materials.  (G) Consultancy  In Foundry Project, Production, Quality, Marketing,  Import/Export/Vendor Development of Castings, Foundry Chemicals, Foundry  Equipment.  EMPLOYMENT HISTORY  1 <label type="Companies worked at">ENNORE FOUNDRIES LIMITED</label>, <label type="Location">CHENNAI</label> 600 057, <label type="Location">INDIA</label>.  (ISO 9000 and QS 9000 Company)  Duration: 1 Year (<label type="Years of Experience">April 2002  until today</label>)  Position: <label type="Designation">Executive Director</label> and <label type="Designation">CEO</label>  Job Profile: <label type="Job Specific Skills">Operations</label>, <label type="Job Specific Skills">Quality</label>, <label type="Job Specific Skills">Marketing</label>, <label type="Job Specific Skills">Materials</label>, and Administration of  a) Grey Iron Foundry: Capacity 40,000 Tons of Castings/Year,  Like Cylinder Blocks, Cylinder Heads, Housings, Gear Boxes for  Commercial Vehicles, Tractors, Automobiles, and cars.  b) Aluminum Foundry: Capacity 2000 Tons of castings/Year,    Like GearBox, Cylinder Head, Cylinder Head Cover, and Intake  Manifolds for Commercial Vehicles, Cars.    2 <label type="Companies worked at">KIRLOSKAR FERROUS INDUSTRIES LTD</label>, <label type="Location">KARANATAKA, INDIA</label>.  (An ISO 9002 Company)  Duration: 8 Years (<label type="Years of Experience">1993  2001</label>)  Position: <label type="Designation">Senior Vice-President</label>.And <label type="Designation">CEO</label>  Job Profile: Project Planning Erection  Commissioning of  a) Grey Iron Foundry  Capacity 42,000 tons of Castings/year,  like Cylinder Block, Transmission Case, Housings for Tractors,  Automobiles, Diesel Engines/Generators, Transmissions.  As Senior Vice President I was functioning as CEO of above foundry  I looked after Operations, Quality, Marketing, Finance, Human  Resources, and Administration of the Company.  3 <label type="Companies worked at">TATA ENGINEERING &amp; LOCOMOTIVE COMPANY LTD.</label>  (TELCO) FOUNDRY DIVISION, <label type="Location">PUNE. INDIA</label>  (ISO 9000 Company)  TELCO is the leading automobile company, producing light/medium/heavy  commercial vehicles (earlier in collaboration with M/s. Daimler Benz of  Germany), Pick-up vans and Station Wagons.  Their captive Foundry manufactures all major castings like Water  Jacketed  Cylinder Blocks, Cylinder Heads, Gear Box, Clutch Housing, Brake Drums,  Manifolds in Grey Iron and Carrier Housings, Front/Rear Hubs and Suspension  Items in Ductile Iron.  Duration: 23 years (<label type="Years of Experience">1970  1993</label>)  Position: <label type="Designation">Trainee Engineer</label> to <label type="Designation">Divisional Manager</label>.  Job Profile: Project Planning, Erection Commissioning of a new Foundry Project  with a capacity of 30,000 tons of castings/Year  I was involved in Project implementation as well as in Production, Quality and  Administration of above foundry.  STRENGTH:  I. <label type="Job Specific Skills">Project Planning / Execution</label> of <label type="Job Specific Skills">large engineering / manufacturing</label> project.  II. <label type="Job Specific Skills">Operations</label>, <label type="Job Specific Skills">Quality</label>, <label type="Job Specific Skills">Materials</label>, Marketing of large manufacturing unit.  III.Finance, HRM, Administration &amp; General Management of large Industry.    SPECIALIZATION  Specialized in the following Foundry techniques  Molding: Jolt-Squeeze High Pressure Molding - Capacity of 45, 60 moulds/hour.  Shoot Squeeze - Capacity 90 molds/hour  Air Impact, Impact (Plus) Molding - capacity of 70 moulds/hour.  Core Making: Hot Box, Cold Box and Shell  Refractory Coatings: Water based dip and spray.  Mold Spray: Alcohol Base/Solvent Base  Core Setting: With Fixtures, Core Setting Mechanisms.  Melting: Line Frequency (12 ton Capacity) and Medium Frequency (30 ton  capacity) Induction Furnace.  Holding: 40 ton Induction Holding Furnace.  Pouring: 1.0 Ton Lip Tilt Ladle.  7.0 Ton Press pour with stream Inoculation.  Ductile Iron: With + GF + Converter Process. Capacity 2.0 tons.  Laboratory: SpectroLab, Metallography, Chemical Lab, Sand Lab and  Mechanical Testing Lab."
</cv>
