<?xml version="1.0" encoding="UTF-8"?>
<cv>
"<label type="Name">Domenic Nader</label>  Reverie Road  London  Phone: 543-23-678  <label type="Email Address">Homenick.Donna@hotmail.com</label>  Objective  Well qualified experienced <label type="Designation">automobile sales professional</label> seeking a similar position in the field of  <label type="Job Specific Skills">automobile sales</label>.  Summary of Qualification      Kept good <label type="Soft Skills">communication</label> with the sales executives to facilitate the sales.        Developed strategies and plans to increase sales and interacted policies with the customers.    Career Experience/Job History  <label type="Years of Experience">2007-Present</label>  <label type="Companies worked at">Supervine Motors</label>  <label type="Designation">Sales Development Officer</label>      Conducted sales meetings among the executives monthly to revise sales plans and targets.        Conducted weekly assessment of the working progress of the sales executives.        Recommended vehicles to the customers according to their needs and criteria.    <label type="Years of Experience">2005-2007</label>  <label type="Companies worked at">Ford Motors</label>  <label type="Designation">Sales Executive</label>      Assisted customers in choice of vehicles.        Resolve customer queries and problems.    Education  <label type="Graduation Year">2003-2005</label>    <label type="Degree">Masters of Commerce in Sales and Marketing</label>, <label type="College Name">London School of Commerce</label>.  <label type="Graduation Year">2000-2003</label>  <label type="Degree">Bachelors in Commerce in Sales and Marketing</label>, <label type="College Name">London School of Commerce</label>."
</cv>
