<?xml version="1.0" encoding="UTF-8"?>
<cv>
"<label type="Name">Dorotha Lindsey Lou Price</label>  LinkedIn: www.Linkedin.com/in/KRVanHorn  Twitter: http://twitter.com/KRVanHorn    2987 Lexington St.  Lafayette, CO 80026  123-345-7890  <label type="Email Address">Cecil.Terry@hhaw.info</label>    <label type="Designation">PROJECT MANAGEMENT</label> PROFESSIONAL  SUMMARY  <label type="Designation">Project Management professional</label> with a <label type="Degree">PMP certification</label> and the keen ability to <label type="Job Specific Skills">develop, define and  execute project plans</label>, <label type="Job Specific Skills">work plans</label> and <label type="Job Specific Skills">schedules</label>, <label type="Job Specific Skills">budgets</label> and deliverables. Identify needed resources  for projects, and define and assign major project roles. Review analysis and definition of efficient, cost  effective solutions that support <label type="Job Specific Skills">client business processes</label>, <label type="Job Specific Skills">functional and operational requirements</label>, and  meet project criteria. Assess and analyze <label type="Job Specific Skills">project risks</label> and communicate to project team and clients as  appropriate. Develop <label type="Job Specific Skills">strategic relationships </label>with vendors for products and services related to project.  Monitor contracts to ensure that all commitments are met.  ACHIEVEMENTS AND ACCOMPLISHMENTS  \xe2\x80\xa2 Earned the PricewaterhouseCoopers Business Award for outstanding performance on an elite startup  team responsible for building a customer call center for financial planners; developed <label type="Job Specific Skills">integrated  systems</label>, <label type="Job Specific Skills">business processes</label> and <label type="Job Specific Skills">staffing plan</label>.  \xe2\x80\xa2    Developed methodology for project team of $100 million agent laptop rollout to measure business  impact of the technology for PricewaterhouseCoopers.    \xe2\x80\xa2    Spearheaded the revitalization and expansion of the Montessori Childrens Academy; built a new  facility and playground, recruited a team of certified instructors and executed a marketing campaign  resulting in an enrollment increase of 400% from 20 to 80 students.    \xe2\x80\xa2    Led a team of munitions specialists to map the Air Force tracking/maintenance processes and target  improvements for the $35 million reengineering effort to modernize the Combat Ammunition System.    \xe2\x80\xa2    Built the largest support flight in Air Force Air Mobility Command by merging 8 support functions  encompassing 80 personnel from 6 different squadrons into a cohesive team.    AREAS OF EXPERTISE  \xc2\xbe <label type="Soft Skills">Communication</label>: Effective <label type="Soft Skills">written</label> and <label type="Soft Skills">verbal</label> <label type="Soft Skills">communication</label> skills, capable of conveying technical  information across different mediums. Ability to present concepts, ideas, and progress to associates  and executive management and convert business proposals into executable project plans.  \xc2\xbe <label type="Job Specific Skills">Logistics</label>: Adept in<label type="Job Specific Skills"> report generation</label> and analysis, scheduling, coordinating new work development,  reconciling day-to-day problems and acting as point of contact; providing support and project  milestones to team members and clients.  \xc2\xbe <label type="Job Specific Skills">Work Flow and Process Orientation</label>: Ability to effectively prioritize tasks in order to carry out  plans and meet objectives. Competent in planning and executing assignments as directed to meet  requisite schedules and deadlines.  \xc2\xbe <label type="Job Specific Skills">Financial Evaluation</label>: Appraise the financial aspects of given projects such as budgets,  expenditures, research and development appropriations, ROI, and profit-loss projections.  \xc2\xbe Metrics/Reporting: Produce and analyze project reports, schedules, and contracts; generate  relevant statistics to ensure project milestones/costs are being met.    <label type="Name">Dorotha Lindsey Lou Price</label> Resume Page Two    PROFESSIONAL EXPERIENCE  <label type="Companies worked at">PricewaterhouseCoopers</label>  <label type="Location">Denver, Colorado</label>  <label type="Years of Experience">2003-Present</label>  <label type="Designation">Project Manager</label>:  \xe2\x80\xa2  Work as a <label type="Job Specific Skills">Customer Relationship Management (CRM)</label> expert on special projects with Fortune 500  companies to assist in their efforts to develop and implement <label type="Job Specific Skills">CRM strategies</label>.  \xe2\x80\xa2  Play a key role on a team of 5 consultants who managed the implementation of a direct sales  channel for life insurance and mutual fund products of an international Fortune 500 company\xe2\x80\x94  their first new sales channel in over 100 years.  \xe2\x80\xa2  Created and implemented a project management \xe2\x80\x9chow to\xe2\x80\x9d guide, which has been utilized in  various Fortune 500 organizations.  \xe2\x80\xa2  Performed operational/strategic analysis, and created documents to present complex  recommendations to senior executives.  <label type="Companies worked at">Montessori Childrens Center</label>  <label type="Location">Denver, Colorado</label>  <label type="Years of Experience">1999-2003</label>  <label type="Designation">Executive Director</label>:  \xe2\x80\xa2  Managed all operational aspects of the school, staff and student population.  \xe2\x80\xa2  Reduced employee turnover by more than 50%. Improved productivity by initiating flexible work  schedules and pay for performance, and by providing the best tools and resource available.  \xe2\x80\xa2  Orchestrated long-range planning for operations, enrollment and customer service.  \xe2\x80\xa2  Conceived, developed and implemented an aggressive expansion project that quadrupled the size  of the facility and staff, as well as added an additional grade level.  <label type="Companies worked at">Prudential </label> <label type="Location">Newark, New Jersey</label>  <label type="Years of Experience">1997-1999</label>  <label type="Designation">Project Manager</label>:  \xe2\x80\xa2  Managed initiative to build the new Financial Planning Clients Service Center, an unprecedented  customer call center incorporating systems and processes from multiple business units, into a  learning organization continually improving to meet customer needs.  \xe2\x80\xa2  Consulted with business unit leaders throughout <label type="Companies worked at">Prudential</label> to analyze business processes and  identify key performance indicators used to effectively track and manage operations.  <label type="Companies worked at">US Air Force</label>  Multiple Assignments  <label type="Years of Experience">1993-1997</label>  <label type="Designation">Logistics Officer</label>:  \xe2\x80\xa2  Managed ammunition logistics requirements for Air Force Chief of Staff $280 million Combat  Ammunition System.  \xe2\x80\xa2  Maintained 12 primary assigned KC-135 aircraft and supervised 110 personnel performing  inspections, maintenance, launch, recovery, and cargo loading.  FORMAL EDUCATION AND ONGOING TRAINING  <label type="College Name">Air Force Academy</label>, <label type="Location">Colorado Springs, Colorado</label>, <label type="Graduation Year">1993</label>  <label type="Degree">Bachelor of Science in General Engineering</label>, GPA: 3.87  Minor: <label type="Degree">Business Administration</label>  Additional Training: <label type="Degree">Certified Project Management Professional (PMP)</label>, <label type="College Name">Colorado State University</label>, <label type="Graduation Year">2005</label>"
</cv>
