<?xml version="1.0" encoding="UTF-8"?>
<cv>
"<label type="Name">Todd Ana Kertzmann</label>, <label type="Degree">MBA</label>, <label type="Degree">PMP</label>  12345 East Oaks Drive | <label type="Location">Bangor, ME</label> | 123-345-7890 | <label type="Email Address">ASchinner@hotmail.com</label>  <label type="Degree">CERTIFIED PROJECT MANAGEMENT PROFESSIONAL</label>  <label type="Job Specific Skills">Revenue Enhancement</label>  <label type="Job Specific Skills">Productivity  Quality Improvement</label>  <label type="Years of Experience">12+ years</label> of broad-based <label type="Job Specific Skills">project management</label> expertise with international specialization;  dedicated advocate for change to identify, support and enhance business value from concept to completion.  <label type="Soft Skills">Versatile</label>, <label type="Soft Skills">bilingual</label> <label type="Designation">project manager</label> with expertise driving projects and leading cross-functional teams to  consistently meet key program deliverables. Adept at maintaining focus on achieving bottom-line results while  formulating and implementing advanced technology and business solutions to meet a diversity of needs. Exemplary  communication and attention to detail to exceed customer expectations and maintain high levels of client  satisfaction.  CORE KNOWLEDGE &amp; SKILLS  \xe1\x82\xb9 <label type="Job Specific Skills">PMI Project Methodologies</label>    \xe1\x82\xb9 <label type="Job Specific Skills">Budget Contro</label>l    \xe1\x82\xb9 <label type="Job Specific Skills">Critical Path Analysis</label>    \xe1\x82\xb9 <label type="Job Specific Skills">Process Engineering</label>    \xe1\x82\xb9 <label type="Job Specific Skills">Scope Definition</label>    \xe1\x82\xb9 <label type="Job Specific Skills">Business Case Assessment</label>    \xe1\x82\xb9 <label type="Job Specific Skills">Six Sigma</label>    \xe1\x82\xb9 <label type="Job Specific Skills">SDLC &amp; UML Framework</label>    \xe1\x82\xb9 <label type="Job Specific Skills">Quality Assurance</label>    \xe1\x82\xb9 <label type="Job Specific Skills">Technology Integration</label>    \xe1\x82\xb9 <label type="Job Specific Skills">ITIL Framework</label>    \xe1\x82\xb9 <label type="Job Specific Skills">Conflict Resolution</label>    \xe1\x82\xb9 <label type="Job Specific Skills">Cross-Function Leadership</label>    \xe1\x82\xb9 <label type="Job Specific Skills">Lifecycle Development</label>    \xe1\x82\xb9 <label type="Job Specific Skills">Change Management</label>    SELECTION OF PROJECT MANAGEMENT ACHIEVEMENTS  Delivered Proof of Concept Hyper-V R2 to both BBK and Kutxa (major banks in Spain) which subsequently led to the  contracting of full-blown projects valued at \xe2\x82\xac97,000 and \xe2\x82\xac78,000 respectively. The projects resulted in an estimated  cost savings between \xe2\x82\xac250,000 and \xe2\x82\xac300,000 over a period of three years.  Salvaged a mismanaged project at EMT Madrid (Empresa Municipal de Transporte) , bringing it to a successful close  after being over in terms of both budget and time by 26% and 40% (in terms of EVA) respectively with minimal  subsequent loss.  Leveraged corporate shared services resources to realize a 20% decrease in IT operations expenses for the ABC  Radio Division, while increasing service uptime and reducing user impact.  Oversaw the implementation of the Microsoft Operations Framework in production to streamline processes,  identify inefficiencies, and realize cost savings to increase the ABC Radio Division\xc2\xb4s ROI for IT assets.  Performed a study demonstrating the utility and cost saving of 16% by utilizing an internal help desk as opposed to  an outsourced solution.  Integrated ABC radio division with Disney infrastructure, reducing redundancy, cutting costs and finishing ahead of  schedule and under budget with zero downtime for users.  Directed the Windows Server 2003 Upgrade Initiative, upgrading 130 data center servers to Windows 2003 Server,  realizing the increased utility of the more powerful operating system.  Completed an active directory project for oldest financial institution in Spain; consolidated domains in addition to  utilizing the latest Microsoft technology to save the bank \xe2\x82\xac22,ooo /month by reducing downtime and increasing  system uptime 7 hours per month.    2 | <label type="Name">Todd Ana Kertzmann</label>, <label type="Degree">MBA</label>, <label type="Degree">PMP</label>  PROFESSIONAL HISTORY  CONSULTANT  <label type="Years of Experience">2007 - Present</label>  Confidential Company  <label type="Location">Madrid, Spain</label>  Conducted <label type="Designation">Project Management</label> duties including planning, managing of deliverables, tracking of critical path,  managing risk, reporting status to project stakeholders, conducting status meetings and distributing minutes,  securing and evaluating assigned resources, controlling budget constraints, ensuring completion of scope for  midsize IT infrastructure projects (valued at \xe2\x82\xac25,000 to \xe2\x82\xac250,000) contracted to IECISA by third-party clients.  <label type="Designation">PROJECT MANAGER</label>  <label type="Years of Experience">2003 - 2007</label>  Confidential Company  <label type="Location">Dallas, TX</label>  Executed enterprise-level initiatives to integrate the ABC Radio Division into the Walt Disney Shared Services  Organization. Presented detailed information on the current state of the division, defined the scope of the projects  included in the initiative, served as a liaison between the division and various Disney IT organizations, planned the  execution of projects, managed resources assigned to the projects, tracked critical path, reviewed project plans,  implemented corrective measures, mitigated risk, built relationships between business units and reported status to both  division and corporate executives.  <label type="Designation">STRATEGIC SENIOR ENGINEER</label>  <label type="Years of Experience">2001 - 2003</label>  Confidential Company  <label type="Location">New York, New York</label>  Maintained primary data center operations while serving as project lead for various enterprise-level projects.  Managed Exchange, Counterpoint and desk-side support. Point of contact for issues escalated from the field staff.  Architected <label type="Job Specific Skills">distributed network services</label> including <label type="Tech Tools">TCP/IP</label>, <label type="Tech Tools">DHCP</label>, AD Integrated <label type="Tech Tools">DNS</label>, and Group Policies (GPOs).  <label type="Designation">SUPPORT SERVICES MANAGER</label>  <label type="Years of Experience">2001 - 2003</label>  Confidential Company  <label type="Location">Dallas, TX</label>  Created and trained a six-member help desk which served as the first point of contact for clients requiring technical  support. In addition to managing the help desk, volunteered to participate in several enterprise-level initiatives to  enhance end user experience while decreasing <label type="Designation">TCO.  CONSULTANT</label>  <label type="Years of Experience">1997  2000</label>  Confidential Consulting  <label type="Location">Dallas, TX</label>  Implemented framework for the planning, rollout, and implementation of various enterprise level software and  hardware solutions for Occidental Petroleum Company. Trained staff in various applications utilized to administer  the network.  PROFESSIONAL DEVELOPMENT  <label type="College Name">University of Texas at Dallas</label>  <label type="Location">Dallas, Texas </label> <label type="Degree">Masters in Business Administration</label> with concentration in Management Information Systems  <label type="Degree">Bachelor of Science in Business Administration</label>  <label type="College Name">PROJECT MANAGEMENT INSTITUTE (PMI)</label>  <label type="Location">Dallas, Texas</label>  <label type="Degree">Project Management Professional (PMP)</label>  Project Management Professional Exam Review University of Texas at Dallas Executive Education  TECHNICAL CERTIFICATIONS  <label type="Degree">Microsoft Certified Systems Engineer (MCSE)</label>  <label type="Degree">Citrix Certified Administrator (CCA)</label>  Premier Access Certified  PROFESSIONAL MEMBERSHIPS  <label type="College Name">Project Management Institute (PMI)</label>, American Society for Quality (ASQ), National Society of Hispanic MBAs (NSHMBA)"
</cv>
