<?xml version="1.0" encoding="UTF-8"?>
<cv>
"<label type="Name">Kim Ebert</label>  Dayjob Limited  The Big Peg  120 Vyse Street  <label type="Location">Birmingham</label> B18 6NF  <label type="Location">England</label>  T: 0044 123 345 7890  E: <label type="Email Address">TWatsica@cg.name</label>    PERSONAL SUMMARY  An <label type="Soft Skills">observant</label>, <label type="Soft Skills">focused</label> and safety conscious technician who has extensive experience of the <label type="Job Specific Skills">maintenance  of an aircraft</label> to ensure its airworthiness and compliance with all <label type="Job Specific Skills">Federal Air Regulations</label>. <label type="Name">Kim Ebert</label> has a  comprehensive knowledge of observing s<label type="Job Specific Skills">afety and security procedures</label>, and can always be trusted to use  highly dangerous equipment and materials properly. She possesses excellent work habits and has a long  track record of working on the <label type="Job Specific Skills">removal and installation of airframes</label>, <label type="Job Specific Skills">landing gear</label>, <label type="Job Specific Skills">engine components</label>,  <label type="Job Specific Skills">electrical components</label>, and control systems. Right now she is looking to join an ambitious and exciting  company that is looking to recruit talented technicians.    CAREER HISTORY  <label type="Designation">AIRCRAFT TECHNICIAN</label>  <label type="Years of Experience">January 2010 - present</label>  Employers name - <label type="Location">Coventry</label>  Responsible for performing scheduled inspections, pre-flight inspections and for carrying out aircraft  maintenance in accordance with the manufacturers directives.  Duties;  Scheduling periodic inspections of aircraft.  Coordinating aircraft movement in the hangar and ramp areas.  Arranging for <label type="Job Specific Skills">aircraft repairs</label>.  Maintaining the inventory and records of all stocked aircraft parts.  Maintains all required aircraft maintenance records.  Assisting less experienced technicians.  Storing all aircraft components away securely and safely.  Examining the structure of an aircraft to determine the location, nature, and extent of any  defects or damage.  <label type="Designation">TRAINEE AIRCRAFT TECHNICIAN</label>  <label type="Years of Experience">May 2008 - January 2010</label>  Employers name - <label type="Location">Birmingham</label>  <label type="Designation">CASHIER</label>  <label type="Years of Experience">July 2007 - May 2008</label>  Employers name - <label type="Location">Birmingham</label>    KEY SKILLS AND COMPETENCIES  Technical  Always keeping a neat and organized work area.    Able to climb and work on step stools and ladders.Identifying potentially unsafe conditions and  reporting them.  Selecting the correct and proper tools for a job.  Personal  Willing to work overtime as required.  Strong <label type="Soft Skills">communication</label> and <label type="Soft Skills">problem-solving</label> skills.    Excellent <label type="Soft Skills">written</label> and <label type="Soft Skills">verbal</label> <label type="Soft Skills">communication</label> skills."
</cv>
