<?xml version="1.0" encoding="UTF-8"?>
<cv>
"<label type="Name">Cordell Hackett</label>  Frontier Road  <label type="Location">Germany</label>  Phone: 753-76-543  <label type="Email Address">Enda64@ag.info</label>  Objective  To use my knowledge in best possible way for the betterment of the environment and to secure a  position in Automobile Sector.  Summary of Qualification      Possess skills in <label type="Soft Skills">managing clients</label> and building <label type="Soft Skills">customer relations</label>.        Have excellent <label type="Soft Skills">problem solving</label> qualities and <label type="Soft Skills">solution oriented</label> qualities    Career Experience/Job History  <label type="Years of Experience">2007-Present</label>  <label type="Companies worked at">Taylor Motors</label>  <label type="Designation">Automobile Estimator</label>      Assessed and estimated all types of vehicle damage and scrutinised reports for the customers.        Reviewed payments after accessing damage and provided solutions to the clients.    Education  <label type="Graduation Year">2002-2005</label>  <label type="Degree">MFS</label>, <label type="College Name">Motor Management School</label>"
</cv>
