<?xml version="1.0" encoding="UTF-8"?>
<cv>
<label type="Name">Allen Neal King</label> <label type="Designation">ESB Integration Developer</label> - <label type="Companies worked at">Cisco Systems</label>

<label type="Location">Hyderabad, Telangana</label> - Email me on Indeed: <label type="Email Address">jBerge@mmam.org</label>

• <label type="Years of Experience">6+ years</label> of professional experience in <label type="Job Specific Skills">end-to-end designing</label>, <label type="Job Specific Skills">developing and implementation
of
software</label> solutions in the areas of <label type="Job Specific Skills">Middleware Integration</label> and <label type="Tech Tools">J2EE</label> based applications.
• Expertise in the areas of <label type="Tech Tools">Core Java</label>, <label type="Tech Tools">Servlet 2.3</label>, <label type="Tech Tools">JSP</label>, <label type="Tech Tools">Web Services</label>, <label type="Tech Tools">MESB</label>, and <label type="Tech Tools">OSB</label>.
• Expertise in <label type="Tech Tools">PL SQL</label> <label type="Job Specific Skills">programming</label> and <label type="Tech Tools">Oracle Apps </label>(Oracle Order management)
• Having <label type="Years of Experience">2.5+ years</label> of experience in <label type="Tech Tools">Mule</label> and expert in <label type="Tech Tools">Mule ESB</label> development (3.7v &amp; 3.8v),
<label type="Tech Tools">Mule
ESB</label> administration and <label type="Tech Tools">Mule API</label> management (API GW 1.x, 2.x, 3.x) <label type="Tech Tools">CloudHub</label>.
• Experience in building Mule ESB &amp; API management platform for organizations
• Experience in performance tuning, testing, and benchmarking the platform for the
organization.
• Expert in building <label type="Job Specific Skills">middleware systems</label> using Message Routing, Content Enrichment, Cache
Mechanism, Message Filtering, Message Transformation, Message sequencing, Batch message
processing, Error handling and reconciliation mechanisms.
• Expertise in designing and implementing multi-tiered application with high performance using
<label type="Tech Tools">J2EE</label> standards.
• Good understanding of <label type="Job Specific Skills">API management systems</label> - Mulesoft and RAML.
• Experience in compiling proof of concepts and presenting to customers.
• Deep knowledge of all phases of software engineering involving analysis, design and
implementation.
• Hands on experience in <label type="Job Specific Skills">load testing</label> and performance testing and setting up the environment.
• Very <label type="Job Specific Skills">strong debugging</label> skills.
• Expertise in implementing different <label type="Tech Tools">J2EE</label> design patterns and <label type="Tech Tools">Java</label> Multi-Threading.
• Hands on experience in creating Splunk dashboard, App for production proactive monitoring
and
for reporting.
• Good understanding in <label type="Job Specific Skills">Web services security</label>.
• Extensively worked on servers <label type="Tech Tools">Apache Tomcat</label>, <label type="Tech Tools">JBoss</label>, <label type="Tech Tools">Web logic</label> and <label type="Tech Tools">WebSphere</label>.
• Familiar with reviewing Functional Requirements and writing Technical Specifications.
• Extensive Expertise in using <label type="Tech Tools">Oracle 11i.</label>
• Broad knowledge of version control systems, build scripts and logging mechanisms.
• <label type="Soft Skills">Analysis</label>, <label type="Job Specific Skills">design and development of Applications</label> based on <label type="Tech Tools">J2EE</label> &amp; allied technologies using
Agile
methodology.
• Implementing high-end performance <label type="Tech Tools">REST</label> services for <label type="Job Specific Skills">Middleware</label> using <label type="Tech Tools">Core Java</label>.
• Deploying Builds to DEV/TEST/PROD environment using Kintana, Udeploy &amp; URelease tools.
• Implementation of modules using <label type="Tech Tools">Core Java APIs</label>, Java collection, XML technologies and
integrating the modules.
• Responsible for converting the understood business into Technical Specification document.
• Taking KT sessions from client on Application functionality and discuss with Business Analysts to
integrate new functionalities with existing systems.
• Utilize Oracle as back-end database and <label type="Tech Tools">TOAD</label> for querying.
• Utilize <label type="Tech Tools">Log4j</label> as logging mechanism and developed wrapper class to configure the logs.
• Utilize CVS, SVN, and GIT as Version control tool.

https://www.indeed.com/r/allen-neal-king


• Used Maven build scripts to create and deploy the release builds.
• Prepare the <label type="Job Specific Skills">Functional and Technical Design documents</label>.
• Module implementation and customization based on the Change Requests.
• Development and support for different releases before and after implementation of launch.
• Review the fellow developers' code as an exercise of internal code review.
• Carry out <label type="Job Specific Skills">Configuration Management</label> activities for projects.
• Carry out Weekly Status reporting activities such as MOM updates and health sheet generation.
• Excellent <label type="Soft Skills">communication</label> and <label type="Soft Skills">interpersonal</label> skills. Involved in client interactions for scoping,
effort
estimates and status reporting.

WORK EXPERIENCE

<label type="Designation">Mule ESB Integration Developer</label>

<label type="Companies worked at">Cisco Systems</label> -  <label type="Location">San Jose, CA</label> -

<label type="Years of Experience">April 2017 to Present</label>

Project: Extended Enterprise B2B Transformation

Responsibilities
• Followed <label type="Job Specific Skills">agile methodology and Scrum</label>.
• Involved in application design and participated in technical meetings, Effort estimations,
backlog
grooming, I&amp;A etc.
• Involved in analyzing, developing, troubleshooting, debugging, and optimizing ESB application.
• Involved in documenting and presenting designed technical solutions.
• Extensively used Anypoint studio to develop and design the business process.
• Implemented complex transformation Logics using MEL
• Building <label type="Job Specific Skills">RESTful Web Services</label> with <label type="Tech Tools">Anypoint</label> Platform for APIs
• Involved in data transformation and mapping using data weave
• Tested the business process in test mode for debugging
• Build and deployed using Anypoint studio, maven.
• Participating i n meeting and on-calls
• Code reviews and independent unit testing for components
• Manage code release deployment into development, SIT, OAT and production
• Error handling is properly done in all the business processes
Technologies: <label type="Tech Tools">Mule Server 3.7 EE</label>, <label type="Tech Tools">Anypoint studio 5.4</label>, <label type="Tech Tools">cloud hub</label>, <label type="Tech Tools">Maven</label>, <label type="Tech Tools">core java</label>, <label type="Tech Tools">GIT</label>, <label type="Tech Tools">RAML</label>,
<label type="Tech Tools">APIKit</label>, <label type="Tech Tools">SOAP</label> 01, <label type="Tech Tools">Postman</label>, <label type="Tech Tools">Agile</label>, <label type="Tech Tools">Jenkins</label>.

<label type="Designation">Mule Soft Team Lead</label>

<label type="Companies worked at">Cisco Systems</label> -  <label type="Location">San Jose, CA</label> -

<label type="Years of Experience">June 2016 to March 2017</label>

Project:FSMS

Responsibilities:
• Followed <label type="Job Specific Skills">agile methodology and Scrum</label>.



• Involved in <label type="Job Specific Skills">application design</label> and participated in technical meetings, Effort estimations,
backlog
grooming, I&amp;A etc.
• <label type="Job Specific Skills">Gather requirements</label> and planning on integration of oracle data base with cloud applications
using
Mule ESB.
• Tightly integrated applications using MULE ESB.
• Involved in implementing ESB flows, Proxies, logging and exception handling.
• Extensively used Mule ESB components like File Transport, SMTP Transport, FTP/SFTP
Transport, JDBC Connector, JMS and Transaction Manager.
• Used <label type="Tech Tools">TOAD</label> for internal data storage and retrieval.
• Involved in setting up Connection pooling and used JMS for Asynchronous messaging.
• Setting up Mule ESB for the development environment.
• Developed application using Mule ESB and deployed the services in dev, test and prod
environments. And also done with <label type="Job Specific Skills">Unit testing</label> using <label type="Tech Tools">Test Utility</label>.
• Migrated <label type="Tech Tools">Mule ESB 3.7.0</label> apps to <label type="Tech Tools">Mule ESB 3.8.4</label>
• Applied OAUTH authentication policy for API proxies
• Have integrated web services including <label type="Tech Tools">SOAP</label> as well as <label type="Tech Tools">REST</label> using Mule ESB.
• QA, UAT &amp; Production issues investigation and supporting business users.

<label type="Designation">Mule Soft Team Lead</label>

<label type="Companies worked at">Cisco Systems</label> -  <label type="Location">San Jose, CA</label> -

<label type="Years of Experience">August 2015 to May 2016</label>

Project: Bay Bridge RMA Services

• Design and implement the Mule ESB platform for Cisco.
• Design and implement the RESTful WS using RAML to interact with AI system and storing in
C3 Database.
• Implemented the security for the SOAP and REST Web services using OAUTH and Basic
Authentication.
• Designed and developed the core modules, which pulls service request details from CSOne
System.
• Design and developed common modules like Audit Logging, which can be used as a common
module and shared resources for all the applications.
• Designed the Exception handling for all the apps on Mule platform.
• Designed the Domain to share the resource like HTTP, HTTPS &amp; DB connector references.
• Created flows for basic authentication and caching the token for OAUTH.
• Have carried out performance testing for the ESB flows for memory leakage and for fine-tuning.
• Worked with Mule team on some of the issue with performance on DB connector.
• Interacted with dependent teams (CSONE and PEGA) and came up with the design on the
implementation of the flows and architecture and design of services.
• Developed required back Java components.
• Reported and worked on DB connector Connection pool issues to Mulesoft.
• Reported and worked on MMC deployment issues with <label type="Tech Tools">Mulesoft</label>.
Technologies: <label type="Tech Tools">Java 1.8</label>, <label type="Tech Tools">Oracle11i Web Services</label>, <label type="Tech Tools">Mule ESB</label>, <label type="Tech Tools">Mule API Manager</label>, <label type="Tech Tools">XML</label>, <label type="Tech Tools">JSON</label>,
<label type="Tech Tools">Anypoint Studio</label>, <label type="Tech Tools">Maven</label>, <label type="Tech Tools">GIT</label>, <label type="Tech Tools">SVN</label>, ESB Servers.

<label type="Designation">Technology Analyst</label>



<label type="Companies worked at">Cisco Systems</label> -  <label type="Location">San Jose, CA</label> -

<label type="Years of Experience">December 2013 to July 2015</label>

Project: OMLSS

• Understanding of the complete architecture of the system including boundary systems.
• Understand the client and project requirements by studying the existing documentation and
seeking clarifications, if any, to participate efficiently in the Development and Testing phases of
the project.
• Create program specifications,<label type="Job Specific Skills"> unit test plans</label> for software programs by studying functional
and non-functional requirements, the application architecture document, and converting the
assigned
functionalities into pseudo code/algorithms/test cases.
• Develop code using knowledge of relevant technology as per design specifications and
document
artifacts such as unit test scripts, etc. independently and support peers in identifying code defects
and ensuring that the output is as per the given specifications and SLAs.
• Perform testing - self and independent (Functional, Integration, System) - as per defined
processes and guidelines to ensure accurate program output; identify and resolve defects, if any.
• Work on 'Go Live' activities as per the Implementation plan and manage any issues related to
functionalities, user interface, performance, etc. that may arise.
• Respond to the issues assigned, conduct analysis of the issues assigned, identify and evaluate
different workarounds/ solution alternatives, implement the most optimal solution, support other
team members on issue resolution in areas of expertise as required, manage stakeholder
communication and close the issues assigned in order to ensure support availability as per
agreed
SLAs.
• Understand application architecture document and seek inputs from the architecture / design
team to understand the overall architecture IN ORDER TO provide deliverables that are in line
with architectural requirements.

Technologies: <label type="Tech Tools">Java 1.5</label>, <label type="Tech Tools">Web services</label>, <label type="Tech Tools">Oracle 11i</label>, <label type="Tech Tools">XML</label>, <label type="Tech Tools">Eclipse</label>, <label type="Tech Tools">HP Quality Center</label>, <label type="Tech Tools">SVN</label>, <label type="Tech Tools">Jenkins</label>,
<label type="Tech Tools">uDeploy</label> and <label type="Tech Tools">uRelease</label>.

<label type="Designation">Sr.Software Engineer</label>

<label type="Companies worked at">Cisco Systems</label> -  <label type="Location">San Jose, CA</label> -

<label type="Years of Experience">June 2013 to November 2013</label>

Project: SPED Integration

Responsibilities:
• Responsible for development of Oracle Interfaces and Mapping data as per requirements of
Cisco
Brazil.
• Involved in the development of <label type="Tech Tools">PL/SQL</label> queries to fetch data from the oracle and insertion of
Data into Synchro Open Interface tables. This is a very critical data reporting as the data is to be
reported to the Government of Brazil by Cisco as per the Legal Procedures. He was involved in the



Development of Packages, Concurrent Programs and many other Custom functionalities as per
the Requirements.
• Experience in Cisco Quality Control process and Migration of Code into Different Environments.
• Implemented the <label type="Tech Tools">PL/SQL</label> based on the requirements of AP and RI modules.

Technologies: <label type="Tech Tools">PL/SQL</label>, <label type="Tech Tools">Oracle</label> Applications (Financials), PVCS, Kintana, Toad.

<label type="Designation">Software Engineer</label>

<label type="Companies worked at">Cisco Systems</label> -  <label type="Location">San Jose, CA</label> -

<label type="Years of Experience">April 2012 to May 2013</label>

Project: IT Creative Solutions (ITCS)

Responsibilities:
• Understand the business process and build interactive online dashboards based on client
requirement.
• Do the data modelling to hold the current data, to sustain future needs and drilldowns in the
dashboards.
• Use dashboard building tools <label type="Tech Tools">Xcelsius</label>, <label type="Tech Tools">Tableau</label> to build interactive dashboards.
• Develop business layer to perform all the calculations used in dashboard.
• Do client interaction and communication to get required inputs.
• Participated in Client Demos and meetings.

Technologies: <label type="Tech Tools">SQL Server</label>, <label type="Tech Tools">Tableau</label>, <label type="Tech Tools">Xcelsius</label>.

<label type="Designation">Software Engineer</label>

<label type="Companies worked at">Arrow Electronics Inc</label> -

<label type="Years of Experience">August 2011 to March 2012</label>

Project: Arrow Unity (Sales Work Bench)

Responsibilities:
• Requirements gathering, designing, development and testing.
• Ownership of the deliverables.
• Involved in Post Production support for SWB application.
• <label type="Job Specific Skills">Coding</label> and <label type="Job Specific Skills">testing</label> for enhancements.
• Wrote <label type="Tech Tools">Oracle PL/SQL</label> Stored procedures, triggers, and views for backend database access.
• UAT Testing Support.

Technologies: <label type="Tech Tools">Unix</label>, <label type="Tech Tools">ExtJs</label>, <label type="Tech Tools">Pl/Sql</label>

EDUCATION

<label type="Degree">Bachelor of Technology</label> in <label type="College Name">Technology

Amrita School of Engineering</label>

2007 to <label type="Graduation Year">2011
</label>


SKILLS

<label type="Tech Tools">ORACLE</label> (3 years), <label type="Tech Tools">JAVA</label> (3 years), <label type="Tech Tools">SOAP</label> (2 years), <label type="Tech Tools">Subversion</label> (2 years), <label type="Tech Tools">SVN</label> (2 years)

ADDITIONAL INFORMATION

TECHNICAL SKILLS:

Languages <label type="Tech Tools">Java</label>, <label type="Tech Tools">Java Script</label>, <label type="Tech Tools">PL/SQL</label>, <label type="Tech Tools">SQL SERVER</label>, <label type="Tech Tools">HTML</label>, <label type="Tech Tools">XML</label>,
<label type="Tech Tools">XSLT</label>
<label type="Tech Tools">Application Servers J Boss</label>, <label type="Tech Tools">Apache Tomcat</label>, <label type="Tech Tools">Web logic</label>, <label type="Tech Tools">IBM web sphere</label>

<label type="Job Specific Skills">Databases</label> <label type="Tech Tools">Oracle</label>, <label type="Tech Tools">SQL SERVER</label>

Development Tools <label type="Tech Tools">MVC</label>, <label type="Tech Tools">Singleton</label>, <label type="Tech Tools">Session Facade</label>, <label type="Tech Tools">DTO</label>, <label type="Tech Tools">DAO</label>,

Service Locator

SOA <label type="Tech Tools">Restful Web Service</label>, <label type="Tech Tools">Soap web service</label>, <label type="Tech Tools">JAX-RS</label>, <label type="Tech Tools">XML</label>, <label type="Tech Tools">JSON</label>, <label type="Tech Tools">WS
Security</label>, <label type="Tech Tools">Mule ESB</label>

IDE's/TOOLS <label type="Tech Tools">Eclipse</label>, <label type="Tech Tools">Mule Anypoint Studio</label>

<label type="Tech Tools">Java/J2EE</label>Technologies <label type="Tech Tools">Java</label>, <label type="Tech Tools">Servlets</label>, <label type="Tech Tools">JSP</label>, <label type="Tech Tools">JDBC</label>, <label type="Tech Tools">EJB</label>, JMS

Protocols <label type="Tech Tools">HTTP</label>, <label type="Tech Tools">FTP</label>, <label type="Tech Tools">TCP/IP</label>

Version Control tools <label type="Tech Tools">CVS</label>, <label type="Tech Tools">SVN</label>, <label type="Tech Tools">GIT</label>

Build Tool <label type="Tech Tools">Ant</label>, <label type="Tech Tools">Maven</label>

Bug Tracking Tools <label type="Tech Tools">HP Quality Center</label>, <label type="Tech Tools">Rally</label>

Frameworks <label type="Tech Tools">Spring</label>, <label type="Tech Tools">Hibernate</label>, <label type="Tech Tools">Struts</label>, <label type="Tech Tools">Spring MVC</label>, <label type="Tech Tools">Micro Services</label>, <label type="Tech Tools">EJB</label>, <label type="Tech Tools">JMS</label>

Operating Systems <label type="Tech Tools">Windows</label>, <label type="Tech Tools">UNIX</label>, <label type="Tech Tools">LINUX</label>
</cv>
