<?xml version="1.0" encoding="UTF-8"?>
<cv>
"<label type="Name">Noe Claud Ziemann</label> Road  Denmark  Phone: 365-43-764  <label type="Email Address">eThiel@gmail.com</label>  Objective  Well qualified and having good knowledge of the <label type="Job Specific Skills">automobile mechanism</label> looking for a good position  in the field.  Summary of Qualification      Skilled in building client relations        Effective in devising innovative/creative ideas    Career Experience/Job History  <label type="Years of Experience">2007-Present</label>  <label type="Companies worked at">Ryan Motors </label> <label type="Designation">Automobile Engineer</label>      Tested various automotive parts for their perfect functioning.        Analyzed the design for the premier batch of automobiles launched by the company.    <label type="Years of Experience">2005-2007</label>  <label type="Companies worked at">Miles ford Auto shop</label>  <label type="Designation">Automobile Engineer</label>      Scrutinized durability of the vehicles brought to the base.        Accompanied and assessed other engineers in their work.    Achievements      Recognized by the National Auto Staff Board for performance    Education    <label type="Graduation Year">2003-2005</label>  <label type="Degree">Masters in Automobile Engineering</label>, <label type="College Name">Denmark University</label>  <label type="Graduation Year">2000-2003</label>  <label type="Degree">Bachelors in Automobile Engineering</label>, <label type="College Name">Denmark University</label>"
</cv>
