<?xml version="1.0" encoding="UTF-8"?>
<cv>
"<label type="Name">Anton Bradtke</label>  120 N S Road  KFPA <label type="Location">Nagar  New Delhi</label>- 110001    Mobile  Home  Email    : 1236456789  : 123-34547890  : <label type="Email Address">Rosenbaum.Ilse@hotmail.com</label>    CARRIER OBJECTIVE  To ensure challenging position in a growing organization where I would be able to utilize my  capabilities to the best extend and in the process add value to the organization and my career.    ACADEMIC CREDENTIALS    Course    College/University    Year    Aggregate    <label type="Degree">B.TECH  (Electronics and  Communication)</label>    GGSIPU/ <label type="Degree">Maharaja Agrasen Institute of  Technology </label>   <label type="Graduation Year">2012</label>    Agg.- 76.7%    Senior SecondarySchool  examination(Class XII)    V.V.D.A.V PUBLIC SCHOOL, Vikas  Puri, New Delhi    2008    85.4%    Secondary School  examination(Class X)    V.V.D.A.V PUBLIC SCHOOL, Vikas  Puri, New Delhi    2006    89.8%    SOFTWAREAND HARDWARE SKILLS    \xef\x83\x98  \xef\x83\x98  \xef\x83\x98  \xef\x83\x98  \xef\x83\x98    <label type="Job Specific Skills">Programming</label> Languages  <label type="Job Specific Skills">Database Tools</label>  Working Platforms  Software worked on  Basic knowledge of    :  :  :  :  :    <label type="Tech Tools">C</label>, <label type="Tech Tools">C++</label>  <label type="Tech Tools">MS SQL  Windows</label>, <label type="Tech Tools">Linux</label>, <label type="Tech Tools">Ms-Dos</label>  <label type="Tech Tools">MATLAB</label>,<label type="Tech Tools">Spice tools</label>, <label type="Tech Tools">ORACLE</label>  Telecommunication , VLSI , microprocessor  8085,8086 ,<label type="Job Specific Skills">embedded system</label>,<label type="Job Specific Skills">DBMS</label>    PROFESSIONAL TRAININGS    \xef\x83\x98 Pursued 6 weeks Training in Doordarshan Kendra where I became familiar with  various technical areas concerning T.V broadcasting such as MSR, TV studio  chain, uplink ,downlink chains ,terrestrial broadcasting, news production and  transmission.  \xef\x83\x98 Pursued Six weeks training in VLSI in Engineers horizon in 2010. Made project  on Bcd to Decimal Decoder.    PROJECTS UNDERTAKEN    \xef\x83\x98  \xef\x83\x98  \xef\x83\x98  \xef\x83\x98  \xef\x83\x98  \xef\x83\x98    Library management under <label type="Tech Tools">C++</label>  Banking under <label type="Tech Tools">C++</label>  Intergrating leased line with firewire  Bcd to Decimal Decoder in VLSI  Stegnography  Pc to Pc communication using infrared    ACHEIVEMENTS  \xef\x83\x98  \xef\x83\x98  \xef\x83\x98    Won prize in the <label type="Soft Skills">English</label> debate competition organized in the college fest.  Active coordinator in the event robot wars  <label type="Tech Tools">Excel</label> certified by Ericsson    PERSONAL DOSSIER  Fathers Name  Mothers Name  Date of Birth  Nationality  Sex  Languages Known  Hobbies    :  :  :  :  :  :  :    Mr. Ravi Jain  Mrs. Neelu Jain  16-01-1991  Indian  Male  <label type="Soft Skills">English</label>, <label type="Soft Skills">Hindi</label>  Table Tennis, Contemporary Dance, Painting ,Cooking    DECLARATION    I hereby declare that the details mentioned above are true to the best of knowledge.  <label type="Name">Anton Bradtke</label>"
</cv>
