<?xml version="1.0" encoding="UTF-8"?>
<cv>
"<label type="Name">Xavier Shaina Hills</label>  Warren Ave., <label type="Location">Detroit, Michigan</label>  Phone: 123-345-7890  <label type="Email Address">Cythia.Hettinger@gmail.com</label>  Objective  To take on a supervisory position as part of a team of automotive designers in a leading  automotive manufacturers  Summary of Qualification      <label type="Years of Experience">Ten years of experience</label> rising through the ranks in a major automobile manufacturing  company.        Excellent command of <label type="Job Specific Skills">3D modeling</label> and <label type="Job Specific Skills">CAD/CAM software</label> tools        Sample of production cars models with major engineering participation available upon  request.    Career Experience/Job History  <label type="Years of Experience">2000  Present</label>: <label type="Designation">Assistant Automotive Engineer</label>, Passenger Vehicle, <label type="Companies worked at">General Motors</label>,  <label type="Location">Detroit</label>      Develop components and systems that provide engineered customer value at the least  production cost.        Meet with customers in a product focus group and marketing specialists and designers  to create a concept car that address what people want in a car, station wagon or SUV.        Coordinate with 3rd party suppliers of electronic control systems for accreditation and  acceptance for use in new models.        Coordinate with marketing for pricing structure of new models.        Document crash test results and implement engineering changes as necessary.        Document the features of approved car models.    Education  <label type="Years of Experience">2000  Present</label>: In house workshops on <label type="Job Specific Skills">automotive engineering design</label>, <label type="Job Specific Skills">fuel efficiency</label>,  <label type="Job Specific Skills">computerize automotive systems</label>.  <label type="Years of Experience">1996  2000</label>: <label type="Degree">Bachelor of Science in Automotive Engineering</label>, <label type="College Name">Michigan Technological  University</label>"
</cv>
