<?xml version="1.0" encoding="UTF-8"?>
<cv>
"MR  99 Example Street    N A M E  +60 12    <label type="Email Address">Wilkinson.Chun@gg.com</label>    <label type="Designation">O ffi ce M anag e r</label>  \xef\x81\xac    Dedicated and <label type="Job Specific Skills">technically skilled</label> business professional with a versatile <label type="Job Specific Skills">administrative support</label> skill set  developed through experience as an <label type="Designation">office manager</label>, <label type="Designation">secretary</label>, <label type="Designation">administrative assistant</label> and <label type="Designation">office clerk</label>.    \xef\x81\xac    Excel in resolving employer challenges with <label type="Soft Skills">innovative</label> solutions, <label type="Job Specific Skills">systems and process improvements</label>  proven  to increase efficiency, <label type="Job Specific Skills">customer satisfaction</label> and the bottom line.    \xef\x81\xac    Offer advanced computer skills in <label type="Tech Tools">MS Office Suite</label> and other applications/systems.  Ke y S ki ll s    \xef\x81\xac  \xef\x81\xac  \xef\x81\xac  \xef\x81\xac    <label type="Job Specific Skills">Office Management</label>  <label type="Job Specific Skills">Teambuilding &amp; Supervision</label>  <label type="Job Specific Skills">Staff Development &amp; Training</label>  <label type="Job Specific Skills">Policies &amp; Procedures</label> Manuals    \xef\x81\xac  \xef\x81\xac  \xef\x81\xac  \xef\x81\xac    <label type="Job Specific Skills">Report &amp; Document</label> Preparation  <label type="Job Specific Skills">Spreadsheet  &amp;  Database</label>  Creation  <label type="Job Specific Skills">Accounts Payable/Receivable  Bookkeeping</label> &amp; <label type="Job Specific Skills">Payroll</label>    \xef\x81\xac  \xef\x81\xac  \xef\x81\xac  \xef\x81\xac    <label type="Job Specific Skills">Records Management</label>  <label type="Job Specific Skills">Meeting &amp; Event Planning</label>  <label type="Job Specific Skills">Inventory Management</label>  <label type="Job Specific Skills">Expense Reduction</label>    E xp er ie nc e  <label type="Companies worked at">ABC STORE</label>, Example City  <label type="Years of Experience">1997 to Present</label>  <label type="Designation">Office Manager</label>, <label type="Years of Experience">2007 to present</label>  <label type="Designation">Secretary</label>, <label type="Years of Experience">1998 to 2007</label>  <label type="Designation">Office Clerk</label> (temp via ABC Agency), <label type="Years of Experience">1997 to 1998</label>  Repeatedly promoted during 12-year tenure with <label type="Companies worked at">ABC Store</label>, culminating in current responsibility for coordinating all  office functions and supervising a team of four administrative professionals. Results:  \xef\x81\xac    Developed efficiency-enhancing workflow/process improvements that made it possible to accommodate  increasing responsibilities necessitated by staff reductions.    \xef\x81\xac    Decreased office expenditures 15% by implementing needed controls on stock/supplies and standardizing  ordering procedures.    \xef\x81\xac    Saved thousands of dollars in fees and improved the response-rates of direct marketing campaigns by  bringing formerly outsourced mass-mailing function in-house.    <label type="Companies worked at">DEF FLOORING</label>, Example City  <label type="Years of Experience">1995 to 1997</label>  <label type="Designation">Receptionist</label>/<label type="Designation">Administrative Assistant </label> Served as executive assistant to the management team, handled a busy phone system, functioned as primary  liaison to customers and ensured a consistently positive customer experience. Results:  \xef\x81\xac    Helped drive a 10% increase in customer satisfaction (as measured by a customer survey in 1997).    \xef\x81\xac    Created automated daily stats report that reduced inaccuracies and provided management with an  important decision-making tool.    \xef\x81\xac    Quickly became a trusted assistant to the company president, executive staff and office manager and  earned a reputation for maintaining a positive attitude and producing high-quality work.  Edu c ati on    ABC SCHOOL, Example City    1997"
</cv>
