<?xml version="1.0" encoding="UTF-8"?>
<cv>
"<label type="Designation">Assistant Bank Manager</label> Resume    <label type="Name">Kyoko Bednar</label>  ABC Street, Red Fort Old Road  4123-3456-789087  0123-456789-36987  E mail: <label type="Email Address">Hettinger.Lurlene@lhak.com</label>  Career Objective :  Seeking the position of an <label type="Designation">Assistant Bank Manager </label>to utilize my skills, knowledge and experience in the financial  sectors.  Profile :  <label type="Years of Experience">Seven years of experience</label> as <label type="Designation">assistant branch manager</label> in various international and domestic banks  Excellent <label type="Soft Skills">presentation</label> and <label type="Soft Skills">interpersonal</label> skills  Instrumental in opening over two hundred new saving accounts  Extensive knowledge of rapport building  Possess good <label type="Soft Skills">leadership</label> skills  Professional experience :  <label type="Companies worked at">ABC International Bank</label>, <label type="Location">New Jersey, NY</label>  <label type="Years of Experience">2009 - present</label>  <label type="Designation">Assistant Bank Manager</label>  Handling the procedures and expediting the opening of saving accounts  Increasing business through networking and building new client relationships  Assisting managers in identifying sales opportunities for the branch  Updating daily reports to the manager  Training and overseeing performance of staff  Planning and implementing strategies to increase customer satisfaction  Ensuring merchandised stock orders as per the norms of the bank  <label type="Companies worked at">United Bank of Suzlon</label>, <label type="Location">New Jersey, NY</label>  <label type="Years of Experience">2007-2009</label>  <label type="Designation">Investment banking analyst</label> specialist  Conducted and presented industry research reports  Participated in equity structuring and underwriting  Performed the tasks of <label type="Job Specific Skills">financial analysis</label>  Built and utilized effective financial models  Conducted research on credit and debt capital markets    Page 1 of 2    <label type="Companies worked at">Global United Banking Organization</label>, <label type="Location">New Jersey, NY</label>  <label type="Years of Experience">2005 -2007</label>  <label type="Designation">Investment banking analyst</label>  Assisted clients' senior management and senior bankers in executing capital market's transactions  Handled the tasks of defining value entities and capital raising scenarios  Generated effective financial models to analyze pro forma effects and forecast financial growth  Analyzed discontinued cash flow, weighted average cost capital and company comparatives  Educational Qualification :  <label type="Degree">Graduate in Commerce</label>, <label type="College Name">Daffodils college of Arts</label>, <label type="Graduation Year">20003 - 04</label>  <label type="Degree">Post graduate in commerce</label>, <label type="College Name">University of New Jersey</label>, <label type="Graduation Year">2004-05</label>    Page 2 of 2"
</cv>
