<?xml version="1.0" encoding="UTF-8"?>
<cv>
"<label type="Name">Erin Olin Stehr</label>  <label type="Email Address">Bahringer.Edgar@hotmail.com</label> | PO Box 1673 | <label type="Location">Callahan, FL</label> 32011 | (H): 123-345-7890| (C): 123-345-7890    <label type="Designation">S ENIOR P ROJECT M ANAGER</label> |<label type="Designation"> C ONSTRUCTION E XECUTIVE</label> | <label type="Designation">P ROJECT C ONSULTANT</label>  Manage day-to-day operational aspects of projects and project scope by effectively applying methodologies that  enforce project standards and by minimizing exposure and risks on projects. Create and execute project work plans  and revise as appropriate to meet changing needs and requirements, including the identification of needed  resources and assignment to appropriate personnel. Experience includes the areas of:  \x01    \x01    \x01    \x01    \x01    <label type="Job Specific Skills">Project Management</label> - Proven progression of project management promotions and responsibilities as a result of an  excellent performance track record in planning, scheduling, coordinating, and managing activities for hundreds of  construction projects with budgets as small as $130k and as large as $4M.  <label type="Job Specific Skills">Project Administration</label> - Provide project estimates and surveys, and solicit specialty contractor bids to ensure  project compliance and completion; conduct quality control inspections intermediately and in the punch list phase  of projects; review workloads and set priorities to meet required project schedules and objectives.  <label type="Job Specific Skills">Project Analysis</label> - Perform cost comparison analysis of subcontractors vs. self-performance to maintain cost controls;  review material/subcontractor invoices for approval; reorganize work schedules and flow to reduce costs and improve  efficiency; analyze and ensure construction ability and methodology throughout all phases of the project road map.  <label type="Job Specific Skills">Project Teamwork</label> - Effectively supervise, train, and motivate staff, scheduling company employees with contractors  and subcontractors; build cooperative teams, staying involved with all staff members to develop and instill a genuine  team spirit; mediate conflicts and delegate jobs and authority in accordance with employees' skills and abilities.  <label type="Job Specific Skills">Project Coordination</label> - Maintain extensive knowledge of building codes, specifications, and regulations for numerous  states; simultaneously manage multiple projects and frequently finish ahead of schedule as a result of effective staff  development and motivation and workload planning; demonstrate exceptional abilities in the following key areas:  <label type="Job Specific Skills">Civil Engineering</label> | <label type="Job Specific Skills">Budgets &amp; Forecasting</label> | <label type="Job Specific Skills">Field &amp; Site Supervision</label> | <label type="Job Specific Skills">Quality Control</label> | Estimating &amp; <label type="Job Specific Skills">Surveys  Layout &amp; Design</label> | <label type="Job Specific Skills">Planning &amp; Coordination</label> | <label type="Job Specific Skills">Subcontractor Supervision</label> | <label type="Job Specific Skills">Project Management</label> | <label type="Job Specific Skills">Project Proposals</label>  <label type="Job Specific Skills">Client Presentations</label> | <label type="Job Specific Skills">Cost Controls</label> | <label type="Job Specific Skills">Contract Negotiations</label> | <label type="Job Specific Skills">Material Procurement</label> | <label type="Job Specific Skills">Policy &amp; Procedures</label>  <label type="Job Specific Skills">Multiple Location Management</label> | <label type="Job Specific Skills">Employee Supervision &amp; Training</label> | <label type="Job Specific Skills">Meeting Facilitation</label> | <label type="Job Specific Skills">Strategic Planning</label>  <label type="Job Specific Skills">Goal Setting</label> | <label type="Job Specific Skills">Safety Inspections</label> | <label type="Job Specific Skills">Blueprint Reading &amp; Analysis</label> | <label type="Job Specific Skills">Computer Estimation Software</label> | <label type="Degree">CPR Certified</label>    P ROFESSIONAL E XPERIENCE  <label type="Companies worked at">Quality Builders, Inc.</label>, <label type="Location">Los Angeles, CA</label>  <label type="Years of Experience">2011 to Present </label> <label type="Companies worked at">Construction Quality Solutions, LLC</label>, <label type="Location">Los Angeles, CA</label>  <label type="Years of Experience">2010 to Present</label>  \xe2\x80\x9cProvide solutions for Industrial, Commercial, Residential, and Agricultural Maintenance Situations.\xe2\x80\x9d  <label type="Designation">Owner</label>/<label type="Designation">Operator</label> - Oversee all aspects of multiple, ongoing construction, landscaping, and wholesale mulch operations, as  well as Construction Quality Solutions, LLC, a company that has earned $2.5M in sales since incorporating by providing  products and services to the federal government including computers, furniture, toner cartridges, and energy efficiency  upgrades.  \x01 Develop contracts to provide crews for and management of long-term, preventive, janitorial, and grounds  maintenance projects or for short-term maintenance personnel when employees take vacations or are sick or injured.  \x01 Provide equipment rebuilds or spare parts inventory maintenance, supply room management, inventory, and procuring  and ordering supplies and materials within budgetary guidelines for customers including large and small businesses.  \x01 Conduct site management including environmental reporting, summer and winter preparedness plans, building  inspections, perimeter security inspections, rodent trap inspections, and fire suppression system reporting.  <label type="Companies worked at">Acme Mechanics, Inc.</label>,<label type="Location"> Los Angeles, CA</label>  <label type="Years of Experience">2007 to 2010</label>  <label type="Designation">Vice President of Operations</label> - Promoted to review and approve adequate plans for the control of planned outputs, budget  spending, labor and material efficiency, engineering effectiveness, customer service, order entry efficiency, and staff utilization.    J<label type="Name">Erin Olin Stehr</label>    Page 2    Professional Experience Continued \xe2\x80\xa6    \x01    Worked closely with Project Managers and Delivery engineers regarding constructability, timing, costs, and quality;  reviewed performance against operating plans and standards, providing reports to subordinates on interpretation  of results and approving changes in direction of plans.    <label type="Companies worked at">Southern Mechanical Services, Inc.</label>, <label type="Location">Boston, MA</label>  <label type="Designation">Vice President of Field Construction</label> - Took this small company\xe2\x80\x94with 25 employees\xe2\x80\x94and managed growth, increasing  the size of the company to 85 employees and implementing a successful safety culture/program.  \x01 Delivered on-site construction quality within budget and scheduled targets against agreed upon performance measures  in all key aspects such as safety, environment, cost, schedule, and quality as well as continuous improvement against  established performance metrics; drove business improvement initiatives within areas of responsibilities.  <label type="Companies worked at">Pipeline Alaska, Inc.</label>, <label type="Location">Vancouver, B.C.</label> <label type="Location">Canada</label>  <label type="Years of Experience">1997 to 2007</label>  <label type="Designation">Process Mechanical Division Manager</label>/<label type="Designation">VP Field Services</label> (<label type="Years of Experience">2005-2007</label>) - Promoted to work with Business Development on  the front end, supervise Project Managers, and report directly to the CEO on all project status.  \x01 Maintained division budgets, managed 6 office personnel, 12 superintendants, and 225 field employees, meeting  weekly with business development to create sales strategies and targets; attended pre-bid, estimated project costs,  created proposals, negotiated and finalized contracts.  \x01 Met with Subcontractors to monitor safety programs and compliance of all IPI policies; met with Insurance company  representatives to negotiate lower premiums upon implementation of specific training programs.  <label type="Designation">Senior Project Manager</label> (<label type="Years of Experience">2001-2004</label>) - Promoted to simultaneously manage multiple projects while supervising all aspects  of subcontractors responsibilities including interviewing, hiring, training, and scheduling of up to 40 employees.  \x01 Managed contracts in all phases, from pre-award to project completion; coordinated projects and managed multiple  sites; oversaw the superintendent, field engineers, foremen, and tradesmen while ensuring quality assurance and  compliance to all safety, environmental standards, and government regulations.  \x01 Oversaw and managed a multiple regional territory that included Mississippi, Idaho, and Pennsylvania where the  managed projects were (50%) specialty contractor projects and (50%) self-performance, ranging from $1k to $4M.  \x01 Ordered materials, negotiated subcontracts, sourced manpower, created schedules, negotiated change orders,  closed out of projects, walked through with all subcontractors and owners to obtain CO.  <label type="Designation">Project Manager</label>/<label type="Designation">Lead Estimator</label> (<label type="Years of Experience">1998-2001</label>) - Promoted after one year of employment; provided effective and efficient  instruction to division staff regarding utilization of estimation software.  \x01 Developed and implemented various programs to enhance safety, efficiencies, and productivity including: Confined  Space Training Program and Quarterly Superintendent Safety Training and Management Training.  <label type="Designation">Project Engineer</label>/<label type="Designation">Estimator</label> (<label type="Years of Experience">1997-1998</label>) - Successfully managed small local projects.  \x01 Duties entailed preparing specialty subcontractor bid packages, material procurement for two project managers,  reviewing contracts, and preparing action lists for project managers.    P ROFE SSI ONAL D EVELOPMENT  <label type="College Name">STATE UNIVERSITY OF DALLAS at TEXAS</label>, <label type="Location">Dallas, TX</label> - <label type="Degree">Bachelor of Science in Civil Engineering</label>, <label type="Graduation Year">1996</label>  TRAINING:  Engineering In-Training Exam, <label type="Graduation Year">1997</label> | Estimation Inc., Advanced Course, 1997  Confined Space Entry/Rescue Training with Mobile Simulator, 2002, 2001, 2000, 1998  Blood-borne Pathogens, 2002 | <label type="Degree">CPR Certification</label>, 2002, 2001 | Construction Law Seminar, 2000  Tradepower Estimation Version 9.2, 2002 Course | Timberline Precision Estimating Version 2.1 Training Course  AFFILIATIONS:  American Welding Society | American Society of Civil Engineers (ACSE) | Habitat for Humanity, Stanly County  Boy Scouts of America, Eagle Scout    NC General Contractor / North Carolina Renovation Firm (Certified for Lead Renovation Repair and Paint)  U.S. citizen / Extensive international travel / Willing to relocate / Willing to travel  Excellent references available upon request"
</cv>
