<?xml version="1.0" encoding="UTF-8"?>
<cv>
"<label type="Name">Divina Veum</label>  <label type="Designation">Marketing manager</label>  AREAS OF EXPERTISE  <label type="Job Specific Skills">Direct marketing</label>  <label type="Job Specific Skills">Marketing plans</label>  <label type="Job Specific Skills">SEO &amp; PPC</label> campaigns  <label type="Job Specific Skills">Client development</label>    PERSONAL SUMMARY  A highly efficient, innovative and methodical <label type="Designation">marketing manager</label> with extensive  experience of supporting sales departments by reviewing, developing, defining their  overall marketing strategy. Can relate well with people at all levels and has the  flexibility of working well as part of a team or individually. Comfortable working in a  fast paced, hands-on, growth orientated work environment and possessing a proven  ability to ensure that brand messages, standards and communications are understood  and implemented effectively.    <label type="Job Specific Skills">Brand marketing</label>    Now looking forward to a making a significant contribution to the marketing  department of a company that offers genuine opportunities for progression.    <label type="Job Specific Skills">Sales presentations</label>    WORK EXPERIENCE    <label type="Companies worked at">B2B and B2C    Online Retailer</label>  <label type="Location">Coventry</label>    <label type="Designation">MARKETING MANAGER</label>  <label type="Job Specific Skills">Competitor analysis</label>  <label type="Job Specific Skills">Project management</label>  <label type="Job Specific Skills">Market research</label>    <label type="Years of Experience">June 2008 - Present</label>    In a business critical role making a substantial contribution to the future growth of the  company. Responsible for all <label type="Job Specific Skills">corporate marketing</label>, researching and planning  campaigns, including the delivery and results for a key strategic initiatives.    <label type="Soft Skills">Influencing</label> skills    Duties:  Developing a marketing team to implement strategy &amp; delivering on objectives.  Design, implement &amp; facilitate an effective local &amp; national marketing strategy.  Carrying out effective research &amp; intelligence into competitor products &amp; other trends.  Constantly improving business development activities.  Overseeing and managing financial budgets.  Manage daily activities with PR, press and marketing communications agencies.  Develop partnerships &amp; relationships with third parties to meet strategic objectives.  Identifying key marketing opportunities.  Making sure that campaigns run to deadline and on budget.  Online campaigns, web site, use of digital/social media.  Budget setting and control, including measurement and return on investment.  Management of sponsorships for conferences and events.  Exceptional project and <label type="Soft Skills">time management</label> skills.  Monitoring &amp; reporting to senior managers on the effectiveness of strategies/campaigns.  Setting the scope, implementation, management &amp; review of marketing campaigns.    Patient    KEY SKILLS AND COMPETENCIES    PROFESSIONAL  Higher Professional  <label type="Degree">Diploma in Business  Administration</label>  (City &amp; Guilds)    PERSONAL SKILLS  <label type="Soft Skills">Positive attitude</label>    PERSONAL DETAILS  <label type="Name">Divina Veum</label>  34 Anywhere Road  Coventry  CV6 7RF    Experience of executing a successful <label type="Job Specific Skills">website marketing campaign</label>.  Strong <label type="Soft Skills">leadership</label> and <label type="Soft Skills">consensus building</label> skills.  Track record in the development and implementation of integrated campaigns.  Able to quickly understand customer needs and to deliver timely and cost -effective  solutions.    ACADEMIC QUALIFICATIONS    T: 02123 345 7890  M: 0123 345 7890  E: <label type="Email Address">cLebsack@sas.info</label>    <label type="Degree">BSc (Hons)  Marketing</label>  <label type="College Name">Nuneaton University</label> <label type="Graduation Year">2005 - 2008</label>    DOB: 12/09/1985  Driving license: Yes  Nationality: British    A levels:  Maths (A) English (B) Technology (B) Science (C)  <label type="College Name">Coventry Central College</label> <label type="Graduation Year">2003 - 2005</label>  REFERENCES  Available on request.    Copyright information - Please read  \xc2\xa9 This marketing manager CV template is the copyright of <label type="Companies worked at">Dayjob Ltd</label> August 2010. Jobseekers may download and use this  CV example for their own personal use to help them create their own CVs. You are most welcome to link to this page or any  other page on our site www.dayjob.com. However these CVs must not be distributed or made available on other websites  without our prior permission. For any questions relating to the use of this CV template please email: <label type="Email Address">cLebsack@sas.info</label>."
</cv>
