<?xml version="1.0" encoding="UTF-8"?>
<cv>
"RESUME  <label type="Name">Levi Rickie Wilderman</label>,  <label type="Designation">PhD student</label> (<label type="Degree">Computer Science</label>),  Room No. CS 106  <label type="Companies worked at">Department of Computer Science,  IIT</label>, <label type="Location">KANPUR,  UP, INDIA</label>.  E-mail : <label type="Email Address">Nestor51@gmail.com</label> or  <label type="Email Address">Nestor51@gmail.com</label> or <label type="Email Address">Nestor51@gmail.com</label>  Mobile : 91- 1235456789, 91  1239456789 (R)    Career Objective: To pursue a challenging career and be part of a progressive  organization that gives scope to enhance my knowledge, skills and to reach the pinnacle  in the computing and research field with sheer determination, dedication and hard work.    Work Experience:  \xef\x81\xac          Pursuing <label type="Job Specific Skills">research</label> in the <label type="Companies worked at">Department of Computer Science and Engineering  at IIT</label>, <label type="Location">Kanpur</label>.  Worked as a <label type="Designation">Lecturer</label> in the <label type="Companies worked at">Department of Information &amp; Communication  Technology</label> at <label type="College Name">Manipal Institute of Technology</label>, <label type="Location">MANIPAL</label> from <label type="Years of Experience">04-09-2003 to  19-12-2007</label> ( 4 years 3 months).  1.5 years of work experience as a <label type="Designation">Lecturer</label> in the <label type="Companies worked at">Department of Mathematics</label> at  <label type="College Name">Government College</label>, <label type="Location">Kasaragod</label>  671 121.    Projects &amp; Work Done:  1. M.Tech Project:    \xe2\x80\x9cTCP SWITCHING\xe2\x80\x9d  Technology Used: <label type="Tech Tools">C</label>, <label type="Tech Tools">Linux</label>  Responsibility: My responsibilities were to code and to document.  Project Description: Using circuit switching technology in packet  switched network to speed up the transmission process. Built a  <label type="Tech Tools">Linux</label> kernel module for easy integration of the solution to the  enterprise environment.  2. Worked as a team member in PHILIPS BOP project (TELE MEDICINE project in  rural area).  http://www.grassrootinnovations.org/BoP_engagements/ajitha_shenoy.htm  Responsibility: Conducted survey in rural areas and primary health care centers  to understand the feasibility and demand for the TELE MEDICINE project.  Based on the statistics draw graphs and analyze the survey results. Also they  involved me in Idea Evaluation to check whether the Ideas given by the people  are new and patentable.  Got Appreciation Certificate from Philips, India    Page 1 of 3    3. Guided several B.E, MCA projects.  4. Taken Online VSAT classes for Sikkim Manipal University.  5. Taken Classes for <label type="Degree">BE (IT)</label>, <label type="Degree">MCA</label> and <label type="Degree">M.Tech</label> (Software Engineering) at  <label type="College Name">Manipal Institute of Technology (MIT)</label>, <label type="Location">Manipal, Karnataka</label> State.  6. Taken Classes for <label type="Degree">B.Sc</label> (Mathematics), M.Sc(Mathematics) at Govt. College,  Kasaragod, Kerala State.    Academic Profile:  Pursuing <label type="Degree">P.hD</label> in the <label type="College Name">Department of Computer Science and Engineering, IIT</label>,  <label type="Location">Kanpur</label>. Completed 1.5 years with CPI of 9 out of 10  GATE  2000 Qualified (All India 156th Rank)  University/Board    Year    % Marks Class  Obtained    Calicut University    1997    89.8    Kannur University    1999    76.27    2003    CGPA  First  with  8.11 out Distinction  10    Examination  Passed  B.Sc  (Mathematics)    M.Sc  (Mathematics)    M.Tech  (Computer and  Information  Cochin University  Science)    First  with  Distinction  (First in the  Class)  First  with  Distinction  (First in the  Class)    Technical Skills:  Programming languages  Back end  Operating System  Tools    : <label type="Tech Tools">C</label>, <label type="Tech Tools">C++</label>, <label type="Tech Tools">MFC</label>, <label type="Tech Tools">VC++</label>, <label type="Tech Tools">VB.Net</label>, <label type="Tech Tools">JAVA</label>  : <label type="Tech Tools">ORACLE 9i</label>  : <label type="Tech Tools">Windows</label>, <label type="Tech Tools">Linux</label>  : <label type="Tech Tools">VMware</label>    Field of interest  : <label type="Job Specific Skills">Algorithms</label>, <label type="Job Specific Skills">Graph Algorithms</label>, <label type="Job Specific Skills">Randomized Algorithms</label>, <label type="Job Specific Skills">Bioinformatics</label>, <label type="Job Specific Skills">Data Structures</label>, <label type="Job Specific Skills">Object Oriented Technology</label>, <label type="Job Specific Skills">Computational Geometry</label>,  and <label type="Job Specific Skills">Mathematics</label>.    Page 2 of 3    Subject Taught :  Design and Analysis of Algorithm, Object Oriented Programming Using C++, Visual  Programming (VC++), System Simulation and Modeling, Multimedia Communication,  Advanced Computer Networks, Mathematics.  Extra Co curricular Activities :  1. Attended 19th Jyvaskyla summer school on Evolutionary Algorithms conducted by  University of Jyvaskyla, Finland (from 17-21st August 2009 )  2. Attended two days workshop on ""Server Virtualization Technology"" Conducted by  Computer Science Department MIT, Manipal. Lectures and hands on experience class  taken by Software Engineers from Vmware.  3. Attended training in Microsoft .NET organized by Manipal Universal learning &amp;  Department of Computer Science Engineering, <label type="College Name">MIT</label>, <label type="Location">Manipal</label>. Training given by  Indicom software &amp; Services.  4. Attended workshops conducted by Dept. of Bio Medical Engg and Dept. of  Information and communication Technology, Manipal Institute of Technology,  Manipal.  5. Finance coordinator for International Conference conducted by Dept. of Information  and Communication Technology, Manipal Institute of Technology, <label type="Location">Manipal</label>.  6. Department representative for MAHE website development committee.    Personal Profile:  Name:  Gender:  Date of birth:  Marital status:  Nationality:  Fathers Name:  Linguistic Ability:  Passport Number:  Present Address:    AJITHA SHENOY .K.B  Male  28-05-1977  Single  Indian  Late. Sri. K.B. Narayana Shenoy  <label type="Soft Skills">English</label>, <label type="Soft Skills">Hindi</label>, <label type="Soft Skills">Kannada</label>, <label type="Soft Skills">Malayalam</label>, <label type="Soft Skills">Konkani</label>, <label type="Soft Skills">Tulu</label>  F7190229  B5, SBRA  Indian Institute of Technology,  KANPUR  208016.    Personal Strength:    <label type="Soft Skills">Leadership</label> skills, <label type="Soft Skills">Self-confidence</label>, <label type="Soft Skills">Optimism</label> and <label type="Soft Skills">Hard working</label>.    Declaration: I hereby declare that all the details furnished above are true to the best of  my knowledge and belief.    <label type="Name">Levi Rickie Wilderman</label>    Page 3 of 3"
</cv>
