<?xml version="1.0" encoding="UTF-8"?>
<cv>
"<label type="Name">Cassin</label> XXXX  Mobile: +91-99********    E-mail: <label type="Email Address">Garnett.Pollich@btah.net</label>    Career Summary      More than <label type="Years of Experience">5 Years of experience</label> in <label type="Designation">Web Application Development &amp;  Designing </label>       Proficiency in <label type="Tech Tools">Java</label>, <label type="Tech Tools">J2EE</label> and the latest frameworks like <label type="Tech Tools">JSF</label>, <label type="Tech Tools">Oracle ADF</label>  components        Extensive experience in developing various <label type="Job Specific Skills">web based applications</label> using  <label type="Tech Tools">Hibernate 3.0</label> and <label type="Tech Tools">Spring frameworks</label>.        Experience with <label type="Job Specific Skills">WEB 2.0 technologies</label> like <label type="Tech Tools">Flex 3.0</label>, <label type="Tech Tools">DWR</label>, <label type="Tech Tools">Ajax</label> and <label type="Tech Tools">CSS 3</label>.        Hands on experience on <label type="Tech Tools">Alfresco 2.1 </label>content repository.        Strong <label type="Soft Skills">interpersonal</label> and <label type="Soft Skills">communication</label> skills with an ability to lead a team  and keep them motivated.    Technical Skill Set      Languages/Technologies: <label type="Tech Tools">JAVA</label>, <label type="Tech Tools">J2EE</label>, <label type="Tech Tools">JSF</label>, <label type="Tech Tools">Hibernate 3.0</label>, <label type="Tech Tools">Spring</label>, <label type="Tech Tools">Swing</label>,  <label type="Tech Tools">JavaScript</label>, <label type="Tech Tools">SQL</label>, <label type="Tech Tools">HTML</label>, <label type="Tech Tools">Alfresco 2.1</label>, <label type="Tech Tools">JPA</label> , <label type="Tech Tools">EJB 3.0</label>        Database: <label type="Tech Tools">Oracle</label>, <label type="Tech Tools">Ingres</label>, <label type="Tech Tools">MySQL</label>        Distributed/Web Environments: <label type="Tech Tools">Jboss 3x</label>, 4x, 5x, <label type="Tech Tools">Tomcat 5.0</label>        Development tools: <label type="Tech Tools">Eclipse</label>, <label type="Tech Tools">MyEclipse5.0</label>, <label type="Tech Tools">Putty</label>, <label type="Tech Tools">WSFTP</label>, <label type="Tech Tools">Toad</label>, <label type="Tech Tools">Textpad</label>,  <label type="Tech Tools">TestNG</label>, <label type="Tech Tools">FindBugs</label>, <label type="Tech Tools">OpenEJB</label>, <label type="Tech Tools">NetBeans 6.9</label>        Operating Systems: <label type="Tech Tools">Windows /98/NT 4.0/2000/XP</label>, <label type="Tech Tools">Mac</label>, <label type="Tech Tools">UNIX/Solaris</label>,  <label type="Tech Tools">Ubuntu</label>        Test Case: <label type="Tech Tools">Mercury Quality Center</label>    Functional Skill Set      Ability to handle a team of developers and co-ordinate smooth delivery of the  project.        Training the new members in the team and getting them productive quickly.        Strong client facing skills.        <label type="Soft Skills">Problem solving</label> capability peered with strong <label type="Soft Skills">communication</label> skills.    Key Projects Undertaken  Project: A    Duration: 6 months    Team size: Role: Team  15    Lead    Environment: <label type="Tech Tools">J2SE</label>, <label type="Tech Tools">J2EE</label>, <label type="Tech Tools">MySQL 5.0</label>, <label type="Tech Tools">Derby</label>, <label type="Tech Tools">Struts</label>, <label type="Tech Tools">Tiles</label>, <label type="Tech Tools">JPA</label>, <label type="Tech Tools">Spring</label>, <label type="Tech Tools">Swing</label>,  <label type="Tech Tools">JAXWS</label> Web Services, <label type="Tech Tools">Google Guice</label>, <label type="Tech Tools">Jasper Reports</label>,<label type="Tech Tools">Tomcat 5.0</label>, <label type="Tech Tools">Ubuntu</label>,<label type="Tech Tools"> Windows  XP</label>  Project Detail: 2-3 lines    Project B    Duration: 5 months    Team size: Role: Team  16    Lead    Environment: <label type="Tech Tools">J2SE</label>, <label type="Tech Tools">J2EE</label>, <label type="Tech Tools">Alfresco 2.1</label>, <label type="Tech Tools">Adobe After Effects</label>, <label type="Tech Tools">Winductor Script</label>,  <label type="Tech Tools">Oracle 10g</label>, <label type="Tech Tools">Java Script</label>, <label type="Tech Tools">Jboss 4x</label>, <label type="Tech Tools">Windows XP</label>, <label type="Tech Tools">Hibernate</label>, <label type="Tech Tools">DWR</label> , <label type="Tech Tools">Adobe JSX  Scripts</label>.  Description: 2-3 lines    Project: C    Duration: 7 months    Team size: Role: Module  10    Lead    Environment: <label type="Tech Tools">J2SE</label>, <label type="Tech Tools">J2EE</label>, <label type="Tech Tools">Alfresco 2.1</label>, <label type="Tech Tools">Adobe After Effects</label>, <label type="Tech Tools">Winductor Script</label>,  <label type="Tech Tools">Oracle 10g</label>, <label type="Tech Tools">Java Script</label>, <label type="Tech Tools">Jboss 4x</label>, <label type="Tech Tools">Windows XP</label>, <label type="Tech Tools">Hibernate</label>, <label type="Tech Tools">DWR</label> , <label type="Tech Tools">EJB 3.0</label>,<label type="Tech Tools">Adobe  JSX Scripts</label>.  Description: 2-3 lines"
</cv>
