<?xml version="1.0" encoding="UTF-8"?>
<cv>
"<label type="Name">Lionel Leigh White</label>  3748 Bee Street  <label type="Location">Grand Rapids, MI </label>49503  Phone: 123-345-7890  Email: <label type="Email Address">Jefferson97@hotmail.com</label>  Career Objective:  Interested in working as a <label type="Designation">PHP Developer</label> for a leading software company and serve  its clients by providing excellent software experience and technical support.  Summary of Skills:      Experience with s<label type="Job Specific Skills">oftware development</label> environment        Strong understanding of <label type="Job Specific Skills">agile development</label> practices        Excellent eyes and hands at <label type="Job Specific Skills">finding and correcting errors in code</label>        Comfortable with the current <label type="Job Specific Skills">web security principles</label>        Sound knowledge of <label type="Tech Tools">HTML5</label>, <label type="Tech Tools">XML</label>, <label type="Tech Tools">DHTML</label>, <label type="Tech Tools">CSS</label>, <label type="Tech Tools">MySQL</label>, and <label type="Tech Tools">JQuery</label>        Familiarity with internet related principles and <label type="Job Specific Skills">software release cycles</label>        Ability to write <label type="Tech Tools">PHP</label> program for multiple browsers        Skilled in designing and implementing database design    Work Experience:  <label type="Designation">PHP Developer</label>  <label type="Companies worked at">Sound Web Services</label>, <label type="Location">Grand Rapids, MI</label>  <label type="Years of Experience">November 2012 - Present</label>      Review and write functional and complaint code        Work with the web designer and project manager and stay on target        Provide creative input for making the website dynamic interactive, and userfriendly        Upload forms on websites and track users' request, comment, and  complaints        Troubleshoot problems in code and maintain existing system        Provide complete technical support for <label type="Job Specific Skills">eCommerce</label> functionality        Practice best and standard coding practices in all projects        Assist in the <label type="Job Specific Skills">designing</label>, <label type="Job Specific Skills">development</label>, and <label type="Job Specific Skills">deployment</label> of interactive projects    <label type="Designation">PHP Developer</label>  <label type="Companies worked at">Ascent Web Solutions</label>, <label type="Location">Grand Rapids, MI</label>  <label type="Years of Experience">August 2010 - October 2012</label>      Chalked out project requirements by communicating with clients and project  manager        Assisted in the development of <label type="Job Specific Skills">DB2 database</label>        Performed code testing in accordance with industry coding standards        Developed programs for smooth running of videos and animations on  websites        Tracked and maintained details of visitors on each web page        Contributed in the design and development of advanced ecommerce web  projects        Troubleshot, tested, and maintained the project databases    Education:      <label type="Degree">Bachelor's Degree in Computer Science</label>  <label type="College Name">Emerge College</label>, <label type="Location">Grand Rapids, MI</label>  <label type="Graduation Year">2010</label>    Reference:  On request."
</cv>
