<?xml version="1.0" encoding="UTF-8"?>
<cv>
<label type="Name">Maryanne Elin Jacobs</label>
<label type="Soft Skills">Decisive</label>, <label type="Soft Skills">Data driven</label> and <label type="Soft Skills">results-oriented</label> professional offering
<label type="Years of Experience">13 years</label> of experience in <label type="Companies worked at">Infosys Limited</label> handling and managing
<label type="Job Specific Skills">Information Technology projects</label> in Telecom domain with the last 3+
years focused on <label type="Job Specific Skills">Project Management</label>.

<label type="Location">Chennai, Tamil Nadu</label> - Email me on Indeed: <label type="Email Address">Crissy38@hotmail.com</label>

for excellence in project delivery (<label type="Years of Experience">2015 - 2016</label>)

<label type="Soft Skills">Optimistic</label> <label type="Job Specific Skills">Project Manager</label> with a
total experience of <label type="Years of Experience">13 years</label>, <label type="Designation">TECHNOLOGY LEAD / ANALYST</label>
accomplished in prioritizing and <label type="Companies worked at">INFOSYS LIMITED</label>, <label type="Location">INDIA &amp; USA</label>
delivering projects with competence. <label type="Years of Experience">December 2008 - January 2015</label>
Data driven <label type="Soft Skills">decision maker</label>, <label type="Soft Skills">creative</label> • Key responsibilities included: <label type="Job Specific Skills">Requirements Gathering</label>
and elucidation,
<label type="Soft Skills">problem solver</label> and a resilient Estimation, <label type="Job Specific Skills">Defect Management</label> &amp; <label type="Job Specific Skills">Warranty Support</label>, Team /
Resource
<label type="Soft Skills">negotiator</label> with a remarkable <label type="Job Specific Skills">Management</label>, On-time Escalation, Status reporting and Client
understanding of business goals and engagement
operational methodologies. • Spear-headed the effort of making an entire suite of Consumer
applications Web Accessibility complaint based on a WCAG 2.0 and
WAI-ARIA guidelines for one of the World's largest Telecom service

Willing to relocate to: <label type="Location">Pune, Maharashtra</label> - <label type="Location">Bengaluru, Karnataka</label> - <label type="Location">Chennai, Tamil Nadu</label>

WORK EXPERIENCE

<label type="Designation">Project Manager</label> / <label type="Designation">Technology Lead</label>

<label type="Companies worked at">Infosys Limited</label> -

<label type="Years of Experience">February 2015 to Present</label>

• Key responsibilities included: <label type="Job Specific Skills">Project Scoping</label>, <label type="Job Specific Skills">Estimation</label>, <label type="Job Specific Skills">Resource Planning</label>, Scheduling,
<label type="Job Specific Skills">Quality Planning &amp; Management</label>, <label type="Job Specific Skills">Risk Planning</label> &amp; Mitigation, <label type="Job Specific Skills">Defect Management</label> &amp; <label type="Job Specific Skills">Warranty
Support</label>, Team / Resource Management, Continuous evaluation and providing feedback through
appraisals, On-time Escalation, Status reporting and Client engagement.
• An ardent believer and practitioner of Data driven decision making; skilled in Business Analytics
and Intelligence encompassing Statistical
concepts, <label type="Soft Skills">Data Analysis</label>, <label type="Soft Skills">Data Visualization</label> and <label type="Soft Skills">Presentation</label>, <label type="Job Specific Skills">Predictive Modeling</label>, <label type="Job Specific Skills">Artificial
Intelligence</label> and <label type="Job Specific Skills">Machine Learning algorithms</label> and basics of <label type="Job Specific Skills">web scraping</label> - <label type="Job Specific Skills">Text/Sentiment
Analytics</label>.
• Adept in effectively contributing and handling all <label type="Job Specific Skills">Agile</label> ceremonies, have extensively worked
on <label type="Job Specific Skills">Waterfall</label> model based projects as well.
• Proposed and Implemented <label type="Job Specific Skills">Project and Process level improvement</label> techniques which resulted
in mitigating the risk and bringing back project
delivery on-track.
• Independently managed and mentored a dynamic 30 member team.

https://www.indeed.com/r/maryanne-elin-jacobs
https://www.indeed.com/r/maryanne-elin-jacobs


• Winner of the Most Valuable Player Award in large engagement category

<label type="Designation">Project Manager</label> / <label type="Designation">Technology Lead</label>

<label type="Companies worked at">Infosys Limited</label> -

<label type="Years of Experience">February 2015 to Present</label>

- Key responsibilities included: <label type="Job Specific Skills">Project Scoping</label>, <label type="Job Specific Skills">Estimation</label>, <label type="Job Specific Skills">Resource Planning</label>, Scheduling,
<label type="Job Specific Skills">Quality Planning &amp; Management</label>, <label type="Job Specific Skills">Risk Planning &amp; Mitigation</label>, <label type="Job Specific Skills">Defect Management</label> &amp; <label type="Job Specific Skills">Warranty
Support</label>, Team / <label type="Job Specific Skills">Resource Management</label>, Continuous evaluation and providing feedback through
appraisals, On-time Escalation, Status reporting and Client engagement.
- An ardent believer and practitioner of Data driven decision making; skilled in <label type="Job Specific Skills">Business
Analytics</label> and Intelligence encompassing <label type="Job Specific Skills">Statistical concepts</label>, <label type="Soft Skills">Data Analysis</label>, <label type="Soft Skills">Data Visualization</label>
and <label type="Soft Skills">Presentation</label>, P<label type="Job Specific Skills">redictive Modeling</label>, <label type="Job Specific Skills">Artificial Intelligence</label> and <label type="Job Specific Skills">Machine Learning algorithms</label>
and basics of <label type="Job Specific Skills">web scraping</label> - <label type="Job Specific Skills">Text/Sentiment Analytics</label>.
- Adept in effectively contributing and handling all <label type="Job Specific Skills">Agile</label> ceremonies, have extensively worked
on <label type="Job Specific Skills">Waterfall</label> model based projects as well.
- Proposed and Implemented Project and Process level improvement techniques which resulted
in mitigating the risk and bringing back project delivery on-track.
- Independently managed and mentored a dynamic 30 member team.
- Winner of the Most Valuable Player Award in large engagement category for excellence in project
delivery (2015 – 2016).

<label type="Designation">Technology Lead</label> / <label type="Designation">Analyst
</label>
<label type="Companies worked at">Infosys Limited</label>

• Key responsibilities included: <label type="Job Specific Skills">Requirements Gathering</label> and elucidation, <label type="Job Specific Skills">Estimation</label>, <label type="Job Specific Skills">Defect
Management</label> &amp; <label type="Job Specific Skills">Warranty Support</label>, Team / <label type="Job Specific Skills">Resource Management</label>, On-time Escalation, Status
reporting and Client engagement
• Spear-headed the effort of making an entire suite of Consumer applications Web Accessibility
complaint based on a WCAG 2.0 and WAI-ARIA guidelines for one of the World’s largest Telecom
service provider
• Working with diverse clients, across different cities in US resulted in enhancing customer
relationship.
• Exceptional client interfacing and engagement skills resulted in significant project expansion
which included addition of two new applications to the suite of applications that we managed
• Winner of the Best Team Award in mid-size project category for excellence in Project execution
(2014 – 2015)

EDUCATION

<label type="Degree">Post Graduate Program in Business Analytics &amp; Business Intelligence</label> in
<label type="College Name">BUSINESS

Great Lakes Institute Of Management</label> -  <label type="Location">Chennai, Tamil Nadu</label>

<label type="Graduation Year">2017 to 2018</label>

<label type="Degree">BACHELOR OF ENGINEERING in ELECTRONICS &amp; COMMUNICATION
ENGINEERING</label>



<label type="College Name">Adhiparasakthi Engineering College (Anna University)</label>

<label type="Graduation Year">2001 to 2005</label>

IBM Jazz

Quality Center (ALM)
</cv>
