<?xml version="1.0" encoding="UTF-8"?>
<cv>
"<label type="Name">Lloyd Jasmin Lubowitz</label>  <label type="Designation">Sr. Consultant</label>, <label type="Designation">QA</label>    Summary                            <label type="Years of Experience">13 years of experience</label> in <label type="Designation">Software Testing</label> (manual/ black box). 1 year of <label type="Designation">software development</label> in  <label type="Job Specific Skills">static/ dynamic web pages</label>, <label type="Job Specific Skills">client and server scripting</label>. 1 year of <label type="Job Specific Skills">Automation</label> experience in <label type="Tech Tools">QTP  v8.0</label>  <label type="Degree">Certification on Software Testing</label>, <label type="Job Specific Skills">Software Quality Assurance</label>, <label type="Job Specific Skills">Business Communication</label>  Worked with QA team to test, Prevent problems &amp; Measure success together with Business Analyst  to understand the needs &amp; expectation of the client, to clarify requirements and make  recommendations.  Proficient in wide range of <label type="Job Specific Skills">testing</label> (<label type="Job Specific Skills">BVT</label>, <label type="Job Specific Skills">Functional</label>, <label type="Job Specific Skills">Regression</label>, <label type="Job Specific Skills">Exploratory</label>, <label type="Job Specific Skills">Integration</label>,  <label type="Job Specific Skills">System</label>, <label type="Job Specific Skills">Localization</label>, <label type="Job Specific Skills">Browser Compatibility</label>, <label type="Job Specific Skills">Ad-hoc/ random</label>, <label type="Job Specific Skills">Alpha</label>, <label type="Job Specific Skills">Beta</label>, <label type="Job Specific Skills">UAT</label>, <label type="Job Specific Skills">RC</label>) for  domains (Security, Retail, Travel, Clinical Trial Supply Chain Management, Real Estate,  Media, Lottery/ Gaming and Utilities).  Excellent knowledge in <label type="Job Specific Skills">Requirement Analysis</label>, <label type="Job Specific Skills">Requirement Traceability Matrix</label>, <label type="Job Specific Skills">Test Strategy</label>, <label type="Job Specific Skills">Test  Plan</label>, <label type="Job Specific Skills">Test Cases</label> to cover all product functionality, <label type="Job Specific Skills">Test Execution</label>, <label type="Job Specific Skills">Defect Management</label>, <label type="Job Specific Skills">Defect  Log/ Tracking</label>, <label type="Job Specific Skills">Metric and Reporting</label>  Taking ownership for the project <label type="Job Specific Skills">Leading</label>, <label type="Job Specific Skills">Planning</label>, <label type="Job Specific Skills">Estimating</label>, <label type="Job Specific Skills">Scheduling</label>, Executing, Monitoring,  Controlling, Improving, Reporting and Closing of testing efforts along with cross functional Team  Manager.  Efficient in <label type="Job Specific Skills">SDLC</label>, <label type="Job Specific Skills">Waterfall</label>, <label type="Job Specific Skills">V-model,</label> <label type="Job Specific Skills">Agile framework</label> and <label type="Job Specific Skills">Onshore-Offshore model</label>  <label type="Job Specific Skills">Defect Management</label> using <label type="Tech Tools">Bugzilla</label> &amp; <label type="Job Specific Skills">Test Management </label>using <label type="Tech Tools">Quality Center </label>- <label type="Tech Tools">ALM</label> and <label type="Tech Tools">TestLink  People Management</label> - Allocate resource, Monitor, Mentor and Manage the team  Accountable for Test coverage, follow-up on outstanding issues and Quality delivery with KI's  Self-starter able to achieve successful outcomes in a non-hierarchical environment with minimal  supervision, Prioritization skills to manage multiple projects on different schedules    Education        <label type="Degree">Bachelor of Engineering in Computer Science</label> from <label type="College Name">VMKV Eng. college</label>, <label type="Location">Salem, India</label>  Year: <label type="Graduation Year">1996-1999</label>  <label type="Degree">Diploma in Electronics and Communication Engineering </label>from <label type="College Name">NIT</label>, <label type="Location">Coimbatore, India</label>  Year: <label type="Graduation Year">1992-1995</label>    Core Competencies              Domains: worked with Security, Retail, Travel, Clinical Trial Supply Chain Management,  Real Estate, Media, Lottery/ Gaming and Utilities  <label type="Job Specific Skills">Test Management</label>  <label type="Job Specific Skills">Defect Management</label>  People and Project Management  Software (Manual) <label type="Job Specific Skills">Testing/ Quality Control</label>    Technical Proficiency  Operating System  <label type="Job Specific Skills">RDBMS</label>  Microsoft tools  Languages    : <label type="Tech Tools">Windows</label> flavors XP/ Vista/ Win7/ Win8 (32/ 64bit)  : <label type="Tech Tools">Oracle 8i</label>/<label type="Tech Tools">SQL Server 2008</label>/7.0/6.5 and <label type="Tech Tools">MS-Access</label>  : <label type="Tech Tools">MS-Word</label>, <label type="Tech Tools">MS-Excel</label>, <label type="Tech Tools">Visio</label> (<label type="Tech Tools">MS Office 2010</label>).  : <label type="Tech Tools">C</label>, <label type="Tech Tools">C#</label>, <label type="Tech Tools">Java</label>, <label type="Tech Tools">ASP</label>, <label type="Tech Tools">PHP</label>    <label type="Job Specific Skills">Front-end Tech  Automation Tools</label>  Test management tool  <label type="Job Specific Skills">Desktop Virtualization</label>  <label type="Job Specific Skills">Requirement Management</label>  <label type="Job Specific Skills">Defect tracking tool</label>  CM Tool  Web Server  Workflow Solution in Media  Networking  Imaging  SQL Tuning  <label type="Tech Tools">FTP</label>    : <label type="Tech Tools">HTML</label>, <label type="Tech Tools">DHTML</label>, <label type="Tech Tools">JavaScript</label>, <label type="Tech Tools">VB Script</label>, <label type="Tech Tools">MS FrontPage</label>  : <label type="Tech Tools">QTP 8.0</label>  : <label type="Tech Tools">Quality Center11  (ALM)</label>, <label type="Tech Tools">TestLink</label>  : <label type="Tech Tools">VMware</label>, <label type="Tech Tools">Citrix</label>  : Doors  : <label type="Tech Tools">ALM (QC-11)</label>, <label type="Tech Tools">Bugzilla</label>, <label type="Tech Tools">Jira</label>  : <label type="Tech Tools">Share Point</label>  : <label type="Tech Tools">IIS 5.0</label>, <label type="Tech Tools">Apache</label>, <label type="Tech Tools">Tomcat</label>  : Flow-brix for publishing industry  : Novell Netware, LAN 3.1 &amp; 3.2 dedicated and non-dedicated server  : <label type="Tech Tools">Adobe Photo-shop</label>, Gif animator  : <label type="Tech Tools">Toad</label>  : <label type="Tech Tools">Cute FTP</label>    Employment History  <label type="Designation">Sr.Consultant  Defect Manager</label>, <label type="Designation">QA</label>  <label type="Companies worked at">Capgemini</label>, <label type="Location">Canada</label>  Client: BC Hydro    <label type="Years of Experience">January 2012  November 2012</label>    Description  BC Hydros Smart Metering Program is an important foundational step in the modernization of BC  Hydros electricity system. The program involves replacing existing customer meters, now becoming  obsolete, with a comprehensive smart metering system. This system includes the technology and  telecommunications infrastructure needed for BC Hydro to continue to manage the electricity system in  a reliable, safe and cost-effective manner.  Responsibilities:   As defect manager, work with all stakeholders to define/improve the defect management process,  work with all parties to get the best practice for the project   Effectively facilitate defect meetings and drive defect for the solution   Actively follow up with defect owners and communicate with them to ensure the defects are  processed effectively   Define and monitoring the Quality of defects, help testers on improving the quality of defects   Produce defect metrics reports and raise defect related risks/issues to the project   Experience in <label type="Job Specific Skills">Test &amp; Defect Management</label>  Environment: <label type="Tech Tools">Win XP</label>, <label type="Tech Tools">Vista</label>, <label type="Tech Tools">Win7</label>, 32/64 bit, <label type="Tech Tools">Citrix</label>, <label type="Tech Tools">SQL</label>, <label type="Tech Tools">QC</label>, <label type="Tech Tools">Jira</label>, <label type="Tech Tools">SAP</label>, <label type="Tech Tools">ESB</label>, <label type="Tech Tools">.NET</label>  <label type="Designation">Sr.Consultant</label>  <label type="Designation">Test Lead</label>/ <label type="Designation">People Manager</label>, <label type="Companies worked at">QA  CGI</label>, <label type="Location">Canada</label>  Client: Atlantic Lottery Corporation    <label type="Years of Experience">September 2011  January 2012</label>    Description  GeoSweep - Instead of playing your favourite numbers, you choose your favourite places home, work  etc. Atlantic Canada divided into squares called Geos. Players choose one more Geos which can be  found by searching by postal code, town or favourite place or by zooming in and out on the map.  Players buy the right to own that Geo for 30 days of draws    Responsibilities:   Host the Decision Point and Test Kickoff meetings   Responsible to develop the <label type="Job Specific Skills">Test Strategy </label>and <label type="Job Specific Skills">Test Plan</label>   Ensure the development of test cases   Act as the defect coordinator for the project   Mentor/ Coach team members as needed   Detail the high-level Entry/ Exit criteria for all test phases   Ensure test schedules are met   Escalate issues as required to the Project Team  Environment: <label type="Tech Tools">Win XP</label>, <label type="Tech Tools">Vista</label>, Win7, 32/64 bit, <label type="Tech Tools">SQL</label>, <label type="Tech Tools">C</label>, <label type="Tech Tools">QC</label>, <label type="Tech Tools">Jira</label>  <label type="Designation">Project Lead</label>, <label type="Designation">QA</label>  <label type="Companies worked at">McAfee Inc</label>, <label type="Location">Canada</label>  Client: Dell, Lenovo, Acer    <label type="Years of Experience">September 2008  September 2011</label>    Description  PartnerFirst  Test the customized version of McAfee Antivirus for their clients  Core Team  Test the McAfee Antivirus for their new product features/ version  Sustainment  Test the production/ client issue for the McAfee Antivirus  Responsibilities:   Responsible for end to end project testing effort, <label type="Job Specific Skills">Requirement Analysis</label>, <label type="Job Specific Skills">Preparing Test Strategy</label>,  <label type="Job Specific Skills">Test Plan</label>, <label type="Job Specific Skills">Test Cases</label> to cover all Product functionality, <label type="Job Specific Skills">Traceability Matrix</label>, <label type="Job Specific Skills">Test Execution</label>, <label type="Job Specific Skills">Defect  Tracking</label>, Metrics, Reporting and Escalation.   Created, Executed and Maintained Test cases using TestLink, for different builds   Performed <label type="Job Specific Skills">BVT</label>, <label type="Job Specific Skills">Functional</label>, <label type="Job Specific Skills">Regression</label>, <label type="Job Specific Skills">System</label>, <label type="Job Specific Skills">Alpha</label>, <label type="Job Specific Skills">Beta</label> and <label type="Job Specific Skills">Release Candidate</label> <label type="Job Specific Skills">Testing</label>   Report defects using <label type="Tech Tools">Bugzilla</label>, Tested and Verified Bug fixes   Work closely with the development team to analyze, debug and resolve any issues   Produce Test report for iteration to measure the test progress   Plan testing activities to meet project needs and expectations  Environment: <label type="Tech Tools">Win XP</label>, <label type="Tech Tools">Vista</label>, <label type="Tech Tools">Win7</label>, 32/64 bit <label type="Tech Tools">.NET1.1</label>, <label type="Tech Tools">IIS 5.0</label>, <label type="Tech Tools">SQL</label>, <label type="Tech Tools">C</label>, <label type="Tech Tools">QC</label>, <label type="Tech Tools">TestLink</label>, <label type="Tech Tools">Bugzilla</label>  <label type="Designation">Team Lead</label>, <label type="Designation">QA</label>  <label type="Companies worked at">Wipro Technologies</label>, <label type="Location">Canada</label>  Client: CTB/ McGraw-Hill, Hanes Brands INC., Target, Proquest    <label type="Years of Experience">May 2006  April 2008</label>    Description  CTB/ McGraw-Hill, USA &gt; Media - Monarch  CTB has initiated a program to improve the processes  and systems that are used to create test items, tests, and to process score and report student responses  Hanes Brands INC, USA &gt; Retail - Apparels - Polaris  ANET: SMES - Capacity Sharing &amp; Application  Consolidation Project requires assembly manufacturing system to be able to support commingling of  products between the different lines of businesses.    HBI, USA &gt; OneSource is a custom-built web-application that currently enables SLBA to source  Finished Garments from vendors across the world.  Target, USA &gt; Retail - B2B Gift Card Ordering System  A program to maximize profitability,  Application allows you to create an online order for Gift Card using B2B.  Proquest, USA &gt; Media - Process Management, 3 utilities - Email Account Manager, Automated  Scheduler and a Process Manager that can be used to start a publishing process.  Responsibilities:   <label type="Job Specific Skills">Knowledge Acquisition</label>, Documentation &amp; Presentation, Knowledge Transfer   Developed Test Strategy, <label type="Job Specific Skills">Test Plan</label> and <label type="Job Specific Skills">Test Cases</label> to cover all the functionality, <label type="Job Specific Skills">Test Execution</label>   Analyzed test results, Maintained Test Results and Test Report   Created, maintained and analyzed a requirement traceability Matrix   Performed product release testing and reported on the status of project   Responded to urgent situations, by prioritization   Ensured that all high-priority bugs are fixed prior to deployment  Environment: <label type="Tech Tools">Windows</label>, <label type="Tech Tools">.NET Framework1.1</label>, <label type="Tech Tools">IIS 5.0</label>, <label type="Tech Tools">SQL</label>, <label type="Tech Tools">Java</label>, <label type="Tech Tools">Oracle</label>, <label type="Tech Tools">Test Director</label>, <label type="Tech Tools">Toad</label> and  <label type="Tech Tools">Flow-brix</label>  <label type="Designation">Team Lead</label>, <label type="Designation">QA  Validation</label>  <label type="Companies worked at">Aptuit Inc.</label>, India  Client: Pfizer Inc, AstraZeneca, Abbott Laboratories    July 2005  April 2006    Description  Clinicopia 4.0 - is an end-to-end Clinical Trials Supply Chain suite includes Planning, Inventory  Management and Shipment system for conducting pre-clinical studies for a new Drug that has been  launched into the Market. Product Consist of systems such as Supply Management, Forecasting, cMRPClinical Material Resource Planning, Process Execution, Labeling and Drug Accountability. Design of  the product is complex and has some Business rules, which are according to the (Food &amp; Drug  Administration) FDA Compliance. iProConsulting offers services to develop custom applications  covering a range of issues such as (Current Good Manufacturing Practices) cGMP, (Good Clinical  Practice) GCP and FDA compliance with the validations based on the real time scenarios and with  constant feedback from the client.  Responsibilities:   Requirement Study, Preparing Functional Test Scripts for new requirements &amp; change request   Executed Adhoc , Negative, Functional and Regression Testing.   Prepared Bug Reports and documenting the same.   Involved in Validation Phase by Executing Test Plans   Executed UAT for Real time scenarios   Clarifying the business requirements with BA's and PA's   Developed and Maintained the Matrix SRD x TP and TP x FTS   Reporting, Backing up and Resolving issues by necessary actions   Reviewed FTS with FDD-Business rules, Functional Design Document  Environment: <label type="Tech Tools">Windows XP</label>, <label type="Tech Tools">Oracle</label>/ <label type="Tech Tools">Java</label>, <label type="Tech Tools">Win2000</label> Professional, <label type="Tech Tools">Doors</label>  <label type="Designation">Team Lead</label>, <label type="Designation">QA</label>    <label type="Years of Experience">June 2004  April 2005</label>    <label type="Companies worked at">Remoba Inc.</label>, India  Client: Revelex  Description  Galileo\xc2\xae International is one of the world's leading providers of electronic global distribution services  for the travel industry, has developed travel solution to access schedule and fare information, book  reservations and issue tickets for 470 airlines. Galileo International also provides subscribers with  information and booking capabilities covering all the major hotel chains, car rental companies, cruise  lines and numerous tour operators throughout the world.  Cendant-Galileo  Product to serve as a browser-based desktop booking tool as a subset of its current agent population.  Pricing and availability are queried through GDS, CRS and consolidators to produce an integrated travel  itinerary quickly and efficiently.  Responsibilities:   Developed test plan, test case to cover all the functionality   Established and executed test procedures   Analyzed test results and defect data   Reported on the status of project   Maintained test records   Developed documentation and test procedures   Created, maintained and analyzed a requirement trace   Performed product release testing, recommended process improvements   Implemented and complied with client's quality system   Responded to urgent situations, by prioritization   Test result analysis and reporting   Defect reporting through Bugzilla   Ensuring that all high-priority bugs are fixed prior to deployment   Performing black box, functional, integration and regression testing   Executed both manual and automated testing using QTP 8.0 on web based travel application   Conducted testing, including regression and integration testing.   Participates in document and deliverable reviews, change requests, and assessments   Testing activities for the development of new software features   Assists the client's process through project reviews   Promotes positive and effective working relationships   Works independently, leverages relationships across other departments, and   Follows up with individuals without guidance   Maintaining Resource and Time Schedule   Participates in document and deliverable reviews, change requests, and assessments   Testing activities for the development of new software features   Assists the client's process through project reviews, Follows up with individuals without guidance   Promotes positive and effective working relationships,   Works independently, leverages relationships across other departments   Executed both manual and automated testing using <label type="Tech Tools">QTP 8.0</label> on web based travel application    Environment: <label type="Tech Tools">Windows XP</label>, <label type="Job Specific Skills">VPN connectivity</label>, <label type="Job Specific Skills">Remote Desktop</label>, <label type="Tech Tools">PHP</label>, <label type="Tech Tools">JavaScript</label>, <label type="Tech Tools">Java</label>, <label type="Tech Tools">MySql</label>  <label type="Designation">Software Test Engineer</label>  <label type="Years of Experience">June 1999  June 2004</label>  <label type="Companies worked at">Interface Software</label>, <label type="Location">India</label>  Clients: Alemadi Communication Center, STJ Electronics Pvt. Ltd., CN Internet Broker Ltd.,  Description  Design web pages and website for their client based on the client requirement. Sourcing and delivering  website solutions that make commercial sense.  Responsibilities:   Created, debugged, tested, documented and implemented website for the clients utilizing skills in  HTML, DHTML, CSS, Java Script, VB Script, MS Front Page, ASP, MS Access, Oracle, SQL and  IIS.   Sourcing and delivering website solutions that make commercial sense.   Work on the front-end presentation layer of website, which may change often and considered highly  dynamic using ASP with Ms Access on IIS   Maintain existing programs and edit website for changes as required.   Select &amp; organize information for inclusion &amp; design the appearance, layout &amp; flow of the website.  Consult with clients to develop SRS document. Prepare mock-ups and storyboards.   Create &amp; optimize content for website using graphics, database, animation &amp; other software.   Lead &amp; co-ordinate multidisciplinary teams to develop website graphics, content, capacity and  interactivity.   Worked directly with end-users to maximize efficiencies and user-friendliness   Key deliverable included the client/ server side coding, Content Management and Database Projects  as well as Uploading and Setting POP3 email for the web site. The project gave me practical  experience in the design and development of web sites.  Environment: <label type="Tech Tools">HTML</label>,<label type="Tech Tools">DHTML</label>, <label type="Tech Tools">CSS</label>, <label type="Tech Tools">VB Script</label>, <label type="Tech Tools">JavaScript</label>, <label type="Tech Tools">ASP</label>, <label type="Tech Tools">PHP</label>, <label type="Tech Tools">MS Front Page</label>, <label type="Tech Tools">MS Access</label>,  <label type="Tech Tools">Win NT</label>, <label type="Tech Tools">SQL</label>, <label type="Tech Tools">IIS</label>  <label type="Designation">System Support Engineer</label>  <label type="Companies worked at">J.S. &amp; Company</label>    <label type="Years of Experience">July 1995  July 1996</label>    Description  Assemble and service systems In house for their clients  Responsibilities:   Assembling Computers, Installing Softwares, Troubleshooting for both Hardware &amp; Software errors   Novell Netware experience on dedicated and non dedicated server, to access the authorized network  services, resources, application and data available on multiple servers linked together in a cluster  configuration  Environment: <label type="Tech Tools">Dos</label>, <label type="Tech Tools">Win XP</label>, <label type="Tech Tools">Novell Netware</label>, <label type="Tech Tools">Lan 3.1</label> and 3.2"
</cv>
