<?xml version="1.0" encoding="UTF-8"?>
<cv>
"<label type="Name">Bao Orn</label>  Informatics Forum 5.10  10 Crichton Street  <label type="Location">Edinburgh</label>  EH8 9AB  <label type="Location">United Kingdom</label>    Phone:  Web:  Email:    +44 131 651 30 77  http://ics.p.lodz.pl/~stolarek  <label type="Email Address">Letisha.Wunsch@hotmail.com</label>    Polish citizen. Speaks <label type="Soft Skills">English</label> (fluent).    Education  <label type="Graduation Year">2012</label>    <label type="Degree">PhD in Computer Science</label>, <label type="College Name">Lodz University of Technology </label>(<label type="Location">Poland</label>)  Thesis: Orthogonal wavelet synthesis based on signal processing outcome.    <label type="Graduation Year">2008</label>    <label type="Degree">MSc in Computer Science</label>, <label type="College Name">Lodz University of Technology</label> (Poland)  Thesis: User identification based on fingerprint analysis.    Academic career  <label type="Years of Experience">2016to date</label>    <label type="Designation">Research Associate</label> at <label type="Companies worked at">Laboratory for Foundations of Computer Science</label>, <label type="College Name">University  of Edinburgh</label>, <label type="Location">UK</label>  Responsibilities: research work an a project \xe2\x80\x9eSkye: A programming language bridging  theory and practice for scientific data curation\xe2\x80\x9d.    <label type="Years of Experience">20122016</label>    <label type="Designation">Lecturer</label> at the <label type="College Name">Institute of Information Technology</label>, <label type="College Name">Lodz University  of Technology</label>, <label type="Location">Poland</label>  Responsibilities: research on functional programming and compiler construction;  teaching undergraduate and postgraduate courses.    <label type="Years of Experience">20082012</label>    <label type="Designation">Research Assistant</label> at the <label type="Companies worked at">Institute of Information Technology</label>, <label type="College Name">Lodz University  of Technology</label>, Poland  Responsibilities: research on discrete wavelet transforms, digital signal watermarking  and image quality assessment; teaching undergraduate and postgraduate courses.    Peer-reviewed papers  2015    J. Stolarek, S. Peyton Jones, and R. A. Eisenberg. Injective Type Families for Haskell.  ACM SIGPLAN Notices, 50(12):118128, December 2015    2014    R. A. Eisenberg and J. Stolarek. Promoting functions to type families in Haskell. ACM  SIGPLAN Notices, 49(12):95106, December 2014    2012    J. Stolarek and P. Lipi\xc5\x84ski. Improving watermark resistance against removal attacks  using orthogonal wavelet adaptation. In Proceedings of the 38th Conference on Current  Trends in Theory and Practice of Computer Science, volume 7147 of Lecture Notes in  Computer Science, pages 588599. Springer, 2012  <label type="Name">Bao Orn</label>. Adaptive wavelet synthesis for improving digital image watermarking. In  P. Lipi\xc5\x84ski and K. \xc5\x9awirski, editors, Towards Modern Collaborative Knowledge Sharing  Systems, pages 133144. Springer, 2012    2011    J. Stolarek. On properties of a lattice structure for a wavelet filter bank implementation:  Part II. Journal of Applied Computer Science, 19(2):125139, December 2011  <label type="Name">Bao Orn</label>. On properties of a lattice structure for a wavelet filter bank implementation:  Part I. Journal of Applied Computer Science, 19(1):85116, June 2011  P. Lipi\xc5\x84ski and J. Stolarek. Digital watermarking enhancement using wavelet filter  parametrization. In A. Dobnikar, U. Lotric\xcc\x8c, and B. S\xcc\x8cter, editors, Adaptive and Natural  Computing Algorithms (10th ICANNGA, 2011), volume 1, pages 330339, 2011    <label type="Name">Bao Orn</label>: curriculum vitae    2    <label type="Name">Bao Orn</label>. Adaptive synthesis of a wavelet transform using fast neural network.  Bulletin of the Polish Academy of Sciences: Technical Sciences, 59(1):913, March 2011  2010    <label type="Name">Bao Orn</label>. Improving energy compaction of a wavelet transform using genetic  algorithm and fast neural network. Archives of Control Sciences, 20(4):417433,  December 2010  J. Stolarek and P. Lipi\xc5\x84ski. Improving digital watermarking fidelity using fast  neural network for adaptive wavelet synthesis. Journal of Applied Computer Science,  18(1):6174, 2010    2009    J. Stolarek and M. Yatsymirskyy. Fast neural network for synthesis and implementation  of orthogonal wavelet transform. In Image Processing &amp; Communications Challenges,  pages 8794. AOW EXIT, 2009    Clicking the title accesses the full text of the paper.    Other publications  2012to date    http://lambda.jstolarek.com, blog about functional programming    2013    J. Stolarek. Verifying weight biased leftist heaps using dependent types. Self-published  online, 2013    2012    J. Stolarek. Understanding basic Haskell error messages. The Monad.Reader, Issue  20:2141, 2012    Additionally, 5 non-refereed articles presented at regional and international conferences. Full list available at  http://ics.p.lodz.pl/~stolarek/en:research:publications    Grants, awards, scholarships and research internships  2014    Research grant for young scientists from the Dean of the Faculty of Technical Physics,  Information Technology and Applied Mathematics, Lodz University of Technology  (ca. e 1600)    2013    <label type="Designation">Internship</label> at <label type="Companies worked at">Microsoft Research</label> <label type="Location">Cambridge, UK</label>. Research and development work on  Glasgow Haskell Compiler    2011    Research grant for young scientists from the Dean of the Faculty of Technical Physics,  Information Technology and Applied Mathematics, <label type="College Name">Lodz University of Technology</label>,  awarded to the best PhD researcher at Institute of Information Technology (ca. e 2750)    2009    IEEE Best Paper Award Polish Section ED for Synthesis of a wavelet transform using  neural network presented during the XI International PhD Workshop OWD 2009  Best Presentation distinction at the international conference ISDMCI 2009 for  Realization of Daubechies transform using lattice structure    2003-2008    <label type="College Name">Lodz University of Technology</label> scholarship for best students (ca. e 1650 p.a.)"
</cv>
