<?xml version="1.0" encoding="UTF-8"?>
<cv>
"<label type="Name">Jeff O'Kon</label>  1<label type="Location">9217 Kennemer Drive</label>, <label type="Location">Pflugerville, Texas</label> 78660  voice: (123)345-7890 - email: <label type="Email Address">uKessler@bi.com</label>    Applied Skills    \xef\x82\xa7    <label type="Job Specific Skills">Software quality assurance</label>: <label type="Years of Experience">20+ years of experience</label> as a <label type="Designation">software QA  engineer</label>, in a variety of roles and environments, including <label type="Job Specific Skills">agile</label> and  <label type="Job Specific Skills">waterfall</label>.    \xef\x82\xa7    <label type="Job Specific Skills">Test automation</label> experience: <label type="Years of Experience">10+ years of experience</label> developing <label type="Job Specific Skills">test  automation</label>, including <label type="Tech Tools">Cucumber</label>, <label type="Tech Tools">Gherkin</label>, <label type="Tech Tools">Selenium Web Driver</label>  (programming languages used: <label type="Tech Tools">node.js</label>/<label type="Tech Tools">Javascript</label>, <label type="Tech Tools">Java</label>, <label type="Tech Tools">ruby</label>), <label type="Tech Tools">Java</label>/<label type="Tech Tools">JUnit</label>,  <label type="Tech Tools">Silk4J</label>, <label type="Tech Tools">WATIR</label>, <label type="Tech Tools">Silk Test</label>, <label type="Tech Tools">Silk Performer</label>, <label type="Tech Tools">Web Load</label>, <label type="Tech Tools">Silk Central</label> <label type="Tech Tools">Test  Manager</label>    \xef\x82\xa7    <label type="Job Specific Skills">Software QA</label> leadership: <label type="Years of Experience">10+ years of experience</label> developing and  implementing <label type="Job Specific Skills">QA processes</label>, and developing and leading software QA  programs and teams, as a <label type="Designation">lead</label> and <label type="Designation">manager</label>    \xef\x82\xa7    Platforms:<label type="Tech Tools">Andriod</label>, <label type="Tech Tools">iOS</label>, <label type="Tech Tools">Linux</label>, <label type="Tech Tools">Android</label>, <label type="Tech Tools">Windows</label>, <label type="Tech Tools">OS X</label>, <label type="Tech Tools">UNIX</label>    \xef\x82\xa7    Programming languages: <label type="Tech Tools">Node.js</label>/<label type="Tech Tools">Javascript</label>, <label type="Tech Tools">Ruby</label>, <label type="Tech Tools">Perl</label>, <label type="Tech Tools">SQL</label>, <label type="Tech Tools">Java</label>, <label type="Tech Tools">PHP</label>,  <label type="Tech Tools">UNIX</label>/<label type="Tech Tools">Linux shell</label>, <label type="Tech Tools">REST</label> and <label type="Tech Tools">SOAP</label> web services, <label type="Tech Tools">Silk Test</label> <label type="Tech Tools">4Test</label>, <label type="Tech Tools">Silk  Performer</label> Benchmark Description Language, <label type="Tech Tools">HTML</label>, <label type="Tech Tools">CSS</label>    \xef\x82\xa7    Database systems: <label type="Tech Tools">Oracle</label>, <label type="Tech Tools">MySQL</label>, <label type="Tech Tools">PostgreSQL</label>, <label type="Tech Tools">Microsoft SQL Server</label>    \xef\x82\xa7    Other software: <label type="Tech Tools">Jira</label>, <label type="Tech Tools">Git</label>, <label type="Tech Tools">GitHub</label>, <label type="Tech Tools">Bamboo</label>, <label type="Tech Tools">Jenkins</label>, <label type="Tech Tools">Hudson</label>, <label type="Tech Tools">Subversion</label>,  <label type="Tech Tools">SauceLabs cloud testing</label>, <label type="Tech Tools">Pivotal Tracker</label>, <label type="Tech Tools">Redmine</label>, <label type="Tech Tools">Accurev</label>, <label type="Tech Tools">Subversion</label>,  <label type="Tech Tools">Bugzilla</label>, <label type="Tech Tools">StarTeam</label>, <label type="Tech Tools">Requisite Pro</label>, <label type="Tech Tools">Rally</label>, <label type="Tech Tools">CaliberRM</label>, <label type="Tech Tools">VMWare</label>, <label type="Tech Tools">RoboHelp</label>,  <label type="Tech Tools">PVCS Tracker</label>, <label type="Tech Tools">WebLogic</label>, <label type="Tech Tools">JBoss</label> and <label type="Tech Tools">Tomcat</label> application servers, <label type="Tech Tools">Microsoft  Exchange</label>, Windows domain administration    Work Experience    <label type="Designation">Test Automation Developer</label>  <label type="Companies worked at">NetSpend</label>, <label type="Location">Austin, Texas</label>  <label type="Years of Experience">November, 2014-present</label>    \xef\x82\xa7    Develop <label type="Job Specific Skills">test automation</label>, using <label type="Job Specific Skills">BDD approach</label> (<label type="Tech Tools">cucumber</label>, <label type="Tech Tools">gherkin</label>, etc.)    \xef\x82\xa7    Develop <label type="Job Specific Skills">UI automation </label>for <label type="Tech Tools">node.js</label>/<label type="Tech Tools">angular.js</label>-based w<label type="Job Specific Skills">eb applications</label> using  <label type="Tech Tools">Selenium WebDriver</label>, developed in <label type="Tech Tools">node.js</label>/<label type="Tech Tools">Javascript</label>.    \xef\x82\xa7    Develop <label type="Job Specific Skills">UI automation</label> for <label type="Tech Tools">Android</label> and <label type="Tech Tools">iOS</label> mobile applications    \xef\x82\xa7    Integrate automated testing with <label type="Tech Tools">Bamboo</label> CI and <label type="Tech Tools">SauceLabs</label> cloud-based  test execution    <label type="Designation">Quality Engineering Manager </label> <label type="Companies worked at">Rapid7</label>, <label type="Location">Austin, Texas</label>  <label type="Years of Experience">May, 2013-September, 2014</label>    \xef\x82\xa7    Manage quality engineering program for development of the Metasploit  penetration testing software    \xef\x82\xa7    Assess manual test coverage and plan and coordinate the creation of  automated tests (web UI, REST API, proprietary API)    \xef\x82\xa7    Hire and supervise QE team members    \xef\x82\xa7    Plan VMWare ESX test lab needs and supervise implementation by  engineering services team    \xef\x82\xa7    Identify future automated testing needs, scope, plan and supervise their  creation    \xef\x82\xa7    Create REST API tests using <label type="Tech Tools">ruby test-client gem</label>    \xef\x82\xa7    Create <label type="Job Specific Skills">web UI tests</label> using <label type="Tech Tools">cucumber</label>, <label type="Tech Tools">capybara</label>, <label type="Tech Tools">gherkin</label>, <label type="Tech Tools">Selenium  WebDriver</label> (tests written in ruby)    \xef\x82\xa7    Work with engineering services team to run tests in continuous integration  environment (<label type="Tech Tools">Jenkins</label>) and report on results    \xef\x82\xa7    Analyzed continuous integration needs, and developed and implemented  test tagging strategy so that different tests were run at appropriate times    \xef\x82\xa7    Coordinate with customer support to prioritize and process customer bug  issues through the development process"
</cv>
