<?xml version="1.0" encoding="UTF-8"?>
<cv>
"<label type="Name">Brendan Wolff</label>  <label type="Designation">PHP developer</label>  AREAS OF EXPERTISE  Commercial experience  <label type="Job Specific Skills">Web developing</label> /  <label type="Job Specific Skills">programming</label>  <label type="Tech Tools">PHP</label> <label type="Tech Tools">MVC Frameworks</label>  <label type="Job Specific Skills">CMS implementation</label>  (<label type="Tech Tools">WordPress</label>, <label type="Tech Tools">Joomla</label>, etc)    PERSONAL SUMMARY  A highly <label type="Soft Skills">resourceful</label>, <label type="Soft Skills">innovative</label>, and <label type="Soft Skills">competent</label> <label type="Designation">PHP developer</label> with extensive  experience in the <label type="Job Specific Skills">layout, design and coding of websites</label> specifically in <label type="Tech Tools">PHP</label> format.  Possessing considerable knowledge of the <label type="Job Specific Skills">development of web applications</label> and  <label type="Job Specific Skills">scripts</label> using <label type="Tech Tools">PHP</label> programming language and <label type="Tech Tools">MySQL</label> &amp; <label type="Tech Tools">SQL Server databases</label>.  Experienced in developing applications and solutions for a wide range of corporate,  charity and public sector clients and having the enthusiasm and ambition to  complete projects to the highest standard.  Looking for a suitable developer position with a ambitious &amp; exciting company.    WORK EXPERIENCE  <label type="Job Specific Skills">Server administration </label> <label type="Job Specific Skills">Object Orientated  Programming</label>  <label type="Job Specific Skills">Software graphics</label>  manipulation    PROFESSIONAL<label type="Job Specific Skills">  ICT Professional Systems and Principles</label>  - City &amp; Guilds    PERSONAL SKILLS  <label type="Soft Skills">Time management</label>  <label type="Soft Skills">Goals orientated</label>  Ability to <label type="Soft Skills">grasp  concepts quickly</label>    PERSONAL DETAILS  <label type="Name">Brendan Wolff</label>  34 Anywhere Road  Coventry  CV6 7RF    <label type="Companies worked at">Web Design Company</label>  <label type="Location">Coventry</label>  <label type="Designation">PHP DEVELOPER</label>  <label type="Years of Experience">June 2008 - Present</label>  Working with designers, Front End and project management staff to capture  requirements for the functional elements of website projects. Also responsible for  liaising with clients and ensuring that all work carried out complies with standards  and guidelines.  Duties:  Building <label type="Job Specific Skills">PHP websites</label> using <label type="Tech Tools">PHP</label> based frameworks.  Planning and conducting <label type="Job Specific Skills">cross-browser usability testing</label> against W3C.  Testing and validating work produced as part of the development process.  Developing advanced <label type="Job Specific Skills">database driven websites</label> &amp; systems including <label type="Job Specific Skills">eCommerce</label>.  Back end development and maintenance of websites using <label type="Tech Tools">PHP</label> and <label type="Tech Tools">MySQL</label>.  Developing compatible <label type="Job Specific Skills">User Interface</label> functionality using <label type="Tech Tools">jQuery</label> &amp; other libraries.  Developing web sites using <label type="Tech Tools">MySQL</label>, <label type="Tech Tools">PHP</label>, <label type="Tech Tools">ASP.NET</label> &amp; other programming tools.  Working in a data analyst role and with business intelligence applications.  <label type="Job Specific Skills">Documenting features</label>, <label type="Job Specific Skills">technical specifications</label> &amp; <label type="Job Specific Skills">infrastructure requirements</label>.  Working with a multi-disciplinary team to convert business needs into technical  specifications.  KEY SKILLS AND COMPETENCIES  Ability to multi-task, react quickly to shifting priorities and meet deadlines.  <label type="Soft Skills">Proactive</label>, <label type="Soft Skills">confident</label> and with a positive ""can-do"" attitude.  Able to clearly <label type="Soft Skills">communicate</label> technical data to non technical colleagues and clients.  Continuously monitoring industry trends, technologies and standards.  Possessing all-round analysis and programming skills.  Methodical yet creative &amp; having a proven ability for efficient problem solving.  Excellent <label type="Soft Skills">attention to detail </label>both front and back end.  Solid <label type="Job Specific Skills">web development</label> experience using <label type="Tech Tools">OOP</label>, <label type="Tech Tools">PHP</label>, <label type="Tech Tools">AJAX</label>, <label type="Tech Tools">MySQL</label>, <label type="Tech Tools">JavaScript</label>,  <label type="Tech Tools">XML</label>, <label type="Tech Tools">HTML</label> and <label type="Tech Tools">CSS</label>.    ACADEMIC QUALIFICATIONS    T: 02123 345 7890  M: 0123 345 7890  E: <label type="Email Address">Carroll.Danelle@yahoo.com</label>    <label type="Degree">BSc (Hons)  Information Technology</label>  <label type="College Name">Nuneaton University</label> <label type="Graduation Year">2005 - 2008</label>    DOB: 12/09/1985  Driving license: Yes  Nationality: British    A levels:  Maths (A) English (B) Technology (B) Science (C)  <label type="College Name">Coventry Central College</label> <label type="Graduation Year">2003 - 2005</label>  REFERENCES  Available on request.    Copyright information - Please read  \xc2\xa9 This <label type="Designation">PHP developer</label> CV template is the copyright of <label type="Companies worked at">Dayjob Ltd</label> August 2010. Jobseekers may download and use this CV  example for their own personal use to help them create their own CVs. You are most welcome to link to this page or any other  page on our site www.dayjob.com. However these CVs must not be distributed or made available on other websites without  our prior permission. For any questions relating to the use of this CV template please email: <label type="Email Address">Carroll.Danelle@yahoo.com</label>."
</cv>
