<?xml version="1.0" encoding="UTF-8"?>
<cv>
"<label type="Designation">JAVA DEVELOPER</label>  \xe2\x96\xa0 Qualifications Profile  <label type="Soft Skills">Analytical</label> <label type="Designation">java developer</label> with unique ability to understand clients needs creating  clean and commented code  Skilled in <label type="Job Specific Skills">analyzing technical reports</label> and <label type="Job Specific Skills">evaluating  data</label>, acquainted with <label type="Job Specific Skills">software development</label> concepts/testing.  Technology  Proficiencies      <label type="Job Specific Skills">Web User Interface experience</label>  <label type="Tech Tools">Java</label> framework like <label type="Tech Tools">Struts</label>, <label type="Tech Tools">GWT</label>, <label type="Tech Tools">ZK</label>        <label type="Job Specific Skills">Web development</label>  <label type="Tech Tools">Java</label> <label type="Tech Tools">J2EE</label>, <label type="Tech Tools">Java Servlets</label>, <label type="Tech Tools">JSP</label> and <label type="Tech Tools">JSTL</label>        <label type="Job Specific Skills">Web UI design</label>  <label type="Tech Tools">HTML</label>, <label type="Tech Tools">HTML5</label>, <label type="Tech Tools">PHP</label>, <label type="Tech Tools">CSS3</label>, and <label type="Tech Tools">JavaScript</label> (<label type="Tech Tools">JQuery</label> frameworks)        <label type="Job Specific Skills">SDLC</label>, <label type="Job Specific Skills">Software Development Lifecycle (SDLC)</label>        <label type="Tech Tools">C</label>/<label type="Tech Tools">C++</label>        <label type="Tech Tools">Linux systems</label> programming        <label type="Soft Skills">Agile software development</label> environment        <label type="Tech Tools">Apache Web Server</label>        <label type="Tech Tools">Unix-based OS</label>        <label type="Tech Tools">MySQL DB</label> knowledge for system integration        <label type="Job Specific Skills">Web Services</label>  <label type="Tech Tools">REST</label> (Web API), <label type="Tech Tools">SOAP</label>  \xe2\x96\xa0 Professional Experience  <label type="Companies worked at">BG Computer Technologies</label>    <label type="Location">Princeton, NJ</label>    <label type="Years of Experience">2008  Present</label>    <label type="Designation">Java Developer</label>  Key Performance Highlights      Programmed clients websites and applications  Worked collaboratively with clients,  teammates and web analysts to complete designs and estimates.        Provided insightful ideas for developing effective and accurate codes  Evaluated  latest technology on the market and made recommendations to clients to integrate  new designs as available by new technology.        Developed systems using XYZ technologies  Enabled video, flash, animations and  audio on websites.        Collaborated with technical team members to integrate back-end and front-end  elements.        Communicated with end users and other related departments to ensure that the  website is meeting the clients expectations and business requirements.        Worked on existing websites, adding functions and enhancing the overall design to  give it a new look  Analyzed collected data and monitored its suitability to ensure  successful functioning of the website  \xe2\x96\xa0 Education        <label type="Degree">Masters degree in Computer Science</label> / <label type="Degree">Computer Application        Bachelors degree in Computer Science</label> / <label type="Degree">Computer Application        Certification in JAVA</label>"
</cv>
