<?xml version="1.0" encoding="UTF-8"?>
<cv>
"<label type="Name">Ana Howell</label>  [Address withheld on web] \xe2\x80\xa2 Edison, NJ 08837  [Phone withheld on web] \xe2\x80\xa2 <label type="Email Address">Bartoletti.Pauletta@gmail.com</label>  http://www.stevemostovoy.com/    Skills  Languages: <label type="Tech Tools">C#</label>, <label type="Tech Tools">Java</label>, <label type="Tech Tools">C</label>, <label type="Tech Tools">C++</label>, <label type="Tech Tools">PHP</label>  Frameworks: <label type="Tech Tools">.NET</label>, <label type="Tech Tools">Swing</label>, <label type="Tech Tools">Qt </label> <label type="Job Specific Skills">Web Development</label>: <label type="Tech Tools">HTML</label>, <label type="Tech Tools">CSS</label>, <label type="Tech Tools">JavaScript</label>  Development Environments: <label type="Tech Tools">Visual Studio</label>,<label type="Tech Tools"> IntelliJ Idea</label>, <label type="Tech Tools">Dreamweaver</label>, <label type="Tech Tools">UNIX</label>  Version Control: <label type="Tech Tools">Git</label>, <label type="Tech Tools">Mercurial</label>, SVN  Databases: <label type="Tech Tools">Oracle</label>, <label type="Tech Tools">SQL</label>, <label type="Tech Tools">PostgreSQL</label>    Education  <label type="College Name">Rutgers University</label>, <label type="Location">New Brunswick</label>  Junior pursuing a <label type="Degree">Bachelor of Science in Computer Science</label>, Expected Graduation: <label type="Graduation Year">May 2015</label>.  Notable Coursework: Introduction to Artificial Intelligence, Internet Technologies, Compilers, Operating System  Design, Computer Architecture, Software Methodology, Design and Analysis of Computer Algorithms  Middlesex County Academy for Science, Mathematics, and Engineering Technologies  College preparatory magnet school with four years of <label type="Degree">Electrical Engineering</label>, <label type="Graduation Year">2007-2011</label>.    Work Experience  <label type="Companies worked at">PTC Therapeutics</label>, <label type="Designation">Software Engineering Contractor</label>  <label type="Years of Experience">Summer 2011  Present</label>  - Built PCR Automation System, a full automation stack to manage three Polymerase Chain Reaction machines.  Reverse engineered the interface to the machines through disassembly and monitoring.  - Developed a <label type="Job Specific Skills">front-end</label> in <label type="Tech Tools">C#</label> as a layer of abstraction to communicate with the machines over the network.  - Created Curve Analyzer, a complex <label type="Tech Tools">Java</label> application utilizing genetic algorithms to display and inspect large  amounts of data.  - Designed a plate rotator on a Debian embedded system, with a webserver customized using shell scripts.  <label type="Companies worked at">Peak Analysis and Automation</label>, <label type="Location">England</label>, <label type="Designation">Internship</label>  <label type="Years of Experience">Summer 2013</label>  - Performed a security overhaul of PAAs Overlord3, updated the internal ordering system, wrote an email  database client to manage mailing lists, and created a dynamic web front-end for license management.  - Virtualized and obfuscated existing <label type="Tech Tools">.NET</label> code, and created a new license data format with RSA encryption.  - Set up a <label type="Tech Tools">PostgreSQL</label> database to handle all license information and built <label type="Tech Tools">.NET</label> libraries for ease of integration in  future projects.  - Developed License Manager Suite, a C# application for internal use to manage user licenses through the new  database.  - Designed a simple web front-end for end user license retrieval using <label type="Tech Tools">PHP</label> and a minimal <label type="Tech Tools">HTTP</label> listener running on  the database server.  - Created Email Database Manager in <label type="Tech Tools">C#</label> with a custom search engine using LINQ to perform dynamic and  complex searches on any number of fields.    Projects and Competitions  nd    - One time 2 place winner and two time participant at HackRU, a 24-hour hackathon.  - Tetris Bot, a bot in C# for playing a specific version of Tetris online.  - TouchSynth, an Arduino-based music synthesizer in <label type="Tech Tools">C++</label> built for my electrical engineering high  school senior project.  - Programmer for Team 3539 using RobotC in FIRST Tech Challenge, an international robotics  competition for students, achieving Quarter Finalist in World Championships among 1600 teams.  - NJIT High School Programming Competition as part of a team of three, placing 2nd for two  consecutive years.  - Billiards, a graphical game of billiards for two players with <label type="Tech Tools">Qt</label> and <label type="Tech Tools">C++</label>.  - Console Chess, a text-based two player game of chess written in <label type="Tech Tools">C++</label>.    2012-2014  2013  2010-2011  2010-2011  2010, 2011  2009  2008"
</cv>
