<?xml version="1.0" encoding="UTF-8"?>
<cv>
"<label type="Name">Von</label>  338084 Georgia Tech Station, <label type="Location">Atlanta, GA</label> 30332  Email: <label type="Email Address">Tatyana.D'Amore@zsaw.biz</label> \xe2\x97\x8f Phone: 123 345 7890 \xe2\x97\x8f http://www.cc.gatech.edu/~<label type="Name">Von</label>/  OBJECTIVE  Seeking a job where I can apply and enhance my skills at <label type="Job Specific Skills">systems programming</label>  EDUCATION  <label type="Degree">Master of Science in Computer Science</label>  <label type="College Name">Georgia Institute of Technology</label>, <label type="Location">Atlanta, USA</label>  GPA: 4.0/4.0  <label type="Degree">B.Tech with Honors in Information Technology</label>  <label type="College Name">Indian Institute of Information Technology</label>, <label type="Location">Allahabad, India</label>  CGPA: 9.0/10.0    Expected - May 2009    January 2001 - December 2004    PROFESSIONAL EXPERIENCE  <label type="Companies worked at">Georgia Institute of Technology  High Performance I/O Group</label> (at CERCS)  (Designation: <label type="Designation">Graduate Research Assistant</label>)  \xe2\x80\xa2 Developed tools for monitoring behavior of Supercomputing applications  \xe2\x80\xa2 Developing methods for efficient scheduling of I/O Operations of HPC applications  <label type="Companies worked at">Worldspan L.P.</label> (Designation: <label type="Designation">Software Intern</label>)  \xe2\x80\xa2 Parallelized the flight-search engine for using multi-core architectures  \xe2\x80\xa2 Produced significant improvements in the query execution time    January 2008 - Present    May 2008 - August 2008    <label type="Companies worked at">Motorola India Pvt Ltd  Embedded Communications Computing Division</label>  <label type="Years of Experience">May 2005 - July 2007</label>  (Designation: <label type="Designation">Software Engineer</label>)  \xe2\x80\xa2 Developed a High-Availability <label type="Job Specific Skills">Middleware</label> on <label type="Tech Tools">Linux</label>, compliant with Service Availability Forum (www.saforum.org)  \xe2\x80\xa2 Validated the Fault Tolerant Advanced Telecom Computing platform developed by Motorola  SKILL SET  <label type="Job Specific Skills">Programming Languages</label>  <label type="Job Specific Skills">Scripting Languages</label>  Others (Tools/APIs)  <label type="Job Specific Skills">Development Platforms</label>  Coursework    <label type="Tech Tools">C</label>, <label type="Tech Tools">C++</label>, <label type="Tech Tools">Java</label>, <label type="Tech Tools">Assembly</label> (Intel x86)  <label type="Tech Tools">Shell Scripting(bash)</label>, <label type="Tech Tools">Perl</label>  Lex &amp; Yacc, <label type="Tech Tools">Infiniband Verbs</label>, <label type="Tech Tools">Linux Kernel</label> Programming  <label type="Tech Tools">Linux</label>, <label type="Tech Tools">Unix</label> , <label type="Tech Tools">Windows Server</label> 2003  Graduate Courses: Advanced Operating Systems, Real-Time Systems, High  Performance Communications, Computability and Algorithms, Computer Networks,  Parallel Computation  Undergraduate Courses: Operating Systems, <label type="Job Specific Skills">Computer Networks</label>, Distributed  Computing , Computer Graphics, Computer Algorithms, Parallel Computing    ACADEMIC PROJECTS  RDMA Based Portability Layer  \xe2\x80\xa2 Provides a unified interface to Portals and Infiniband Verbs API  \xe2\x80\xa2 Enables common RDMA semantics for both the underlying APIs  \xe2\x80\xa2 Presently adding this RDMA support to the EVPath event transport middleware    January 2008 - Present    Co-Scheduling Enhancements for Linux  August 2007  December 2007  \xe2\x80\xa2 Modified the Linux scheduler (2.6.22) for improving performance of applications with concurrent tasks  \xe2\x80\xa2 Improved performance of user-level spinlocks while maintaining fair-scheduling of tasks  LITMUS (Linux Time Measurement Utility Set)  August 2004  December 2004  \xe2\x80\xa2 Created a set of utilities titled LITMUS to analyze the performance of Linux kernels (2.4)  \xe2\x80\xa2 Evaluated the performance based on the parameters like interrupt latency, context switching time and their impact  on real-time performance was studied  OTHER ACTIVITIES  \xe2\x80\xa2 Won the IT Quiz held at IIIT, <label type="Location">Allahabad</label>  \xe2\x80\xa2 Organized the technical festival at IIIT, <label type="Location">Allahabad</label>  \xe2\x80\xa2 Outdoor activities - Mountain Biking, Kayaking"
</cv>
