<?xml version="1.0" encoding="UTF-8"?>
<cv>
"    <label type="Soft Skills">Innovative</label> <label type="Designation">software engineer</label> offering four years of experience in the full software  development lifecycle  from concept through delivery of next-generation  applications and customizable solutions.        Expert in advanced <label type="Job Specific Skills">development methodologies</label>, tools and processes contributing  to the design and rollout of cutting-edge <label type="Job Specific Skills">software applications</label>.        Known for excellent <label type="Job Specific Skills">troubleshooting skills</label>  able to analyze code and engineer  well-researched, cost-effective and responsive solutions.    Technical Tools  <label type="Tech Tools">Java</label>, <label type="Tech Tools">JavaScript</label>, <label type="Tech Tools">.Net</label>, <label type="Tech Tools">XML</label>, <label type="Tech Tools">J2EE</label>, <label type="Tech Tools">HTML</label>, <label type="Tech Tools">TCP/IP</label>, <label type="Tech Tools">REST</label>, <label type="Tech Tools">SOAP</label>, <label type="Tech Tools">SOA</label>, <label type="Tech Tools">Visual  Studio .Net</label>, <label type="Tech Tools">Eclipse</label>, <label type="Tech Tools">SQL</label>, <label type="Tech Tools">MS SQL Server</label>, <label type="Tech Tools">MySQL</label>, <label type="Tech Tools">JUnit</label>, <label type="Tech Tools">jQuery</label>, <label type="Tech Tools">C</label>, <label type="Tech Tools">C++</label>, <label type="Tech Tools">Tomcat</label>,  <label type="Tech Tools">Spring</label> Framework, <label type="Tech Tools">Hibernate</label>, <label type="Tech Tools">Maven</label>, <label type="Tech Tools">JDeveloper</label>, <label type="Tech Tools">WebLogic</label>, <label type="Tech Tools">IIS</label>, <label type="Tech Tools">Google Web  Toolkit</label> and more  Professional Experience    <label type="Designation">Software Engineer</label>, <label type="Years of Experience">1/09 to Present</label>  <label type="Companies worked at">ABC COMPANY</label>, Sometown, CA  Provide <label type="Tech Tools">object-oriented software (OOS)</label> design for one of the construction industrys  leading project- management platforms. Develop and customize software for diverse  client base. Achievement Highlights:        Contributed software engineering expertise in the development of products  through the software lifecycle, from requirements definition through successful  deployment.        Facilitated customization of systems by encouraging software engineering team to  adopt emerging standards for software application development architecture and  tools.        Participated in sales presentations due to ability to translate user needs into easyto-understand software solutions. Helped sales team close five major deals  generating more than $150K in revenue.        Excelled in rapid application development and management of technological  issues for assigned projects, earning the highest customer satisfaction rating for  all software solutions delivered.        Introduced methodologies and best practices that enhanced product definition,  release processes and customization of applications to user needs.    <label type="Designation">Junior Software Engineer</label>, <label type="Years of Experience">8/08 to 1/09</label>  <label type="Companies worked at">DEF COMPANY</label>, Sometown, CA  Assisted in the design and <label type="Job Specific Skills">development of user information solutions </label>and Internet  applications for a leading financial services company. Achievement Highlights:        Provided user <label type="Job Specific Skills">requirements analysis</label>, design and programming support for  enhancement of Web application accessed by 5 million users worldwide.        Fueled additional revenue stream through responsive customer support,  generating $18K in new license sales within first few weeks of new product  release.    Education    ABC UNIVERSITY  Sometown, CA  <label type="Degree">Bachelor of Science in Software Engineering (BSEE)</label>, Minor in <label type="Degree">Computer Science</label>,  5/08"
</cv>
