<?xml version="1.0" encoding="UTF-8"?>
<cv>
<label type="Name">Christin Tania Harvey</label> - Email me on Indeed: <label type="Email Address">cOrtiz@pg.io</label>

WORK EXPERIENCE

<label type="Designation">App develop</label>

<label type="Companies worked at">Microsoft </label>-

<label type="Years of Experience">August 2016 to Present</label>

EDUCATION

<label type="College Name">Electrical engineering

VSSUT,burla</label>

SKILLS

<label type="Job Specific Skills">Application Development</label>,<label type="Job Specific Skills"> Software Testing</label>

https://www.indeed.com/r/christin-tania-harvey
</cv>
