<?xml version="1.0" encoding="UTF-8"?>
<cv>
"<label type="Location">San Mateo, CA</label>  Authorized to work in the <label type="Location">US</label> for any employer  Work Experience  <label type="Designation">Software Developer</label>  <label type="Designation">Freelance Software Developer</label>  <label type="Location">San Mateo, CA</label>  <label type="Years of Experience">January 2016 to Present</label>  \xe2\x80\xa2 Working as <label type="Designation">freelance software developer</label>.  \xe2\x80\xa2 Actively working on personal web projects (e.g. Small Business Management System, Task  Manager, Code Analyzer).  <label type="Designation">Research Assistant</label>  <label type="College Name">Syracuse University</label>  <label type="Location">Syracuse, NY</label>  <label type="Years of Experience">July 2014 to December 2015</label>  \xe2\x80\xa2 Write <label type="Tech Tools">C#</label> console application to analyze data collected from green roof project.  \xe2\x80\xa2 My program helped to find the most crucial factors for soil moisture of green roof.  \xe2\x80\xa2 Technique: <label type="Tech Tools">C#</label>, <label type="Tech Tools">Excel</label>.  <label type="Designation">Manager Assistant</label>  <label type="Companies worked at">Fujian Wufeng</label>  <label type="Years of Experience">2013 to 2014</label>  \xe2\x80\xa2 Prepare sales data reports for manager and help manager to control the execution of projects.  \xe2\x80\xa2 Update storage data of products.  Education  <label type="Degree">Master's in Environmental Engineering</label>  <label type="College Name">Syracuse University</label>  <label type="Location">Syracuse, NY</label>  <label type="Graduation Year">August 2013 to January 2015</label>  <label type="Degree">Bachelor's in Ecology Engineering</label>  <label type="College Name">Fujian Normal University</label>  <label type="Location">China, ME</label>  <label type="Years of Experience">September 2008 to June 2012</label>  Skills  <label type="Tech Tools">C#</label> (2 years), <label type="Tech Tools">DATABASE</label> (2 years), <label type="Tech Tools">AJAX</label> (Less than 1 year), <label type="Tech Tools">CSS</label> (1 year), <label type="Tech Tools">HTML</label> (1  year),<label type="Tech Tools">JAVASCRIPT</label> (1 year), <label type="Tech Tools">.NET</label> (1 year)  Additional Information  TECHNOLOGIES  \xe2\x80\xa2 Languages: <label type="Tech Tools">C#</label>(2 years) <label type="Tech Tools">.NET</label>(1 year)  \xe2\x80\xa2 Web: <label type="Tech Tools">HTML</label>, <label type="Tech Tools">CSS</label>, <label type="Tech Tools">JavaScript</label>, <label type="Tech Tools">AJAX</label>  \xe2\x80\xa2 Database: <label type="Tech Tools">MSSQL</label>, <label type="Tech Tools">XML</label>  \xe2\x80\xa2 System: <label type="Tech Tools">Windows</label>, <label type="Tech Tools">Mac OS</label>"
</cv>
