<?xml version="1.0" encoding="UTF-8"?>
<cv>
"<label type="Name">Rhiannon Larson</label>  Summary    Page 1 of 3    [ <label type="Years of Experience">6 years ]    EXPERIENCE</label>    Page 2  Current:  <label type="Designation">Game Programmer</label>    <label type="Designation">Freelance</label>    Past:  <label type="Designation">Sr. Game Programmer</label>  <label type="Designation">Game Programmer</label>  <label type="Designation">Game Programmer</label>  <label type="Designation">Sr. Software Engineer</label>    <label type="Companies worked at">Twist Mobile India (P) Ltd</label>, <label type="Location">Indore, India</label>  <label type="Companies worked at">Gameshastra Solutions (P) Ltd</label>, <label type="Location">Hyderabad, India </label> <label type="Companies worked at">Gameloft Software (P) Ltd</label>, <label type="Location">Hyderabad, India</label>  <label type="Companies worked at">Azilen Technologies (P) Ltd</label>, <label type="Location">Ahmedabad, India</label>    Page 3  SKILLS    EDUCATION  <label type="Degree">BE (Computer)</label>  61.7%  [<label type="Graduation Year">2008</label>]    <label type="Tech Tools">C++</label>, <label type="Tech Tools">Actionscript</label>,  <label type="Tech Tools">Cocos2d-X</label>, <label type="Tech Tools">Box-2d  Flash</label>, <label type="Tech Tools">Photoshop</label>,  <label type="Job Specific Skills">OOP</label>, <label type="Job Specific Skills">Design  Patterns</label>,  <label type="Degree">Cocostudio    Diploma (CE)</label>  76.6%  [<label type="Graduation Year">2005</label>]    <label type="Name">Rhiannon Larson</label>  <label type="Designation">Game Programmer</label> [<label type="Job Specific Skills">Mobile &amp; Web</label>]  <label type="Email Address">Krystal.Mante@yahoo.com</label>  www.hardikdubal.com  +91 1239456789    HOBBIES    Game Development,  <label type="Job Specific Skills">Game Design</label>,  <label type="Job Specific Skills">UI Design</label>, Teaching,  Harry Potter,    Playing Video Games,  Reading Technical Blogs,  Writing, Cooking    Type  <label type="Job Specific Skills">Android Game</label>  <label type="Job Specific Skills">Android / iOS</label> Game  Android / iOS Game  Android / iOS Game  Social Game using Flash  Flash Game  E-learning Game using Flash  Flash Game    Company  [Client]  Nyt-Nyt [Client]  Twistmobile  Twistmobile  Gameshastra  Arin Sam [Client]  Jeff Rogers [Client]  Vispan Solutions    PR O J E CT S    Game Name  PoCutato  ViSpy  Tower of Glory  Zulux World Tour  Social Rummy  Ikes Nest  Paint Game  Memory Game    INTERESTS    <label type="Name">Rhiannon Larson</label>  CV    Page 2 of 3    EXPERIENCE :  <label type="Designation">Freelance Game Programmer</label>  <label type="Years of Experience">May 2014 onwards</label>  [current-job]  Contractor for <label type="Job Specific Skills">Mobile and Web Games Development</label>  o Developing full-fledged mobile and web games from scratch based on clients ideas and  requirements  o Individually worked on all kinds of game programming tasks including core-gameplay, UI,  specification of level information and loading it, loading game data sheets, maintaining assets  in memory etc  o <label type="Tech Tools">C++</label>, <label type="Tech Tools">Flash</label>, <label type="Tech Tools">HTML5</label> &amp; <label type="Tech Tools">JavaScript</label> Games, <label type="Tech Tools">Actionscript-3</label>, <label type="Tech Tools">Photoshop</label>  o Game Titles: ViSpy, PoCutato, Atmoscat, Double Tap Revolution, Ikes Nest, Paint Game,  Milo, Daisys Bubble Party  o Atmoscat and Double Tap Revolution are yet to be published on Google Play and iTunes  respectively.  <label type="Designation">Senior Game Programmer</label>  <label type="Years of Experience">February 2013 to April 2014</label>  1 Year 3 Months  <label type="Companies worked at">Twist Mobile India Pvt. Ltd.</label>, <label type="Location">Indore (Madhya Pradesh - India)</label>  o Gameplay programming two published titles (<label type="Tech Tools">iOS</label>)  Tower of Glory and Zulux World Tour  o<label type="Tech Tools"> C++</label>, <label type="Tech Tools">Cocos2d-X</label>, <label type="Tech Tools">Cocostudio</label>, <label type="Tech Tools">Flash</label>, <label type="Tech Tools">Javascript</label>, <label type="Tech Tools">Eclipse</label>, <label type="Tech Tools">Visual Studio</label>  <label type="Designation">Game Programmer </label> <label type="Years of Experience">November 2011 to July 2012</label>  <label type="Companies worked at">Gameshastra Solutions Pvt. Ltd.</label>, <label type="Location">Hyderabad (Andhra Pradesh  India)</label>  o Worked on development of Facebook card game  Social Rummy  o <label type="Tech Tools">Flash</label>, <label type="Tech Tools">Actionscript 3.0</label>, <label type="Tech Tools">JavaScript</label>, <label type="Tech Tools">Facebook Actionscript API </label>   9 Months    <label type="Designation">Game Programmer</label> &amp; <label type="Designation">Flash Developer</label>  <label type="Years of Experience">October 2010 to October 2011</label>  1 Year  <label type="Companies worked at">Gameloft Software Pvt. Ltd.</label>, <label type="Location">Hyderabad (Andhra Pradesh  India)</label>  o Worked on porting of Android Games and modification of Flash content in games.  o Conducted a 3-hr training for fellow colleagues equipping them with knowledge required to  easily integrate flash based contents in their ongoing game developmen t projects.  o <label type="Tech Tools">C++</label>, <label type="Tech Tools">J2ME</label>, <label type="Tech Tools">Flash</label>, <label type="Tech Tools">Actionscript 2.0</label>  <label type="Designation">Senior Software Engineer</label>  <label type="Years of Experience">February 2009 to September 2010</label>  1 Year 8 Months  <label type="Location">Azilen Technologies Pvt. Ltd.</label>, <label type="Location">Ahmedabad (Gujarat - India)</label>  o Worked on development of touch screen application for Windows  o Took care of technical design, user interface design, graphics and animation for the application.  o <label type="Tech Tools">Flash</label> <label type="Tech Tools">Actionscript 3.0</label>, <label type="Tech Tools">VB.NET</label>    EDUCATION :  <label type="Degree">BE. Computer Engineering</label> (<label type="Graduation Year">June  2008</label>)  <label type="College Name">LD College of Enginering</label>, <label type="Location">Ahmedabad  (Gujarat - India)</label>  First-Class (61.7%)    <label type="Degree">Diploma Computer Engineering </label>(<label type="Graduation Year">May  2005</label>)  <label type="College Name">Dharmasinh Desai Institute of Technology</label>, <label type="Location">Nadiad  (Gujarat - India)</label>  Distinction (76.6%)    <label type="Name">Rhiannon Larson</label>  CV    Page 3 of 3    PERSONAL PROJECTS :  Snakes and Ladders  A re-imagined version of the class board game.  Link: www.hardikdubal.com/portfolio/games/SnakesAndLadders.swf  Skills Used: Game Design, Flash, Actionscript  My Web Portfolio  Interface designed and developed as a Mario Game  Link: www.hardikdubal.com  Skills Used: <label type="Tech Tools">Flash</label>, <label type="Tech Tools">Actionscript</label>, <label type="Tech Tools">JavaScript</label>, <label type="Tech Tools">HTML</label>  <label type="Job Specific Skills">Graphics Design</label>  Designed a logo, visiting card and a promotional poster from scratch on paper to completed digital  versions for a (hypothetical) institute called Dwi Institute of Gaming  Links: http://www.hardikdubal.com/portfolio/graphics/DwiLogo.png,  http://www.hardikdubal.com/portfolio/graphics/DwiBusinessCard.png  http://www.hardikdubal.com/DwiInstitute/contest/  Skills Used: Sketching, Photoshop  Logo Design  Designed a logo for a facebook app called After -Life  Link: https://www.facebook.com/afterlife.socialwill  Skills Used: Photoshop    OTHER ACTIVITIES :  o  o    Conducted several workshops / expert-lectures on various topics like Flash, Mobile Game  Development, Photoshop, etc. at several colleges including LD, DDIT, Nirma, GCET, ADIT, RK  University, Tolani Polytechnic, SVIT in Gujarat and VIET in Rajasthan.  Guide college students in preparing for campus recruitments and final year projects    CONTACT :  E-Mail: <label type="Email Address">Krystal.Mante@yahoo.com</label>, <label type="Email Address">Krystal.Mante@yahoo.com</label>  Website: www.hardikdubal.com  Mobile: +91 1239456789  LinkedIn: http://in.linkedin.com/pub/hardik-dubal/14/52b/4b2/  Skype: hrdk.dubal"
</cv>
