<?xml version="1.0" encoding="UTF-8"?>
<cv>
"<label type="Name">Bernier</label> <label type="Designation">Software-Firmware Engineer</label>  24 Robinson Road  Morris <label type="Location">Plains, NJ</label> 07950  Home: (123)345-7890  Mobile: (123)345-7890  E-mail: <label type="Email Address">Smitham.Geoffrey@hotmail.com</label>  EDUCATION    <label type="Degree">BS  Electrical Engineering</label>, <label type="Graduation Year">1991</label>: <label type="Location">Rutgers University</label>, <label type="Location">New Brunswick, NJ</label>    SUMMARY    Principal <label type="Designation">software engineer</label> with over <label type="Years of Experience">15 years industry experience</label>, including:  \xef\x82\xa7 Extensive <label type="Job Specific Skills">product development</label> in <label type="Job Specific Skills">firmware systems engineering</label>.  \xef\x82\xa7 <label type="Job Specific Skills">Design of embedded systems</label> for medical equipment using <label type="Tech Tools">C++</label>.  \xef\x82\xa7 <label type="Job Specific Skills">Systems design</label>, <label type="Job Specific Skills">requirements specification</label>, <label type="Job Specific Skills">programming</label> documentation and <label type="Job Specific Skills">testing</label> of  real-time systems. Expert in <label type="Job Specific Skills">microprocessor applications design</label> and implementation.  \xef\x82\xa7 Produced verification test plans and participated in requirement specifications for  new product development.  \xef\x82\xa7 Wrote <label type="Job Specific Skills">firmware</label> in <label type="Tech Tools">C</label> and <label type="Tech Tools">assembler</label> for device drivers such as fibre channel disc drive  arrays, motor control applications, mixed signal inputs and controls using a variety of  operating systems and languages.  \xef\x82\xa7 Developed the final production and test procedures for the product using interactive  software. Wrote component-level test plan for acceptance of printed circuit boards.    SKILLS    <label type="Job Specific Skills">Programming</label>: <label type="Tech Tools">C</label>/<label type="Tech Tools">C++</label>, Motorola/Intel/Microchip <label type="Tech Tools">Assembly</label>, <label type="Tech Tools">Intel X86</label>, <label type="Job Specific Skills">Vertex  Operating Systems</label>: <label type="Tech Tools">Integrity</label>, <label type="Tech Tools">AMX RTOS</label>, <label type="Tech Tools">MS-DOS</label>, <label type="Tech Tools">WIN 95/98/NT/2000</label>, <label type="Tech Tools">RTKernal</label>, <label type="Tech Tools">UNIX</label>.  Processors/Platforms: <label type="Tech Tools">Embedded PC</label>, <label type="Tech Tools">Microchip PIC</label>, <label type="Tech Tools">Motorola 6123/456789</label>, <label type="Tech Tools">Intel MCS 96</label>  Tools: <label type="Tech Tools">Assemblers</label>/<label type="Tech Tools">Compilers</label>/<label type="Tech Tools">Debuggers</label>, <label type="Tech Tools">Emulators</label>, <label type="Tech Tools">Source Safe</label>, <label type="Tech Tools">PR Tracker</label>, <label type="Tech Tools">OrCad</label>    EXPERIENCE    <label type="Companies worked at">ABC Corp</label>  Somewhere, NJ  <label type="Years of Experience">2001  2006</label>: <label type="Designation">Principal Software Engineer</label>  Responsible for specification, design and development of software for cardio-vascular lifesupport device, including:  \xef\x82\xa7 <label type="Job Specific Skills">Architecture</label>, <label type="Job Specific Skills">design</label> and <label type="Job Specific Skills">development</label> of an <label type="Job Specific Skills">object-oriented database</label> enabling safe data flow  between various software packages across different address spaces. The database separates  between the system core algorithms and the data delivered between them and provides a  unified interface from any address space. (<label type="Tech Tools">Embedded C++</label>, <label type="Tech Tools">Design Pattern</label>, <label type="Tech Tools">Integrity OS</label>)  \xef\x82\xa7 <label type="Job Specific Skills">Architecture, design and development</label> of multi-threaded bio-medical algorithms for intra-aortic  balloon pumping with strict synchronization requirements. The system automatically evaluates  and selects optical trigger source, identify key waveform landmarks and responds to changes  in signal quality by selecting new sources. (<label type="Tech Tools">C</label>, <label type="Tech Tools">Embedded C++</label>, <label type="Tech Tools">Vertex</label>)  \xef\x82\xa7 Design and development of graphic user interface for medical equipment. (Based on XWindows technology)  \xef\x82\xa7 Experience with full life cycle of software development: usecases, requirements, high level  design, low level design, implementation and testing for various packages.  \xef\x82\xa7 Served as a reviewer for numerous software packages architecture and design.  <label type="Companies worked at">DEF Company, Inc.</label>  Somewhere, NJ  1998  2001: <label type="Designation">Senior Software Engineer</label>  Responsible for software design of a complex stepper motor control system and communications  within a newly designed medical instrument.  \xef\x82\xa7 Designed and implemented the software architectures for stepper motor control, Brushless  DC motor control, and a FLASH Bootloader to be utilized to download firmware code to  instrument in a production environment.  \xef\x82\xa7 Design included both CAN bus and RS-232 communications implemented on the Motorola  Coldfire 5272 and DSP56F8357.  \xef\x82\xa7 Used C and assembly programming languages developed using the Motorola CodeWarrior  with BDM/JTAG for the ColdFire and DSP56XXXX product line.  \xef\x82\xa7 Generated high level documentation for all aspects of software development in accordance  with FDA required standards. This includes all project specifications, design, test and hazard  analyses for the software implementation.    <label type="Name">Bernier</label> <label type="Designation">Software Firmware Engineer</label>  - Page 2 of 2 <label type="Companies worked at">RU Corp.</label>  Somewhere, NJ  <label type="Years of Experience">1995  1998</label>: <label type="Designation">Senior Engineer</label>  Responsible for all aspects of <label type="Job Specific Skills">new product development</label> for building automation systems.  \xef\x82\xa7 Used AMX RTOS &amp; <label type="Tech Tools">C</label> programming with Microsoft compiler for special real-time fire system  based on an Intel 80186 embedded system. Project used Paradigm Locate &amp; Debug for  embedded platforms.  \xef\x82\xa7 Design of all hardware and firmware of plug-in communication module based on the Motorola  68HC908AZ60 CPU and Ethernet (CSMA/CD). Design was for a proprietary fire safety  monitoring / reporting system utilizing an RS-485 driven local communications layer along with  high-speed modems over dedicated leased lines.  <label type="Companies worked at">RSS, Inc.</label>  Somewhere, NY  <label type="Years of Experience">1992  1995</label>: <label type="Designation">Electrical/Software Engineer</label>  Developed and deployed nuclear power plant simulator as prime contractor for the US Navy.  \xef\x82\xa7 Responsible for evaluation, design, and installation of changes/upgrades to nuclear simulator,  including integration and programming of new plant software models and I/O devices.  \xef\x82\xa7 Supervised hardware and software testing of $11 Million nuclear simulator during factory and  on-site testing programs. Identified, tracked, and resolved over 3000 discrepancies."
</cv>
