<?xml version="1.0" encoding="UTF-8"?>
<cv>
"<label type="Degree">Ph.D.</label> RESUME    <label type="Name">Alex Joaquina Stokes</label>  http://www.linkedin.com/pub/kushal-aryal53/365/296  125 International Drive  (573) 578\xe2\x80\x944565  <label type="Location">Rolla, MO</label> 65401  <label type="Email Address">Royal69@lw.name</label>  ___________________________________________________________________________________  Objective    To obtain a full-time position as a <label type="Designation">Systems Engineer</label>    Education    <label type="College Name">Missouri University of Science and Technology</label> (<label type="Location">Rolla, MO</label>)  <label type="Degree">Ph.D. Systems Engineering</label>  Dissertation: \xe2\x80\x9cA novel method to evaluate <label type="Job Specific Skills">Systems Architecture</label>  During early stage of <label type="Job Specific Skills">Systems Engineering Process</label>.\xe2\x80\x9d    <label type="Graduation Year">May 2015</label>  GPA: 4.0/4.0    <label type="Degree">M.S. Systems Engineering</label>  Thesis: \xe2\x80\x9cEvaluation of Systems Architecture using  Computational Intelligence Methods.\xe2\x80\x9d    <label type="Graduation Year">May 2013</label>  GPA: 4.0/4.0    <label type="College Name">Kathmandu University</label> (<label type="Location">Kathmandu, Nepal</label>)  <label type="Degree">B.S. Computer Engineering</label>    <label type="Graduation Year">May 2011</label>  GPA: 3.8/4.0    Experience    Missouri S&amp;T\xe2\x80\x94<label type="Companies worked at">Systems Engineering Department</label>  <label type="Location">Rolla, MO</label>  <label type="Designation">Graduate Research Assistant</label>  <label type="Years of Experience">Aug 2013 \xe2\x80\x94 present</label>  x\x03  Explored previous research endeavors into fields of study to identify  potential research topics  x\x03  Summarized literature to support and define current and future research endeavors  x\x03  Examined draft work of research and literature for errors prior to submission  x\x03  Analyzed sound patterns with a recognition toolkit in order to provide accurate  speaker identification  x\x03  Evaluated regular student performance  x\x03  Facilitated student understanding and provided feedback  <label type="Designation">Graduate Teaching Assistant</label>  <label type="Years of Experience">Aug 2012 \xe2\x80\x94 May 2013</label>  Taught Introduction to Systems Engineering classes  x\x03  Directed laboratory experiments, supported students with recitations and  graded homework  x\x03  Assisted undergraduate research groups with engineering and social events  x\x03  Organized, classified and completed inventory for engineering equipment  x\x03    <label type="Companies worked at">Ozark Business Solutions</label>  <label type="Location">Rolla, MO</label>  <label type="Designation">Information Technology Manager</label>  <label type="Years of Experience">Jan 2012 \xe2\x80\x94 May 2013</label>  x\x03  Purchased, installed, and maintained all desktop computers, networking, and  communication equipment  x\x03  Provided user support and training to both local and remote employees via personal  visits, telephone, email, and web conferencing  x\x03  Responsible for maintaining <label type="Job Specific Skills">network security</label> for corporate and federal government  contract records  x\x03  Managed a support contract for installing <label type="Job Specific Skills">network infrastructure</label> and providing <label type="Job Specific Skills">user  support</label>  8    Career Opportunities &amp; Employer Relations    career.mst.edu    <label type="College Name">Missouri University of Science and Technology</label>    <label type="Name">Alex Joaquina Stokes</label>  Page 2  ___________________________________________________________________________________  <label type="Companies worked at">Chabahil Engineering Firm</label>  <label type="Location">Kathmandu, Nepal</label>  <label type="Designation">Network and Computer Repair Intern</label>  <label type="Years of Experience">Jan \xe2\x80\x94 Aug 2011</label>  x\x03  Installed and configured <label type="Job Specific Skills">wireless networks</label>  x\x03  Debugged software and hardware systems  x\x03  Secured and maintained customers networks via remote access  x\x03  Established and maintained relationships with current and future clients  Skills    Publications    Computer:  Unigraphics  Autodesk Inventor  Mathematica  MiniTab    NX5-7.5  Adobe InDesign  HTK  MS DOS    DOOR5  Adobe Photoshop  SAS  Visual Basic 2.0    Languages:  English    Arabic    French    MATLAB  FTP <label type="Designation">Networking  Design Expert</label>    <label type="Companies worked at">Aryal, K.P. and Wiley, J.</label> \xe2\x80\x9cEvaluation of Systems Architecture using a Fuzzy Neural  Networks.\xe2\x80\x9d Systems Engineering, 13(2), 121-129, 2013.  Wiley J. and Aryal, K.P. \xe2\x80\x9cExecutable Systems Architecture using SYSML and Neural  Networks.\xe2\x80\x9d Systems Research Forum, Vol. 8. No. 1. World Scientific Publishing  Company, 2013.    Presentations Application of Computational Intelligence Methods in Systems Architecture, EMSE 410  Graduate Research Seminar, April 6, 2013.  Modern Trends in Evaluating Systems Architecture, INFORMS annual meeting,  <label type="Location">Minneapolis, Minnesota</label>, October 7, 2012.  Honors &amp;  Activities    Missouri University of Science &amp; Technology\xe2\x80\x94Vice Chancellor Fellowship  INCOSE\xe2\x80\x94<label type="College Name">Missouri University of Science &amp; Technology</label> chapter\xe2\x80\x94President  Graduate Research Showcase\xe2\x80\x94First Place Winner    Career Opportunities &amp; Employer Relations    career.mst.edu    <label type="College Name">Missouri University of Science and Technology</label>    9"
</cv>
