<?xml version="1.0" encoding="UTF-8"?>
<cv>
"<label type="Name">Conrad Fadel</label>  Email Address: <label type="Email Address">Schumm.Vonnie@ag.io</label>,<label type="Email Address">Schumm.Vonnie@ag.io</label>  Cell: 0123-456789  Objective  I am looking forward to join a progressive organization. I am Strong <label type="Soft Skills">team builder</label> and <label type="Soft Skills">leader</label>. I have high  level of personal morals and <label type="Soft Skills">integrity</label>. I am <label type="Soft Skills">Goa l oriented</label>, <label type="Soft Skills">self-motivated</label> and committed to the successful  outcome of the project. I am willing to work hard and have a great desire to learn.    Summary            Since March 2007, have <label type="Years of Experience">6 years</label> plus of extensive hands on experience of <label type="Job Specific Skills">website development</label>.  An experienced team lead and <label type="Soft Skills">team player</label> with excellent <label type="Soft Skills">communication</label> and <label type="Soft Skills">interpersonal</label> skills who  has the ability to work independently under pressure.  Currently working as <label type="Designation">Senior Software Engineer</label>/<label type="Designation">Team Lead</label> at <label type="Companies worked at">Hashe Computer Solutions</label>.  <label type="Degree">Masters</label> in <label type="Graduation Year">2007</label> from the <label type="College Name">University College of Information Technology</label>, <label type="Companies worked at">Lahore, Pakistan</label>.    Skills  Languages/<label type="Job Specific Skills">Web Development</label>    <label type="Tech Tools">PHP</label>, <label type="Tech Tools">C#</label> <label type="Tech Tools">.Net</label>, <label type="Tech Tools">JavaScript</label>, <label type="Tech Tools">HTML</label>, <label type="Tech Tools">CSS</label>, <label type="Tech Tools">Java</label>, <label type="Tech Tools">XML</label>, <label type="Tech Tools">SQL</label>    Frameworks    <label type="Tech Tools">AJAX</label>, <label type="Tech Tools">Zend</label>, <label type="Tech Tools">Symfony2</label>, <label type="Tech Tools">CodeIgniter</label>    Open Source    <label type="Tech Tools">Wordpress</label>, <label type="Tech Tools">Joomla</label>, <label type="Tech Tools">XCart</label>, <label type="Tech Tools">CSCart</label>    Databases    <label type="Tech Tools">MySQL</label>, <label type="Tech Tools">Oracle</label>    Tools    <label type="Tech Tools">Netbeans</label>, <label type="Tech Tools">Dreamweaver</label>, <label type="Tech Tools">SqlYog</label>, <label type="Tech Tools">NavicoSoft</label>, <label type="Tech Tools">MicroOlap</label>    Experience  <label type="Companies worked at">Hashe Computer Solution</label> , <label type="Location">Lahore, Pakistan</label>  <label type="Designation">Senior Software Engineer</label> / <label type="Designation">Team Lead</label>  (<label type="Years of Experience">March 2008  To date</label>)  Responsibilities include team management, direct client communication and <label type="Job Specific Skills">software development</label>.  <label type="Companies worked at">Mechtechnologies</label>, <label type="Location">Lahore, Pakistan</label>  <label type="Designation">Software Engineer</label>  (<label type="Years of Experience">March 2007  February 2008</label>)    Page 1 of 6    Projects  Freight Ordering System  Hashe Computer Solutions  Role:      <label type="Designation">Development Lead </label>   Tools:      <label type="Tech Tools">PHP</label>, <label type="Tech Tools">MySQL</label>, <label type="Tech Tools">Ajax</label>, <label type="Tech Tools">JQuery</label> , Web Services    Details:                  This is a web based system, which provides an online competitive freight quotes within zip code  range from best courier &amp; transport companies of the region with favorable discounts and transit  days. Later shipment can be booked out of these quotes and tracked thoug h website. Companies can  add / manage their locations, product catalog for swift use of the system.  This application works with SMC3 to acquire shipment rates for given locations and then apply  different accessorial and fuel charges added by admin to calcu late final shipment rates.  Using the back office application, admin c an set different accessorial, discounts, fuel charges , and  FAK classes for each company and carrier. Manage the Sales Representatives &amp; this commission for  different companies &amp; Carriers .  Comprehensive report system provides reports about the shipment, carrier, customer, sale  representative commission and billing reports .  Complete Accounting System.    http://www.freightanywhere.com  http://www.tech-logistics.com  Online Golf Course Booking System  Hashe Computer Solutions  Role:      Application Developer    Tools:      <label type="Tech Tools">PHP</label>, <label type="Tech Tools">MySQL</label>, <label type="Tech Tools">Ajax</label>, <label type="Tech Tools">JQuery</label>, Web Services    Details:      This is a web based system, which provides golfers an easy way to use website to search,    compare, and book golf tee times for free. With nu merous golf courses available for play in  most areas.  http://www.back9booking.com  Ecommerce Shopping System  Hashe Computer Solutions  Role:      <label type="Designation">Application Developer</label>/<label type="Designation">Team Lead</label>    Tools:      <label type="Tech Tools">PHP</label>, <label type="Tech Tools">MySQL</label>, <label type="Tech Tools">JQuery</label>, <label type="Tech Tools">Zend</label>    Details:  Complete ecommerce shopping system with following features                        Administration system to easily update all product details, prices, pictures, stock details and other  information online.  Manage Customer Accounts  Manage Wish list  Customer Reviews &amp; Rating  Manage categories and products  Manage Product options and related products  Advanced pricing algorithms  Order and Invoice history  Take payments online using PayPal  Shopping cart system to allow easy purchase of products    Page 2 of 6              Automatic email notification of orders  Full checkout procedure  Fast and friendly quick search and advanced search features  Reports of site visits, pages viewed, most viewed products, most ordered products and most viewed  categories    http://www.tcig.co.uk    Free Home Listing  Hashe Computer Solutions  Role:      <label type="Designation">Application Developer</label>    Tools:      <label type="Tech Tools">PHP</label>, <label type="Tech Tools">MySQL</label>, <label type="Tech Tools">JQuery</label>, <label type="Tech Tools">Codeigniter</label>    Details:  This is a property portal with three access level              Customer Login    Search Properties by State And City, Key words and Zip Code with option in different  miles radius i.e. search all properties having zip code 03055 and with in 10 miles radius  around it.    Register as Customer    Manage their Listings    Add/Edit property    Add/Edit/Delete Properties Images    Delete Properties  Agent Login    Add/Edit property    Add/Edit/Delete Properties Images    Delete Properties  Admin login    Manage Customers (Add/Edit/Delete/Active/Inactive)    Manage Customer Packages    Manage Agents (Add/Edit/Delete/Active/Inactive)    Manage Listings (Add/Edit/Delete/Active/Inactive)    http://demo.hashe.com/freehomelistings /  Rockingham Acres  Hashe Computer Solutions  Role:      <label type="Designation">Application Developer</label>    Tools:      <label type="Tech Tools">PHP</label>, <label type="Tech Tools">MySQL</label>, <label type="Tech Tools">JQuery</label>    Details:  This is an Online Flower Store has        Online Shopping Cart  Word Press Blog    http://www.rockinghamacres.com/    Third Coast Collection  Hashe Computer Solutions  Role:      <label type="Designation">Application Developer</label>    Tools:      PHP, <label type="Tech Tools">MySQL</label>, <label type="Tech Tools">JQuery</label>    Details:    Page 3 of 6    This website has          Online Shopping Cart  Authorized .Net Payment Integration  Word Press Blog    http://www.thirdcoastcollection.com/  PPA-Office Management System  Hashe Computer Solutions  Role:      <label type="Designation">Application Developer</label>    Tools:      <label type="Tech Tools">PHP</label>, <label type="Tech Tools">MySQL</label>, <label type="Tech Tools">JQuery</label>    Details:  PPA (Pakistan Progressive Associate) is licensed by Ministry of Labor, Manpower and Overseas  Employment , Government of Pakistan for recruitment of manpower. So PPA-Office Management  System is developed to manage &amp; integrate all PPA internal processes (i.e. client, contracts, jobs, job  seeker registration, resume bank, recruitment process, and visa &amp; departure process) . We split this big  system into following modules.                  Office Workflow Management System Administration: This application will allow the administration to    Manage Companies, Contracts    Application Configurations    Manage invoices    Manage administrative expenses  \xef\x82\xa7  Advertisement costs  \xef\x82\xa7  Courier charges  \xef\x82\xa7  Misc. charges to be posted  Office Workflow Management System: This application will automate the recruitment process of PPA  administration and will implement all the business processes hence allowing straight through  processing of jobs. This application will have three separate work flows    Pre Processing  Jobs management, Resume management and data entry, short listing,  interview scheduling and execution, selection of candidates and forwarding for post processing.    Post Processing    Archiving  Online Client / Candidate Portal: This portal will allow    PPA administration to manage advertisement jobs    PPA affiliated companies to:  \xef\x82\xa7  Login into the system  \xef\x82\xa7  Add jobs  \xef\x82\xa7  View list of candidates forwarded by PPA administration, short list them, add  notes  \xef\x82\xa7  Browse/Search (if allowed) resume database, create resume lists, add notes on  resumes    Potential candidates to:  \xef\x82\xa7  Register  \xef\x82\xa7  Add resumes  \xef\x82\xa7  Search for jobs  System will allow the printing of all documents required during the execution of a case. System will  allow three types of print    Printing with PPA logo    Printing without PPA logo  to be printed on PPA letter head    Custom printing    NetSignNews.com  Hashe Computer Solutions  Role:      <label type="Designation">Development Lead</label>    Tools:      <label type="Tech Tools">PHP</label>, <label type="Tech Tools">MySQL</label>    Page 4 of 6    Details:      Net Sign News is a specialized news channel for with hearing disabilities. NetSignNews.com is an  online news portal for NetSignNews. News videos are streamed on demand using FLV format files.  This application has a power administration utility using which administrator can manage the  contents being published on the website.    VegaPrint.co.uk  <label type="Companies worked at">VegaSoft Technologies</label>  Role:      <label type="Designation">Development Lead</label> (Freelance)    Tools:      <label type="Tech Tools">PHP</label>, <label type="Tech Tools">MySQL</label>    Details:        This is print media service providers website. Here user can order print media products by paying  online payment through PayPal, users can also track there orders online.  Using the back office application, admin c an add different products, services, special offers, shipment  charges, manage users and orders.    Bug Tracking  <label type="Companies worked at">Mechtechnologies</label>  Role:      <label type="Designation">Development Team Member</label>    Tools:      <label type="Tech Tools">PHP</label>, <label type="Tech Tools">MySQL</label>    Details:  This is a web based application which allows software developers to track new bugs, prioritize and  assign bugs to team members, generate bug reports, send email messages between users, attach  files, customize the account according to their speci al needs and more.    Academic Projects  Student Information System - MIT Final Project      Student Information System superior <label type="College Name">University Lahore</label> is a web based application developed in PHP  and MySQL as database.    Education  <label type="College Name">Punjab University College of Information Technology</label>, <label type="Location">Lahore, Pakistan</label>  <label type="Degree">MSC Information Technology</label>  Year: <label type="Graduation Year">2007</label>    <label type="Degree">Certifications  Microsoft Technologies</label> ( Exam: 70 -480)  <label type="Degree">Microsoft Certified Professional</label>  Year: <label type="Graduation Year">2013</label>  <label type="Degree">Microsoft Technologies (C# .Net)</label>  EVS Lahore  Year: <label type="Graduation Year">2013</label>    Page 5 of 6    Interests  Computer Gaming    References  References can be provided on request.    Page 6 of 6"
</cv>
