<?xml version="1.0" encoding="UTF-8"?>
<cv>
"<label type="Name">Burton Kimberli Hills</label>    <label type="Designation">Embedded Software Engineer</label>    <label type="Location">Cary, North Carolina, USA</label>  <label type="Email Address">Altenwerth.Carolynn@hotmail.com</label>  http://patisaul.com/resume  Objective  To use my <label type="Job Specific Skills">low level programming</label> skills developing exciting <label type="Job Specific Skills">embedded products</label>; including <label type="Job Specific Skills">firmware</label>, <label type="Job Specific Skills">operating system</label>,  <label type="Job Specific Skills">drivers</label>, <label type="Job Specific Skills">applications</label>, <label type="Job Specific Skills">programmable logic and/or coprocessors</label>.    Education  <label type="Degree">Bachelor of Electrical Engineering</label>, Cooperative Plan with Honor, <label type="College Name">Georgia Institute of Technology</label>, <label type="Graduation Year">1996</label>  Specializations: <label type="Degree">Computer Systems and Telecommunications</label>    Skills  \xe2\x80\xa2  \xe2\x80\xa2  \xe2\x80\xa2  \xe2\x80\xa2  \xe2\x80\xa2  \xe2\x80\xa2  \xe2\x80\xa2  \xe2\x80\xa2  \xe2\x80\xa2  \xe2\x80\xa2  \xe2\x80\xa2  \xe2\x80\xa2  \xe2\x80\xa2    High-level languages: <label type="Tech Tools">C</label>/<label type="Tech Tools">C++</label>, <label type="Tech Tools">Visual Basic</label>, <label type="Tech Tools">BASIC</label>, <label type="Tech Tools">HTML</label>, <label type="Tech Tools">Pascal</label>, and <label type="Tech Tools">Fortran</label>  Assembly languages: <label type="Tech Tools">ARM</label>, <label type="Tech Tools">M68K DragonBall</label> (68328), M\xe2\x80\xa2Core, <label type="Job Specific Skills">PowerPC</label>, <label type="Job Specific Skills">PIC</label>, and <label type="Job Specific Skills">X86</label>  Knowledgeable in issues related to low-power and mobile devices  Extensive experience in simultaneous <label type="Job Specific Skills">cross-platform development</label>  Expert at <label type="Job Specific Skills">debugging embedded systems</label> with little or no emulator support  System level software (RTOS, drivers, libraries, and test applications) in embedded environment  <label type="Job Specific Skills">High level hardware</label> and <label type="Job Specific Skills">software debugging</label> using oscilloscopes, <label type="Job Specific Skills">logic analyzers</label>, and simulators  Low level software debugging using memory dumps and assembly code tracing  Operating Systems: <label type="Tech Tools">Palm OS</label>, <label type="Tech Tools">WinCE</label>/<label type="Tech Tools">PocketPC</label>, <label type="Tech Tools">VRTX</label>, <label type="Tech Tools">Windows 95/98/NT/2000/XP</label>, <label type="Tech Tools">Unix</label> and <label type="Tech Tools">Solaris</label>  Source/Change Control: <label type="Tech Tools">PVCS</label>, <label type="Tech Tools">Perforce</label>, <label type="Tech Tools">Visual SourceSafe</label>, <label type="Tech Tools">StarTeam</label>, and <label type="Tech Tools">Clarify</label>  Programmable Logic: <label type="Tech Tools">Xilinx</label>, <label type="Tech Tools">CoolRunner</label>, and other PLDs  <label type="Job Specific Skills">Electrical soldering</label> (including surface mount components)  Ham radio operator (KB4WEH, Technician Plus)    Professional Experience  <label type="Companies worked at">Qualcomm, Inc.</label>, <label type="Location">Cary, North Carolina</label>  <label type="Designation">CDMA Technologies  Senior Engineer</label> - <label type="Years of Experience">June 2004 to Present</label>  <label type="Companies worked at">Scientific-Atlanta, Inc.</label>, <label type="Location">Atlanta, Georgia</label>  Digital Subscriber Networks, <label type="Designation">Headend Embedded Software Team  Staff</label> <label type="Designation">Embedded Software Engineer</label> - <label type="Years of Experience">April 2002 to May 2004</label>  \xe2\x80\xa2 Developed and maintained firmware for Quadrature Amplitude Modulator series of products  \xe2\x80\xa2 Wrote code for multitasking multi-processor system mixing ARM and PowerPC.  \xe2\x80\xa2 Maintained carrier grade reliability.  \xe2\x80\xa2 Focused on MPEG-2 Systems Layer and PowerKEY Conditional Access System.  \xe2\x80\xa2 Worked closely with Digital Network Controller System and set top groups.  <label type="Companies worked at">Ratio DesignLab, Inc.</label> (became <label type="Companies worked at">AppForge, Inc.</label>), <label type="Location">Atlanta, Georgia</label>  <label type="Job Specific Skills">High-tech Product Development</label>  <label type="Designation">Embedded Software Engineer</label> - <label type="Years of Experience">April 1996 to April 2002</label>  \xe2\x80\xa2 Developed software and firmware for battery powered handheld mobile devices.  \xe2\x80\xa2 Implemented 32-bit multitasking <label type="Job Specific Skills">embedded real-time operating system (RTOS</label>)  \xe2\x80\xa2 Written in portable <label type="Tech Tools">Object-Oriented C</label> (critical portions in assembly).  \xe2\x80\xa2 Simultaneously supported on ARM, ARM Thumb, StrongARM, Motorola M68K DragonBall, and M\xe2\x80\xa2Core.  \xe2\x80\xa2 External modules use position-independent code and data (PIC/PID) for execute in place power savings,  flexible configuration, and field upgradability.  \xe2\x80\xa2 High-speed direct system and inter-module function calling via a COM like interface, implemented in <label type="Tech Tools">C</label>.  \xe2\x80\xa2 Wrote numerous device drivers including UART, (IR, RS-232, and RS-485), graphical LCD, coprocessor, touch  screen digitizer, and paging and two-way radios.  \xe2\x80\xa2 Team lead for development of cross-platform GUI controls using <label type="Tech Tools">C</label>/<label type="Tech Tools">C++</label> code shared between Windows and all    \xe2\x80\xa2  \xe2\x80\xa2  \xe2\x80\xa2    embedded targets, in the AppForge Piedmont Framework.  <label type="Designation">Senior team member</label> in design and development of AppForge Piedmont (a cross-platform COM-like framework  for embedded systems) <label type="Job Specific Skills">SDK</label> and run time, for <label type="Tech Tools">Palm OS</label> and <label type="Tech Tools">Pocket PC</label>.  Wrote and maintained code in programmable logic devices (CPLD and FPGA) and coprocessors to support \xe2\x80\x9czero  glue logic and field upgradeable\xe2\x80\x9d design philosophy.  Wrote programmable logic elements and boot and OS code for modular Hardware Reference Platform    NASA, <label type="Companies worked at">Voice and Navigation Aids Section</label>, <label type="Companies worked at">Kennedy Space Center</label>, <label type="Location">Florida</label>  <label type="Designation">Electrical Engineering Student Trainee </label>(Co-Op) - <label type="Years of Experience">May 1991 to September 1995</label> (alternating quarters)  \xe2\x80\xa2 <label type="Job Specific Skills">Prototyping</label>, <label type="Job Specific Skills">engineering support</label>, and <label type="Tech Tools">UNIX</label> <label type="Job Specific Skills">programming</label> for U.S. Space Shuttle ground communications  systems.    Patent Pending  \xe2\x80\x9cMethods and systems for providing platform-independent shared software components for mobile devices\xe2\x80\x9d  United States Patent Application 1233456789, filed 17 July 2001"
</cv>
