<?xml version="1.0" encoding="UTF-8"?>
<cv>
"Professional Summary:      Around <label type="Years of Experience">2 years of experience</label> in <label type="Tech Tools">Java</label> Technologies        Excellent <label type="Tech Tools">Java</label> <label type="Job Specific Skills">development skills</label> using <label type="Tech Tools">J2EE</label>, <label type="Tech Tools">J2SE</label>, <label type="Tech Tools">Servlets</label>, <label type="Tech Tools">JSP</label>, <label type="Tech Tools">EJB</label>, <label type="Tech Tools">JDBC</label>,  <label type="Tech Tools">Sockets</label>, <label type="Tech Tools">JFC/Swing</label>, <label type="Tech Tools">Java Beans</label>, Applets.        Having hands on experience in handling <label type="Job Specific Skills">Use Cases</label>, <label type="Job Specific Skills">Functional Specification</label>,  <label type="Job Specific Skills">Knowledge Transfers</label> and <label type="Job Specific Skills">Business Analysis</label>.        Extensive <label type="Job Specific Skills">Object Oriented Development</label> <label type="Tech Tools">OOP/OOD</label> experience.        Good working knowledge on <label type="Job Specific Skills">Application development and maintenance</label> <label type="Job Specific Skills">life cycle  process</label>.  Professional Experience:        Currently working as a <label type="Designation">Software Engineer</label> in xxx Technologies, <label type="Location">Bangalore</label> from <label type="Years of Experience">July  2009</label>.        Working as a <label type="Designation">Software Engineer</label> in xxx <label type="Companies worked at">Software Pvt Ltd</label>, <label type="Location">Bangalore</label> from <label type="Years of Experience">May 2007  to June 2009</label>  Scholastic Profile:        <label type="Degree">B.E </label>from <label type="College Name">University of Madras</label> in <label type="Graduation Year">2007</label> with an aggregate of 62%.        12 Standard from Higher secondary education board in 2003 with an aggregate of  65%        10th standard from Secondary education Board in 2000 with an aggregate of 65%  Achievements:        I achieved <label type="Degree">sun certification on Java platform</label>.        Certified as a <label type="Degree">Scrum Master</label> from <label type="College Name">Scrum Alliance</label>  Technical Expertise:  Operating System : <label type="Tech Tools">Windows NT 2000/2003/XP</label>, <label type="Tech Tools">Linux</label> and <label type="Tech Tools">solaris</label>  Primary Skills : <label type="Tech Tools">JSP</label>, <label type="Tech Tools">Hibernate</label> and <label type="Tech Tools">EJB</label>  Languages : <label type="Tech Tools">C</label>, <label type="Tech Tools">C++</label>, <label type="Tech Tools">Java</label> and <label type="Tech Tools">Perl</label>  Scripting Languages : <label type="Tech Tools">JavaScript</label>, <label type="Tech Tools">Java Servlets</label>, <label type="Tech Tools">JMS</label> and <label type="Tech Tools">JSP</label>.  Web Servers : <label type="Tech Tools">Web logic</label>, <label type="Tech Tools">IBM Web sphere</label>  Experience Summary:  Presently I am associated with XXXX Technologies <label type="Location">India</label> as a <label type="Designation">Software programmer</label>  since <label type="Years of Experience">July 2009 to Till Date</label>."
</cv>
