<?xml version="1.0" encoding="UTF-8"?>
<cv>
"<label type="Name">Alessandra Rosenbaum</label>  Technical excellence to deliver user value    Work Experience  <label type="Years of Experience">2016present</label>    <label type="Designation">Software Eng Lead</label>, <label type="Companies worked at">Google Assistant</label>, <label type="Companies worked at">Google</label>, <label type="Location">Mountain View</label>.  Delivered Google Assistant  { Delivered \xe2\x80\x9cMy Day\xe2\x80\x9d feature for Google Assistant  { Led the delivery of Contextual Cards for Google Assistant on Android  { Currently designing and leading Assistant functionality on <label type="Tech Tools">iOS</label>, <label type="Tech Tools">Android</label>, and on the web  { Assembling a team of strong contributors, managing performance and employee career  growth  { Delivering Assistant in Auto    <label type="Years of Experience">20132015</label>    <label type="Designation">Staff Software Engineer</label>, <label type="Companies worked at">Google Search App</label>, <label type="Companies worked at">Google</label>, <label type="Location">Mountain View</label>.  Improved the <label type="Tech Tools">Android</label> \xe2\x80\x9cGoogle\xe2\x80\x9d app  { Designed and led the client development of Now On Tap for Android Marshmallow  { Worked on delivering Android Auto integration with Google Voice Search  { Established a punctual release process for Google Search  { Delivered on a large scale source code repository migration to allow faster development  velocity  { Led improvements to source code malleability and testing    <label type="Years of Experience">20122013</label>    <label type="Designation">Senior Software Engineer</label>, <label type="Companies worked at">Android</label>, <label type="Companies worked at">Google</label>, <label type="Location">Mountain View</label>.  Improved the Android Gmail app  { Implemented user-visible features to improve app usability  { Supported the launch of the key Nexus devices through improvements in the Gmail app  { Intern hosting, recruiting, and new engineer onboarding  { Owner of Android encryptions user interface    <label type="Years of Experience">20082012</label>    <label type="Designation">Software Engineer</label>, Search, <label type="Companies worked at">Google</label>, <label type="Location">Mountain View</label>.  Improved video search results on www.google.com  { Completed large back-end and user-visible improvements to video results serving  { Improved video search results through ranking, triggering and UI placement  { Consolidated serving stack to improve production infrastructure  { Made serving infrastructure stable and reliable  { Supported the launch of Google Instant for video results    <label type="Years of Experience">20052005</label>    <label type="Designation">Software Engineering Intern</label>, <label type="Companies worked at">Google</label>, <label type="Location">Mountain View</label>.  Improved Googles Payment Fraud detection system  { Designed and implemented a location-based signal for detecting fraud    <label type="Years of Experience">20002002</label>    <label type="Designation">Consultant</label>, <label type="Companies worked at">Infotech Financials</label>, <label type="Location">Bombay, India</label>.  Geek marine for hire  { Designed, procured and maintained 30-node diskless <label type="Tech Tools">Linux</label> fleet and <label type="Job Specific Skills">network daemons</label>  { Consulted on software development    <label type="Location">Palo Alto  California</label>  H (123)345 7890 \xe2\x80\xa2 B <label type="Email Address">aWiza@hotmail.com</label> \xe2\x80\xa2    \xc3\x8d www.eggwall.com    1/2    Education  2008    <label type="Degree">PhD.</label>, <label type="College Name">University of California</label>, <label type="Location">Santa Barbara</label>.  <label type="Degree">Computer Science</label>    <label type="Graduation Year">2002</label>    <label type="Degree">MS.</label>, <label type="College Name">Indian Institute of Technology</label>, <label type="Location">Bombay, India</label>.  <label type="Degree">Applied Mathematics</label>    Doctoral thesis  Title  Location  Description    A Parallel Preconditioner for Finite Difference Octree Grids  <label type="College Name">University of California</label>, <label type="Location">Santa Barbara</label>  Designed a preconditioner to exploit a graph-property of finite difference grids, efficiently solving fluid flow simulations in parallel    Skills  <label type="Soft Skills">Leadership</label>  Domain  Languages    Technical, Interpersonal  <label type="Job Specific Skills">Mobile</label>, <label type="Job Specific Skills">Server</label>, <label type="Job Specific Skills">User features</label>    <label type="Soft Skills">Communication</label>  <label type="Job Specific Skills">Platforms</label>    Individual, Team, External  <label type="Tech Tools">Linux</label>, <label type="Tech Tools">Android</label>, <label type="Tech Tools">iOS</label>    <label type="Tech Tools">C</label>/<label type="Tech Tools">C++</label>, <label type="Tech Tools">Java</label>    Profile  Strengths  Goals  Work/Life    Collaboration, Conflict resolution, Building a world-class team  Deliver world-class user benefit, Attain technical excellence  Guitar, Juggling, Photography    <label type="Location">Palo Alto  California</label>  H (123)345 7890 \xe2\x80\xa2 B <label type="Email Address">aWiza@hotmail.com</label> \xe2\x80\xa2    \xc3\x8d www.eggwall.com    2/2"
</cv>
