<?xml version="1.0" encoding="UTF-8"?>
<cv>
"<label type="Name">Leonarda Trantow</label>  <label type="Designation">PHP Developer</label>    CAREER OBJECTIVE  <label type="Job Specific Skills">Design and develop</label> <label type="Job Specific Skills">Internet and intranet applications</label>, <label type="Job Specific Skills">manage network</label> needs  and administer <label type="Job Specific Skills">Linux servers</label>.  SKILLS  More than <label type="Years of Experience">three years' experience</label> in the <label type="Soft Skills">analysis</label>, <label type="Job Specific Skills">design</label> and <label type="Job Specific Skills">development</label> of  <label type="Job Specific Skills">online applications</label>, and in <label type="Job Specific Skills">network and server management</label>. I am proficient in the  use of development and design tools and in the maintenance of <label type="Tech Tools">Linux</label> <label type="Tech Tools">Debian</label>  servers.  PROFESSIONAL EXPERIENCE  \xef\x83\x98    <label type="Years of Experience">2005present</label>: XXXXXXXXXXX  Position: <label type="Designation">PHP developer</label>, <label type="Tech Tools">MySQL</label>, <label type="Tech Tools">RealBasic</label>, <label type="Tech Tools">Flash</label>  Development of e-detailing, e-learning and webinar applications in <label type="Tech Tools">PHP</label>,  <label type="Tech Tools">MySQL</label>  Administration and maintenance of <label type="Tech Tools">Linux</label> <label type="Tech Tools">Debian</label> servers    \xef\x83\x98    <label type="Years of Experience">2005present</label>: XXXXXXXXXXX  Creation of magazine XXXXXXX  Administration and maintenance of <label type="Tech Tools">Linux</label> <label type="Tech Tools">Debian</label> servers  Development of video and audio solutions in <label type="Tech Tools">PHP</label>, <label type="Tech Tools">MySQL</label>, <label type="Tech Tools">Flash</label>  Development of website (based on mambo) in <label type="Tech Tools">PHP</label>, <label type="Tech Tools">MySQL</label>  Creation of magazine    \xef\x83\x98    <label type="Years of Experience">2003present</label>: XXXXXXXXXXX  Position: <label type="Designation">PHP/MySQL developer</label>/<label type="Designation">Project manager</label>/<label type="Designation">Network administrator</label>  Development of client projects in <label type="Tech Tools">PHP</label>, <label type="Tech Tools">MySQL</label>  Administration of all computer equipment and hosting servers under <label type="Tech Tools">Linux</label>  <label type="Tech Tools">Debian</label>    Development of XXXXXXX website in <label type="Tech Tools">PHP</label>, <label type="Tech Tools">MySQL</label>    \xef\x83\x98    <label type="Years of Experience">20012006</label>: XXXXXXXXXXX  Position: <label type="Designation">Project manager</label>/<label type="Designation">Developer</label>/<label type="Designation">Administrator</label>  Implementation of various technological solutions  <label type="Job Specific Skills">Administration of server</label> farm under <label type="Tech Tools">Linux</label> <label type="Tech Tools">Debian</label>  Development of frontends in <label type="Tech Tools">PHP</label>, <label type="Tech Tools">MySQL</label>  Creation of free webhosting service (edeign.com)    \xef\x83\x98    20002004: XXXXXXXXXXX  Position: <label type="Designation">PHP/MySQL</label> <label type="Designation">webmaster/developer</label>  <label type="Designation">Graphic designer</label>/<label type="Designation">Server  operator</label>  Creation, implementation and <label type="Job Specific Skills">management of web pole</label>  <label type="Job Specific Skills">Development of websites</label> in <label type="Tech Tools">PHP</label>, <label type="Tech Tools">MySQL</label>  Migration of <label type="Tech Tools">WinNT4/Win2000</label> (<label type="Tech Tools">IIS</label>) <label type="Job Specific Skills">web servers</label> to <label type="Tech Tools">Linux</label>/<label type="Tech Tools">GNU</label> (LAMP)  Administration and maintenance of <label type="Tech Tools">Linux</label> <label type="Tech Tools">Debian</label> servers  Development of the corporate intranet in <label type="Tech Tools">PHP</label>, <label type="Tech Tools">MySQL</label>  Development of sosconnexion.com provider portal (<label type="Tech Tools">PHP</label>, <label type="Tech Tools">MySQL</label>)  <label type="Job Specific Skills">Internet indexing</label>    \xef\x83\x98    <label type="Years of Experience">19981999</label>: XXXXXXXXXXX  Position: <label type="Designation">Online/offline multimedia developer</label>  <label type="Job Specific Skills">Development of websites</label> in <label type="Tech Tools">PHP</label>, <label type="Tech Tools">MySQL</label>, Flash and CD-ROM (Lingo)    \xef\x83\x98    <label type="Years of Experience">19971998</label>: XXXXXXXXXXX  Position: <label type="Designation">Offline multimedia developer</label>  Development of CD-ROM for internal corporate communications    \xef\x83\x98    <label type="Years of Experience">1996</label>: 6-month <label type="Designation">internship</label> at XXXXXXXXXXX  Position: <label type="Designation">Network and computer equipment maintenance</label>"
</cv>
