<?xml version="1.0" encoding="UTF-8"?>
<cv>
<label type="Name">Anastasia Lindgren</label>
Looking for strategic opportunities in the field of marketing

<label type="Location">Bangalore, Karnataka</label> - Email me on Indeed: <label type="Email Address">fKessler@yahoo.com</label>

WORK EXPERIENCE

<label type="Designation">Marketing Operations Specialist</label> &amp; <label type="Designation">Product Marketer</label>

<label type="Companies worked at">ThoughtWorks</label> -  <label type="Location">Bengaluru, Karnataka</label> -

<label type="Years of Experience">August 2012 to June 2016</label>

<label type="Designation">Product Marketer</label> - <label type="Companies worked at">GoCD, ThoughtWorks Studios</label>
* Responsible for shaping the <label type="Job Specific Skills">product marketing strategy</label> of GoCD, an open source continuous
delivery product supported by ThoughtWorks
* Worked cross-functionally with product research and development, design, customer operations
and PR to deliver integrated go-to-market strategies for new app releases and product launches
* Led research initiatives analyzing behavioural metrics, driving and monitoring member insights,
and owning competitive insights by using tools like <label type="Tech Tools">Google Analytics</label>
* Project headed the revamp of the GoCD website by working in tandem with the design and
development team
* Established a consistent process to handle the launch of new product versions and ensured it
worked on a recurring basis
* Worked with the development and management team to publish relevant content to the open
source community on a regular basis
* Built a strong <label type="Job Specific Skills">digital marketing strategy</label> and leveraged the use of several tools to stay on top
the product's online presence and reach:
◦ <label type="Tech Tools">BuzzSumo</label>, <label type="Tech Tools">Hootsuite</label>, and <label type="Tech Tools">Tweet Deck</label> for <label type="Job Specific Skills">social media marketing</label>
◦ <label type="Tech Tools">Google Adwords</label> for <label type="Job Specific Skills">SEO</label>
◦ <label type="Tech Tools">Buzzstream</label>, <label type="Tech Tools">Medium</label>, <label type="Tech Tools">Wistia</label> and <label type="Tech Tools">Quora</label> for <label type="Job Specific Skills">content marketing</label>

<label type="Designation">Marketing Operations Specialist</label> - <label type="Job Specific Skills">Global Marketing</label>
* Planned and executed global marketing events to build email campaigns, target audience lists,
communication collateral and follow-up processes
* Expert user of the <label type="Job Specific Skills">marketing automation</label> tool <label type="Tech Tools">Marketo</label>; worked with regional marketing teams
globally to set up their systems from scratch
* Proactively worked on identifying new customer groups and developed optimal channels to
reach them
* Led the creation and management of a marketing performance dashboard that reported on
marketing investment, conversion, and overall campaign performance
* Responsible for providing reliable and consistent metrics on the effectiveness of marketing
campaigns to stakeholders, and strategies to improve them
* Worked in tandem with the design team to develop email and landing page templates, and
created relevant content for them
* Provided expertise and guidance about marketing automation best practices to global
marketing teams by setting internal benchmarks, and ensuring high quality across all regional
campaigns

https://www.indeed.com/r/anastasia-lindgren
https://www.indeed.com/r/anastasia-lindgren


* Established an effective process for onboarding new users to <label type="Tech Tools">Marketo</label>, and developed the
required training material
* Co-ordinated with sales leads to develop an ongoing program that managed all stages of lead
development, from cold nurtured inquiries to closed opportunities, ensuring timely follow-up on
qualified leads

Highlights at ThoughtWorks:
• Successfully worked with marketing teams in US, UK, Australia, China, Brazil, South Africa and
Uganda
• Underwent training with expert <label type="Tech Tools">Marketo</label> consultants in San Mateo, USA
• Spoke at a number of internal conferences on the impact of marketing automation on business
and related topics
• Consistently recognised by management for working effectively with globally distributed team
members and successfully completing campaigns

<label type="Designation">Marketing Specialist</label>

<label type="Companies worked at">Oracle</label> -  <label type="Companies worked at">Bengaluru, Karnataka</label> -

<label type="Years of Experience">June 2009 to July 2012</label>

<label type="Designation">Marketing Specialist</label> – <label type="Designation">Hardware Programs Lead</label> 
♣ Designed and executed campaigns based on key industry trends and strategic market
opportunities
♣ Developed innovative programs aligned to business requirements and sales priorities
♣ Worked on campaign target lists, key messages, calls to action and success metrics
♣ Aligned closely with stakeholders like Product Marketing, Field Marketing, Sales Consulting and
Sales Management teams to execute campaigns
♣ Published regular reports on program results, highlighting patterns, growth trends, best
practices and key learnings
♣ Ensured sales team’s readiness through effective sales training and continually worked to
optimize processes 

<label type="Designation">Business Analyst</label> - <label type="Designation">Channel Support Specialist</label> 
♣ Extended complete sales support to Oracle North America Alliances &amp; Channel Sales team
♣ Assisted Field Channel Managers in indirect deal closures with complete operations support
from order to cash
♣ Primary point of contact to the four exclusive distributors of Oracle and other tier two partners
in the North America region
♣ Managed the non-standard approval requests through Oracle’s unified approval chain
♣ Supported Group Sales Director in identifying new growth areas &amp; practices in line with sales
strategies

Highlights at Oracle:
• Was awarded the ‘Most Valuable Player’, an accolade given to the top performer of the team 
• Winner of an internal contest for achieving the highest SLA on a consecutive basis
• Instrumental in training the new hires and on-boarding them within a short span of time
• Recognised by senior management for being a key contributor to the sales team

<label type="Designation">Analyst</label> - <label type="Companies worked at">Operations



TESCO</label> -  <label type="Location">Bengaluru, Karnataka</label> -

<label type="Years of Experience">June 2006 to November 2006</label>

♣ Worked as an analyst with the Accounts Payable team
♣ Responsible for processing vendor invoices

EDUCATION

<label type="Degree">Post Graduate Diploma in Business Administration in Marketing and
Human Resource</label>

<label type="College Name">Mount Carmel Institute of Management</label> -  <label type="Location">Bengaluru, Karnataka</label>

<label type="Graduation Year">June 2007 to May 2009</label>

SKILLS

<label type="Job Specific Skills">Project Management</label>, <label type="Job Specific Skills">Product Marketing</label>, <label type="Job Specific Skills">Campaigns Management</label>, <label type="Job Specific Skills">Digital Marketing</label>, <label type="Job Specific Skills">Social
Media Marketing</label>,<label type="Job Specific Skills"> Marketing Operations</label>, <label type="Job Specific Skills">Content Marketing</label>, <label type="Job Specific Skills">Channels Operations</label>, <label type="Tech Tools">Marketo</label>
Admin User, <label type="Tech Tools">Microsoft Office</label>, <label type="Job Specific Skills">Cross Functional Marketing</label>, <label type="Tech Tools">Salesforce</label>, <label type="Job Specific Skills">Marketing Programs</label>,
<label type="Job Specific Skills">Global Marketing</label>, <label type="Tech Tools">Marketo</label>, Training

LINKS

https://www.linkedin.com/in/anastasia-lindgren

ADDITIONAL INFORMATION

Currently on a break to be with toddler child. Looking to get back to work now.

https://www.linkedin.com/in/anastasia-lindgren
</cv>
