<?xml version="1.0" encoding="UTF-8"?>
<cv>
"<label type="Name">Boyd Buckridge</label>  Resume  Education  <label type="Graduation Year">Fall 2000Fall  2005</label>    <label type="Degree">Bachelor of Science</label>, <label type="College Name">Rochester Institute of Technology</label>, <label type="Location">Rochester, NY</label>.  Received a <label type="Degree">Bachelors of Science in Computer Science</label> from the <label type="College Name">Rochester Institute of  Technology</label>. Concentrated in <label type="Job Specific Skills">computer security</label>, <label type="Job Specific Skills">computer language construction</label>, <label type="Soft Skills">Japanese</label>  and <label type="Soft Skills">psychology</label>.    Experience  <label type="Years of Experience">April 2013</label> <label type="Designation">Senior Software Engineer</label>, <label type="Companies worked at">LevelUp</label>.  present Developed <label type="Job Specific Skills">Android application software</label>, focusing on <label type="Tech Tools">SDK</label> <label type="Job Specific Skills">design</label> and <label type="Job Specific Skills">development</label>.  <label type="Years of Experience">20072013</label>    <label type="Designation">Systems Designer</label> &amp; <label type="Designation">Lead Mobile Developer</label>, <label type="Companies worked at">MIT Mobile Experience Lab</label>.  Lead the development of and participated in the design of numerous projects. Functioned  as <label type="Designation">lead developer</label> for most of their implementations. Duties in projects mostly centered  around <label type="Job Specific Skills">Android app development</label>, but also included <label type="Job Specific Skills">concept development</label>, <label type="Job Specific Skills">on-site technical assistance</label>, <label type="Job Specific Skills">UI design</label>, technology research and consulting, photography, embedded  programming, and hardware prototyping. See mobile.mit.edu/research for a complete list  of projects.  Designed and developed an <label type="Job Specific Skills">Android-based mobile application framework</label> for creating  location-based media apps (Locast); implemented a number of apps using this framework.  Designed and developed Android-based libraries to modularize some parts the above  framework. See github.com/mitmel for some of the aforementioned projects.  Directed consolidation of labs electronic identity; designed, built, and maintained infrastructure for the labs internal computing and public web resources; misc. <label type="Job Specific Skills">web development</label>.    <label type="Years of Experience">20072008</label>    <label type="Designation">Systems Programmer</label>, <label type="Companies worked at">MIT Media Lab</label>.  <label type="Designation">Technical lead</label> for main website redesign. This was implemented using a popular free  software <label type="Tech Tools">CMS</label>, which was extended by way of custom pluggable modules to support  synchronization with internal databases. Designed and built tool for creating contentmanaged, stylized masthead graphics.  Designed and developed a web-based management tool for student SVN repositories.  Designed and built a web-based access control system which allowed students to manage  SVN collaboration amongst themselves as well as with their external sponsors. Co-designed  and developed a web-based discussion forum intended to meet the needs of the Media  Lab community.  Packaged home-grown authentication system and other tools as <label type="Tech Tools">Debian</label> packages in  order to facilitate distribution amongst internal servers; built Xen-based VM hosting  service; misc. systems administration duties, mostly focused around administering <label type="Tech Tools">Debian</label>  machines.    B <label type="Email Address">Frederic64@yahoo.com</label> \xe2\x80\xa2 staticfree.info    1/2    Computer skills  Technology (years of experience)  Languages  Platforms  <label type="Job Specific Skills">Systems  Administration</label>  Web    <label type="Tech Tools">Java</label> (13), <label type="Tech Tools">Python</label> (10), <label type="Tech Tools">C</label> for AVR microcontrollers (4), <label type="Tech Tools">JavaScript</label>/<label type="Tech Tools">ECMAScript</label> (8),  <label type="Tech Tools">C++</label> (2), <label type="Tech Tools">Perl</label> (8)  <label type="Tech Tools">Android</label> (5), <label type="Tech Tools">Django</label> (4), <label type="Tech Tools">Arduino</label> (2)  <label type="Tech Tools">Debian GNU/Linux</label> (13), <label type="Tech Tools">Redhat GNU/Linux</label> (2)  <label type="Tech Tools">XHTML</label> (13), <label type="Tech Tools">CSS</label> (13), <label type="Tech Tools">RESTful</label> architecture (6), <label type="Tech Tools">XSLT</label> (3)    Published software  Repositories    staticfree.info on Google Play, staticfree.info/projects/, github.com/xxv    Android Units    Designed and developed an Android version of the classic GNU Units application.  The app has had over 85k user installs on Google Play.    Android  robotfindskitten    Developed a version of robotfindskitten for Android. The app has around 18k user  installs.    Shared Expenses  2    Open source group web-based expense management system written in Python.    Interests  Technical    Non-technical    open source/free software (primarily self-published software mentioned above and  have contributed patches to various projects). Internet standards, implementing and  designing communication protocols, <label type="Tech Tools">XMPP/Jabber</label>, <label type="Tech Tools">SIP</label>, computer languages, The  Semantic Web, cryptography, microcontrollers, robotics, wearable computing  photography, woodworking, cycling, hiking, mathematical art, linguistics    B <label type="Email Address">Frederic64@yahoo.com</label> \xe2\x80\xa2 staticfree.info    2/2"
</cv>
