<?xml version="1.0" encoding="UTF-8"?>
<cv>
"<label type="Name">Kunze</label> XXXXX  <label type="Email Address">QRolfson@bm.biz</label>  Cell: +91-9XXXXXXX    Professional Summary:    -Having <label type="Years of Experience">3+years of experience</label> in <label type="Job Specific Skills">developing Web and Enterprise Applications</label> using  technologies <label type="Tech Tools">Java</label>/<label type="Tech Tools">J2EE</label>, <label type="Tech Tools">spring</label>, <label type="Tech Tools">Struts</label> and <label type="Tech Tools">Hibernate</label>.  -Hands on experience on <label type="Tech Tools">Core Java</label>, <label type="Tech Tools">JDBC</label>, <label type="Tech Tools">Servlets</label>, <label type="Tech Tools">JSP</label>, <label type="Tech Tools">JavaScript</label>, <label type="Tech Tools">JQuery</label>, <label type="Tech Tools">Ajax</label>  and <label type="Tech Tools">Hibernate</label>.  -Hands on experience in Struts and Spring Frame works.  -Hands on experience in using <label type="Tech Tools">Tomcat</label>, <label type="Tech Tools">Jboss</label> servers.  -Hands on experience in using <label type="Tech Tools">Eclipse</label>, <label type="Tech Tools">Jboss Developer Studio</label> and <label type="Tech Tools">Toad</label>.  -Experience in version control using <label type="Tech Tools">SVN</label>, <label type="Tech Tools">MKS</label>.  -Experience in <label type="Tech Tools">Oracle database</label>.  -Knowledge on Liferay Portal.  -Knowledge on <label type="Job Specific Skills">Web Servicess</label>  -Good <label type="Soft Skills">Team player</label> and also have ability to work independently.  -<label type="Soft Skills">Adaptive to learn</label> new technologies.  -Easily mingle with any environment and hardworking nature.    Professional Experience:    -Working as <label type="Designation">Sr. Java programmer</label> for <label type="Companies worked at">XXXXXX Solutions LTD.</label>, XXXXXXX, <label type="Years of Experience">from April  2010 to till date</label>.  -Worked as <label type="Designation">Java programmer</label> for <label type="Companies worked at">XXXXXX Pvt Ltd.</label>, XXXXXX from <label type="Years of Experience">May 2009 to April  2010</label>.    Technical Profile :    -<label type="Tech Tools">Java</label> Technologies : <label type="Tech Tools">Servlets</label>, <label type="Tech Tools">JSP</label>  -Frame Works : <label type="Tech Tools">Struts</label>, <label type="Tech Tools">Spring</label>, <label type="Tech Tools">Liferay Portal</label>  -ORM Tool : <label type="Tech Tools">Hibernate</label>    -Languages : <label type="Tech Tools">JAVA</label>  -Web Technologies : <label type="Tech Tools">Java Script</label>, <label type="Tech Tools">jQuery</label>, <label type="Tech Tools">Ajax</label>  -Web Server : <label type="Tech Tools">Tomcat</label>, <label type="Tech Tools">Jboss</label>  -Operating Systems : <label type="Tech Tools">Windows</label> Family  -Databases : <label type="Tech Tools">Oracle</label>  -IDE : <label type="Tech Tools">Eclipse</label>, <label type="Tech Tools">Jboss Developer Studio</label>.  -Tools : <label type="Tech Tools">ANT</label>, <label type="Tech Tools">Toad</label>, <label type="Tech Tools">Find Bug</label>, <label type="Tech Tools">PMD</label>, <label type="Tech Tools">Sonar</label>    Projects Summary :    J<label type="Years of Experience">an-2012 to till date</label>  -Project: XXXXXX  -Client XXXXXXXX  -Environment:<label type="Tech Tools">Java 1.6</label>, <label type="Tech Tools">JSP</label>, <label type="Tech Tools">Spring</label>, <label type="Tech Tools">HIbernate</label>, <label type="Tech Tools">jQuery</label>, <label type="Tech Tools">JBoss Server</label>, Web  Servicess,<label type="Tech Tools">Toad</label> and <label type="Tech Tools">MKS</label>  -Role:<label type="Designation">Team member</label>    Description :    -It enables customers and bank staff to initiate, receive and respond to messages in a  secure manner over the web and includes attachments such as Cash Management or  Loan documents, Financial statements, Word, Excel, Txt/HTML standard messages.  There are 3 kinds of users for SEM  -External Users (Customers)  -Internal Users (Bankers, Customer Service Representative)  -Admin User (SEM Administrator)  -The way to access secure messaging is different depending upon the user"
</cv>
