<?xml version="1.0" encoding="UTF-8"?>
<cv>
"Create a Resume in minutes with this template!    Build My Resume    <label type="Name">Fermin Leannon</label>  1 Main Street, <label type="Location">New Cityland, CA</label> 91010  Home: (123)345-7890 | Cell: 123-345-7890  <label type="Email Address">Annalisa41@bwas.name</label>    Profile  Dedicated <label type="Designation">IT Assistant</label> skilled at <label type="Job Specific Skills">managing documentation</label> <label type="Job Specific Skills">meeting support</label> and <label type="Job Specific Skills">client coordination</label> to ensure optimal  department operations and team efficiency. Well-versed in IT client and staff needs with excellent <label type="Soft Skills">time management</label>  <label type="Soft Skills">communication</label> and <label type="Soft Skills">interpersonal</label> abilities.    Core Qualifications  <label type="Soft Skills">Clerical</label> skills  Database oversight  Type 80 WPM  <label type="Job Specific Skills">Documentation  Analysis</label> and <label type="Job Specific Skills">reporting</label>    <label type="Job Specific Skills">Administrative support</label>  Business correspondence  Writing and <label type="Soft Skills">proofreading</label>  <label type="Job Specific Skills">Meeting coordination</label>  <label type="Job Specific Skills">Web content management</label>    Professional Experience  <label type="Designation">IT Assistant</label>  <label type="Companies worked at">Tantamount Designs</label>    <label type="Years of Experience">2/1/2012 - Current</label>  <label type="Location">New Cityland, CA</label>    Draft new business correspondence reports and presentations.  Facilitate interdepartmental <label type="Soft Skills">communication</label> for projects.  Proof and format documents for new publications and client access.  Book meetings and staff travel arrangements.  Stock supply areas and order new inventory.    <label type="Designation">IT Assistant</label>  <label type="Companies worked at">Red Bug Computers</label>    <label type="Years of Experience">8/1/2008 - 1/1/2012</label>  <label type="Location">New Cityland, CA</label>    Updated company website with latest information.  Managed reception area and building security access.  Received and routed incoming mail and packages.  Prepared outgoing documents for shipment.  Communicated information to visitors regarding meeting locations and personnel.<label type="Designation">    IT Assistant</label>  <label type="Companies worked at">The Napoli Group</label>    <label type="Years of Experience">5/1/2003 - 7/1/2008</label>  <label type="Location">New Cityland, CA</label>    Maintained complete documentation for client and project information.  Scheduled management travel and organized supporting documents.  Organized and supported meetings with presentations and files.  Responded to in-person and telephone requests for information.  Conducted visitors to correct building locations.    Education  <label type="Degree">Bachelor of Arts - English</label>  <label type="College Name">Great Western University</label>    <label type="Graduation Year">2004</label>    <label type="Location">New Cityland, CA</label>    Want more? Check out our other examples.    See More Examples"
</cv>
