<?xml version="1.0" encoding="UTF-8"?>
<cv>
"<label type="Name">Jefferson Hoeger</label>  42, rue Manin  75019 <label type="Location">Paris</label>  \xef\x80\xa8 06.61.33.91.80  <label type="Email Address">Willene14@hotmail.com</label>    Age : 23  Single  Nationality : French  Driver license    <label type="Designation">IT Network Engineer</label>  <label type="Years of Experience">6 years of IT experience</label> (part-time jobs)  Available from September 2016    Education  <label type="Graduation Year">2014 - 2016</label>    <label type="Degree">Cycle ing\xc3\xa9nieur  Expert en Ing\xc3\xa9nierie Syst\xc3\xa8mes</label> et <label type="College Name">R\xc3\xa9seaux  INTECH </label>(Groupe ESIEA)  Ivry-sur-Seine  Titre RNCP niveau I  Equivalent to a <label type="Degree">Masters Degree in IT, Systems and Networks</label>    <label type="Graduation Year">July 2014</label>    <label type="Degree">Dipl\xc3\xb4me dEtudes Europ\xc3\xa9ennes Sup\xc3\xa9rieures en Informatique</label>, <label type="College Name">R\xc3\xa9seaux et S\xc3\xa9curit\xc3\xa9  Ecole IRIS</label>  <label type="Location">Paris</label> 17\xc3\xa8me  Bac + 3  Equivalent to a <label type="Degree">Bachelors Degree in IT, Networks and Security</label>    <label type="Graduation Year">July 2013</label>    BTS Services Informatiques aux Organisations  Option Solutions dInfrastructure, Syst\xc3\xa8mes et R\xc3\xa9seaux  Equivalent to a Two-year <label type="Degree">Technical Degree in IT, Systems and Networks</label>    J<label type="Graduation Year">une 2011</label>    Baccalaur\xc3\xa9at <label type="Degree">Professionnel Syst\xc3\xa8mes Electroniques et Num\xc3\xa9riques</label>  Option T\xc3\xa9l\xc3\xa9coms et R\xc3\xa9seaux  Equivalent to an <label type="Degree">A-Level specialized in Telecoms and Networks</label>    Work experience  <label type="Years of Experience">Sept. 2014 - Present</label>  Tasks :    Projects :    Mars 2012  Ao\xc3\xbbt 2013  Tasks :    References available upon request    <label type="Companies worked at">NATIXIS</label>  Charenton-le-pont  <label type="Designation">IT Networks Engineer  Apprenticeship</label>  \xef\x82\xa7 Deal with the implementation, management and <label type="Job Specific Skills">network optimization</label>  \xef\x82\xa7 Contribute to the entire <label type="Job Specific Skills">network administration and support</label>  \xef\x82\xa7 Provide users technical assistance  \xef\x82\xa7 Involved in the definition of network infrastructure evolution strategy  \xef\x82\xa7 Take part in decisions concerning solutions and equipment  \xef\x82\xa7 Make sure that infrastructures are working properly (administration,  processes definition)  \xef\x82\xa7 Manage projects about <label type="Job Specific Skills">network infrastructure</label> evolution (audit, conception,  deployment ...) in coordination with my colleagues  \xef\x82\xa7 Create documentation to describe processes  \xef\x82\xa7 Involved in discussions and meetings with the different teams  Wifi program, UserCenter refondation program in DataCenter, DMZ migration,  system integration bench, \xc2\xab DMZ ch\xc3\xa8que \xc2\xbb migration on Natixis extranet,  automation solution ...  <label type="Companies worked at">BP</label>\xc2\xb2I (<label type="Companies worked at">BNP Paribas Partners for Innovation</label>)  <label type="Location">Paris</label>  <label type="Designation">IT Systems and Networks Technician  Apprenticeship</label>  \xef\x82\xa7 <label type="Job Specific Skills">IT Support</label> for BNP Paribas Usercenter (70 sites)  \xef\x82\xa7 Technician onsite  <label type="Job Specific Skills">network infrastructure &amp; wiring</label>    \xef\x82\xa7    TOIP project  Migration Nortel / Cisco to Alcatel  Preparation and integration of OmniSwitch 9702E chassis and user switches  Preparation and migration of fiber communication lines  \xef\x82\xa7 Sites interdependence project  - Changed the network architecture to separate the buildings  \xef\x82\xa7 DC &amp; TOIP site creation  - Constructions &amp; clients support  \xef\x82\xa7 Installation of ADSL and video conferencing systems  -    <label type="Years of Experience">Sept. 2011  Feb. 2012</label>    <label type="Companies worked at">BNP Paribas ITP (Information Technology &amp; Processes)</label>  <label type="Location">Montreuil</label>  <label type="Designation">IT Development Analyst  Apprenticeship</label>  \xef\x82\xa7 Realized dashboards (real time) for the different departments of the Bank  with Business Bridge solution from Systar    <label type="Years of Experience">Nov. 2010  Jan. 2011</label>    <label type="Companies worked at">BNP Paribas ITP (Information Technology &amp; Processes)</label>  <label type="Location">Montreuil</label>  <label type="Designation">Internship in IT Systems Administration</label>  \xef\x82\xa7 Involved in the different projects concerning Implementation <label type="Job Specific Skills">Application  Management</label>  \xef\x82\xa7 Backup and restore    <label type="Years of Experience">February  April 2010</label>    <label type="Companies worked at">BNP Paribas - BP</label>\xc2\xb2I  Rueil Malmaison  <label type="Designation">Internship in IT Systems and Networks Administration</label>  \xef\x82\xa7 Set-up switches and routers  \xef\x82\xa7 Wiring of telephone lines and networks    Technical skills  <label type="Job Specific Skills">Switching</label>  <label type="Job Specific Skills">Routing</label>  Equipment  <label type="Job Specific Skills">Firewall</label> / Cisco Secure  Wifi  MISC    802.1Q, STP (RPVST / MST), LACP, VPC / VDC, VTP  EIGRP, OSPF, BGP, <label type="Job Specific Skills">Router Redundancy</label> (HSRP/VRRP), ECMP  Cisco: Nexus 7K / 5K / 2K, Catalyst 6K / 4K / 3K  PFsense, ACS, ACL  Cisco : WLC 5508, Prime Infrastructure v2.2, AIR-CAP3702I, AIR-CAP3502I  Centreon, Infoblox, Visio, Cisco Packet Tracer, GNS3, NTP    Certifications, Languages, Other skills  Certifications :    <label type="Degree">Cisco Certified Network Associate</label>  <label type="College Name">Networking Academy  INTECH (Groupe ESIEA)</label>  Ivry-sur-Seine  Module 1,2,3 &amp; 4    Languages :    <label type="Degree">English</label> : technical  <label type="Degree">Serbian</label> : fluent    Other skills :    <label type="Soft Skills">Interpersonal</label> skills, <label type="Soft Skills">team spirit</label>, <label type="Soft Skills">autonomous</label>    Visit my web site :  https://www.mathieu-markovic.fr/    Mathieu Markovic \xef\x80\xa806.61.33.91.80 <label type="Email Address">Willene14@hotmail.com</label>"
</cv>
