<?xml version="1.0" encoding="UTF-8"?>
<cv>
"<label type="Name">Katerine Johnson</label>  personal information  Born in <label type="Location">Canada</label>, 20 November 1987  email    <label type="Email Address">Cuc44@wh.net</label>    website    http://www.johnsmith.com    phone    (H) +1 (123)345 7890 \xc2\xb7 (M) +1 (123)345 7890    goal  Gain fundamental experience in my area of interest and expertise.    work experience  <label type="Years of Experience">2012Present</label>  <label type="Companies worked at">Lehman Brothers</label>    Developed spreadsheets for <label type="Job Specific Skills">risk analysis</label> on exotic <label type="Job Specific Skills">derivatives</label> on a wide array  of <label type="Job Specific Skills">commodities</label> (ags, oils, precious and base metals), managed blotter and  secondary trades on structured notes, liaised with Middle Office, Sales and  Structuring for <label type="Job Specific Skills">bookkeeping</label>.  Reference: <label type="Name">Katerine Johnson</label> \xc2\xb7 +1 (123)345 7890 \xc2\xb7 <label type="Email Address">Cuc44@wh.net</label>    <label type="Years of Experience">20102011</label>  <label type="Companies worked at">Initech Inc</label>    <label type="Designation">Summer Intern</label>, <label type="Companies worked at">Initech Inc</label> \xe2\x80\x94 <label type="Location">Chicago</label>    Rated \xe2\x80\x9dtruly distinctive\xe2\x80\x9d for <label type="Soft Skills">Analytical Skills</label> and <label type="Soft Skills">Teamwork</label>.  Reference: <label type="Name">Katerine Johnson</label> +1 (123)345 7890 \xc2\xb7 <label type="Email Address">Cuc44@wh.net</label>    <label type="Years of Experience">Jan-Mar 2011</label>  Buy More    <label type="Designation">1st Year Analyst</label>, <label type="Companies worked at">Lehman Brothers</label>    <label type="Designation">Computer Technician</label>, Buy More \xe2\x80\x94 Burbank    Worked in the Nerd Herd and helped to solve computer problems by asking  customers to turn their computers off and on again.  Reference: Big Mike +1 (123)345 7890 \xc2\xb7 <label type="Email Address">Cuc44@wh.net</label>    education  <label type="Graduation Year">2011-2012</label>  <label type="Degree">Masters of  Commerce</label>    GPA: 8.0 \xc2\xb7 First Class Honours \xc2\xb7 School: Business and Administration  Thesis: Money Is The Root Of All Evil  Or Is It?  Description: This thesis explored the idea that money has been the cause of  untold anguish and suffering in the world. I found that it has, in fact, not.  Advisors: Prof. James Smith &amp; Assoc. Prof. Jane Smith    <label type="Graduation Year">2007-2010</label>  <label type="Degree">Bachelor of  Business Studies</label>    <label type="College Name">The University of California, Berkeley</label>    <label type="College Name">The University of California</label>, <label type="Location">Berkeley</label>    GPA: 7.5 \xc2\xb7 <label type="Degree">Commerce Specialization</label> \xc2\xb7 School: Business and Administration  Description: This degree focussed heavily on important things such as  personnel management and mundane paperwork.    publications  January 2013  Full Journal Name    Publication Title    Lorem ipsum dolor sit amet, consectetur adipiscing elit. Ut nisl tellus, sodales  non pulvinar in, adipiscing sit amet purus. Suspendisse sed facilisis diam. Sed  ornare sem nec justo adipiscing nec venenatis lectus commodo. Mauris non  neque ligula. Pellentesque sed quam eu felis iaculis iaculis ac a leo.  Suspendisse neque neque, placerat id adipiscing et, elementum eu sem.    Authors: John Smith, James Smith    Sept. 2012  Full Journal Name    Publication Title    Lorem ipsum dolor sit amet, consectetur adipiscing elit. Ut nisl tellus, sodales  non pulvinar in, adipiscing sit amet purus. Suspendisse sed facilisis diam. Sed  ornare sem nec justo adipiscing nec venenatis lectus commodo. Mauris non  neque ligula. Pellentesque sed quam eu felis iaculis iaculis ac a leo.  Suspendisse neque neque, placerat id adipiscing et, elementum eu sem.  Authors: John Smith, James Smith    computer skills  Basic  Intermediate  Advanced    <label type="Tech Tools">java</label>, <label type="Tech Tools">Adobe Illustrator</label>  <label type="Tech Tools">python</label>, <label type="Tech Tools">html</label>, <label type="Tech Tools">LATEX</label>, <label type="Tech Tools">OpenOffice</label>, <label type="Tech Tools">Linux</label>, <label type="Tech Tools">Microsoft Windows</label>  Computer Hardware and Support    other information  Awards    2011 \xc2\xb7 School of Business Postgraduate Scholarship  2010 \xc2\xb7 Top Achiever Award  Commerce    <label type="Soft Skills">Communication</label>  Skills    Languages    2010 \xc2\xb7 <label type="Soft Skills">Oral Presentation</label> at the California Business Conference  2009 \xc2\xb7 Poster at the Annual Business Conference in <label type="Location">Oregon</label>    English \xc2\xb7 Mothertongue  <label type="Soft Skills">Spanish</label> \xc2\xb7 Intermediate (conversationally fluent)  <label type="Soft Skills">Dutch</label>    Interests    \xc2\xb7 Basic (simple words and phrases only)    Piano \xc2\xb7 Cooking \xc2\xb7 Running \xc2\xb7 Chess \xc2\xb7 Dancing    February 22, 2013    2"
</cv>
