<?xml version="1.0" encoding="UTF-8"?>
<cv>
"Sample Entry level <label type="Designation">Information Technology</label> R\xc3\xa9sum\xc3\xa9  Address    NAME  Phone Number    Email address    Summary of Qualifications            Outstanding academic record. Achieved Dean's list for 15/16 semesters and GPA of 3.75.  <label type="Years of Experience">Four years of experience</label> as <label type="Designation">help desk technician</label> and <label type="Designation">web developer</label>.  Proficiency in various programs, operating systems and applications.  Expert at finding and resolving malfunctions, using exceptional <label type="Soft Skills">technical</label> and <label type="Soft Skills">communication</label> skills to ensure  minimization of downtime and optimal computer performance.    Education  <label type="College Name">Purdue University College of Technology</label>, <label type="Location">Kokomo</label>, In  <label type="Degree">Bachelor of Science in Computer and Information Technology</label>  Expected Graduation date: <label type="Graduation Year">May 2010</label>  G.P.A. 3.0/4.0 (only if it is above a 3.0)  Technical Qualifications   Programming languages: <label type="Designation">C#</label>, <label type="Designation">Visual C++</label>, <label type="Designation">C++</label>, <label type="Designation">CSS</label>, <label type="Designation">ASP</label>, <label type="Designation">JavaScript</label>, <label type="Designation">Java</label> <label type="Designation">Servlet</label>, <label type="Designation">HTML</label>, <label type="Designation">Java Server</label> pages, <label type="Designation">JBuilder</label>,  <label type="Designation">XML</label>, <label type="Designation">PHP</label>, <label type="Designation">Apache</label>.   Software Applications: <label type="Tech Tools">Microsoft Suite</label> (<label type="Tech Tools">Excel</label>, <label type="Tech Tools">Word</label>, <label type="Tech Tools">Access</label>, <label type="Tech Tools">Power Point</label>), <label type="Tech Tools">Macromedia Homesuite</label>, <label type="Tech Tools">Adobe Photoshop</label>,  <label type="Tech Tools">FrontPage</label>/<label type="Tech Tools">Dreamweaver</label>, <label type="Tech Tools">macromedia Flash</label>, <label type="Tech Tools">DrScheme</label>.   Database Management: Database <label type="Tech Tools">SQL</label> command, <label type="Tech Tools">MySQL</label>.   Operating Systems: <label type="Tech Tools">Mac OSX</label>, <label type="Tech Tools">Windows XP</label> professional, <label type="Tech Tools">UNIX</label>.  Professional Experience  <label type="Companies worked at">Promega Corporation</label>, <label type="Location">Indianapolis, IN</label>  <label type="Designation">Web Developer</label> (<label type="Years of Experience">2008 - Present</label>)   Helped in the re-launching and redesigning of company's web site that resulted in increased online sales by 15% and  improved navigation.   Responsible for implementation of programs and build databases that let the users to register unique names and  passwords.   Help in implementation, creation and management of multiple applications for back end and web site. Back end  include <label type="Tech Tools">Flash</label> slide shows, newsletter, and RSS.   Web site updating and editing using several languages such as <label type="Tech Tools">XML</label>, <label type="Tech Tools">HTML</label>, and <label type="Tech Tools">CSS</label>.  <label type="Companies worked at">SGate Entertainment</label>, <label type="Location">Indianapolis, IN</label>  <label type="Designation">Web Developer</label>/<label type="Designation">Help Desk Technician</label> (<label type="Years of Experience">5/2005-9/2008</label>)   Utilized <label type="Tech Tools">JavaScript</label>, <label type="Tech Tools">HTML</label>, <label type="Tech Tools">Flash</label> and <label type="Tech Tools">CSS</label> to create company's web site.   Primarily recruited to help, help desk. Assured software and hardware were installed and operated at peak efficiency.   Accountable for long-term and day-to-day maintenance and technical support of site including suggestion solutions  and analyzing requirements to meet user needs.   Offered support for 10 users. Helped with migration from PC to Mac environment.  Volunteer/activities   Tutor computer students   Assist area school corporation with computer updates  References upon request (optional)"
</cv>
