<?xml version="1.0" encoding="UTF-8"?>
<cv>
"<label type="Name">Dewitt Windler</label>  123 Apple Lane  <label type="Location">Philadelphia, PA</label> 19103  123-345-7890  <label type="Email Address">Jeanne.Bauch@gmail.com</label>    EDUCATION  <label type="College Name">THE WHARTON SCHOOL</label>, <label type="College Name">UNIVERSITY OF PENNSYLVANIA</label>  <label type="Location">Philadelphia, PA</label>  <label type="Degree">Master of Business Administration</label> Candidate; Major in <label type="Degree">Marketing and Entrepreneurship</label>  <label type="Graduation Year">2009-2011</label>   Wharton Ventures (Early stage VC fund), Principal: One of eight students selected from 150+ applicants to join WV, which  sources deals, performs due diligence, and analyzes tech and healthcare investments for deals of $100k - $3 million.   <label type="Designation">Chair</label>, <label type="Companies worked at">Wharton Yearbook</label> (<label type="Years of Experience">2009  2011</label>): Helped re-launch Whartons yearbook in 2010 and publish it in just 4 months.   Wharton Venture Capital Competition (Finalist). Elected social chair of cohort of 70 students.  <label type="College Name">UNIVERSITY OF PENNSYLVANIA</label>  <label type="Location">Philadelphia, PA</label>  <label type="Degree">Master of Science and Engineering, Computer and Information Science</label>  <label type="Graduation Year">2003-2005</label>  <label type="Degree">Bachelor of Science and Engineering</label>, Major in <label type="Degree">Computer Science Engineering</label>, Minor in <label type="Job Specific Skills">Mathematics</label>  <label type="Graduation Year">2000-2005</label>   Created and independently taught Computer Science course, the first undergraduate to have earned permission to do so.    EXPERIENCE  <label type="Companies worked at">CAREERCUP.COM</label>  <label type="Location">Seattle, WA</label>  <label type="Designation">Founder</label> and <label type="Designation">CEO</label>  <label type="Years of Experience">2005-Present</label>   Founded CareerCup to help candidates prepare for technical interviews through an online forum, book, video and coaching.   Built company to $Xk in revenue and $Yk in annual profit.   Negotiated partnerships with websites such as Glassdoor.com, SoftwareInterview.com, and Technical-Interview.com.  <label type="Companies worked at">SEATTLE ANTI-FREEZE</label>  <label type="Location">Seattle, WA</label>  <label type="Designation">Founder</label> and <label type="Designation">Co-CEO</label>  <label type="Years of Experience">2007-Present</label>   Founded SAF to organize social events for 4000 young professionals, and grew it to $Xk/year revenue and $Yk/year profit.   Landed article on front page of Seattle P.I.s Lifestyle section (http://xrl.us/safpi) within 3 months of company launch.  <label type="Companies worked at">KEENSCREEN</label>  <label type="Location">Seattle, WA</label>  <label type="Designation">Vice President of Engineering</label>  <label type="Years of Experience">2008-2009</label>  rd   Led re-architecture of online advertising product, enabling company to ship product in 1/3 of previously estimated time.   Prepared, with CEO, projected cash-flow statements for three years and cut expected costs by 30%.   Hired and managed remote testing team, design team, and assistant.  <label type="Companies worked at">GOOGLE</label>  <label type="Location">Kirkland, WA</label>  <label type="Designation">Software Engineer</label>  <label type="Years of Experience">2005-2008</label>   Led successful integration of Google Talk music features with partner team and helped redesign product for better usability.   Designed and built Google Docs feature requiring collaboration with three internal teams and four outside companies.   Directed recruiting efforts for <label type="College Name">University of Pennsylvania</label>, recruiting 20 candidates and earning award for being in top 5%.  <label type="Companies worked at">APPLE COMPUTER</label>  <label type="Designation">Software Engineer</label>, <label type="Designation">Intern</label>   Designed new approach for searching iChat files, enabling rapid searching and backwards compatibility.  <label type="Companies worked at">MICROSOFT CORPORATION</label>  <label type="Designation">Software Design Engineer</label>, <label type="Designation">Intern</label>   Implemented features for developer products with millions of users in 50% of estimated time.    <label type="Location">Cupertino, CA</label>  Summer 2004    <label type="Location">Redmond, WA</label>  Summers 2001 - 2003    ADDITIONAL INFORMATION          Author, The Google Resume: How to Prepare for a Career and Land a Job at Apple, Microsoft, Google or any Top  Tech Company (2011): To be published by John Wiley &amp; Sons, Inc. in March 2011.  Author, Cracking the Coding Interview (2008): Wrote book about how to prepare for and master programming interviews.  Available on Amazon.com and BarnesAndNoble.com. ISBN 123-3451789070.  <label type="Designation">Instructor</label>, <label type="College Name">University of Washington</label> (<label type="Years of Experience">2006, 2008</label>): Taught two Computer Science courses, earning rating of 4.8 / 5.0."
</cv>
