<?xml version="1.0" encoding="UTF-8"?>
<cv>
"<label type="Designation">SOFTWARE ENGINEER</label> Resume Sample www.timesresumes.com  Name &amp; Personal Details of clients are not included for Anonymity  Add: XXXXXXXXXXXXXXXXXXX  Mobile: XXXXXXXX Email: XXXXXXXX    <label type="Designation">SOFTWARE ENGINEER</label>  <label type="Designation">Software Engineer</label> with a broad knowledge of <label type="Job Specific Skills">engineering</label> and <label type="Job Specific Skills">software</label> technology and its  application. Assist in the <label type="Job Specific Skills">design, development, and sustenance of product systems</label> or subsystems.  Strictly adhere to time schedules and successfully accomplish engineering and organizational mission  by completing related results as needed. Employed at present with the Indias leading IT consulting  firm, <label type="Companies worked at">XXXX Technologies Pvt. Ltd.</label>, as a <label type="Designation">Software Engineer</label>. Seeking a challenging role as a  <label type="Designation">Software Developer</label> in a progressive organization.  CAPABILITIES &amp; SKILLS  \x01 <label type="Soft Skills">Analyzing Information</label>, <label type="Job Specific Skills">General Programming</label> Skills, <label type="Job Specific Skills">Software Design</label>, <label type="Job Specific Skills">Software Debugging</label>,  <label type="Job Specific Skills">Software Documentation</label>, <label type="Job Specific Skills">Software Testing</label>, <label type="Soft Skills">Problem Solving</label>, <label type="Soft Skills">Teamwork</label>, <label type="Job Specific Skills">Software Development</label>  Fundamentals, <label type="Job Specific Skills">Software Development Process</label>, <label type="Job Specific Skills">Software Requirements</label>, <label type="Job Specific Skills">Project management</label>.  \x01 Develop software solutions by studying information needs; conferring with users; studying  systems flow, data usage, and work processes; investigating problem areas; following the  software development lifecycle.  \x01 Determine customer requirements, implement and follow up as needed.  \x01 Ability to troubleshoot issues to resolution. Strong problem solving and root cause analysis skills.  \x01 Strong <label type="Soft Skills">oral &amp; written communication</label> skills including facilitating, listening, and presentation.  \x01 <label type="Soft Skills">Multi-Tasking</label>/<label type="Job Specific Skills">Multi-Threading Development</label> and ability to work in a <label type="Soft Skills">team environment</label>.  \x01 Achieved 100% on time within budget delivery of projects.  Technical Skills - <label type="Tech Tools">JAVA</label>, <label type="Tech Tools">JUnit</label>, <label type="Tech Tools">SQL</label>, <label type="Tech Tools">PL/SQL</label>, <label type="Tech Tools">Ext JS</label>, <label type="Tech Tools">Javascript</label>, <label type="Tech Tools">HTML</label>, <label type="Tech Tools">CSS</label>, <label type="Tech Tools">MATLAB</label>,  <label type="Job Specific Skills">Microcontroller Programming</label>, <label type="Job Specific Skills">Circuit Designing</label>.  Tools - <label type="Tech Tools">Eclipse</label>, <label type="Tech Tools">Spring</label> <label type="Tech Tools">Source Tool Suite</label>, <label type="Tech Tools">SQL</label> Developer.  Computer Skills - <label type="Tech Tools">MS Office</label>, Operating Systems (<label type="Tech Tools">Mac</label> <label type="Tech Tools">iOS</label>, <label type="Tech Tools">Windows 98/2000/XP/Vista/7</label>).  Languages - <label type="Tech Tools">English</label>, <label type="Tech Tools">Kannada</label>, <label type="Tech Tools">Telugu</label>, <label type="Tech Tools">Hindi</label>, <label type="Tech Tools">German</label>.  EDUCATION  <label type="Degree">Master of Electrical and Information Engineering  Micro and Opto Electronics</label>. <label type="College Name">XXXX University</label>, <label type="Location">Germany</label>.  <label type="Degree">Bachelor of Engineering  Electronics and Communication</label>. <label type="College Name">XXX College of Engineering</label>.    <label type="Graduation Year">2009  2007</label>    TRAININGS  Foundation Course in \xe2\x80\x9cVedic Mathematics\xe2\x80\x9d - XXXX Academy  <label type="Location">Bangalore, India</label>.  Intensive Course in \xe2\x80\x9cC\xe2\x80\x9d <label type="Job Specific Skills">Programming</label> - XXXX <label type="Location">Bangalore, India.</label>  PROFESSIONAL WORK EXPERIENCE  <label type="Companies worked at">XXXX Technologies Pvt. Ltd.</label>, <label type="Location">Bangalore</label>  <label type="Years of Experience">March 2009 to present</label>  <label type="Designation">Software Engineer</label>  \xe2\x80\xa2 Promoted from <label type="Designation">Software Engineer Trainee</label> to <label type="Designation">Software Developer</label> in March 2010  \xe2\x80\xa2 Determine operational feasibility by evaluating analysis, problem definition, requirements,  solution development, and proposed solutions.  \xe2\x80\xa2 Prepare and install solutions by determining and designing system specifications and standards.  \xe2\x80\xa2 Update job knowledge by studying state-of-the-art development tools, programming techniques,  and computing equipment; participating in educational opportunities; reading professional  XXXXXXXXXXX  1    \xe2\x80\xa2    publications; maintaining personal networks;  Provide information by collecting, analyzing, and summarizing development and service issues.  HIGHLIGHTS OF PROJECTS EXECUTED    PROJECT #1:  Client Accounts/Projects: Apple/Pathfinder  Object: Enhancement of the application for better usability and performance.  Key Role: <label type="Designation">Developer</label>.  Environment: <label type="Tech Tools">JBoss 7.1</label> applications sever, <label type="Tech Tools">Oracle 11g</label>.  Result: Enhancement in progress. Have been present for 3 releases which have been successful.  PROJECT #2:  Client Accounts/Projects: Apple/Counter Dashboard.  Object: Develop a dashboard which shows real time sales/pre orders data of Apple products which is  of great imp on the day its products are released. It should be able to track nearly 7000 products  (counters) and have good performance.  Key Role: <label type="Designation">UI designer</label>/<label type="Designation">Developer</label>.  Environment: Platform: <label type="Tech Tools">JBoss portal 7.0 </label>sever, <label type="Tech Tools">Oracle 11g</label>, <label type="Tech Tools">ExtJs 4.0</label>, <label type="Tech Tools">Spring</label>, <label type="Tech Tools">EDS</label> (Apple's  alternative for Hibernate).  Result: Successfully completed and delivered the application to the client on time.  PROJECT #3:  Client Accounts/Projects: 6 Drunk Men (<label type="Location">Singapore</label> based company)/6DM Sales Application  Object: Develop an sales application through which:  a. Admin/Sales Persons/Customers can place orders/Modify orders  b. Admin can approve orders/Modify already placed orders and add new employee/customer.  Key Role: <label type="Designation">UI designer</label>/<label type="Designation">Developer</label>  Environment: Platform: <label type="Tech Tools">JBoss 7.1</label> applications sever, <label type="Tech Tools">Oracle 11g</label>.  Result: Successfully completed and delivered the application to the client.  ACADAMIC PROJECTS EXECUTED  Bachelors Thesis  Design and Analysis of RFID Patch antenna - 2009  Synopsis  The main objective of the project was to learn different parameters affecting the  efficiency of a patch Antenna. Organization XXXXX India Pvt Ltd.  Internship  RFID Antenna Design for Container Management System - 2010  Synopsis  Part of the design team working on Container Management System. Responsible for the  design of the RFID Antenna and battery that had to work at negative temperatures. Organization  XXXX Universit\xc3\xa4t M\xc3\xbcnchen.  Masters Thesis  ESD Reduction in RFID Production Machines  TAL15K and study of combined  effects of humidity and temperature on ESD  2011  Synopsis  The thesis was aimed at the study of various methods of reduction of ESD in the TAL15K  machine that included the study of the substrate material, the Antenna design and the different  components in the machine which have direct effect on ESD. One of the objectives was to reduce the  ESD voltage below certain threshold. The other part of the thesis was the study of the effects of  humidity and temperature, when both the parameters are changing simultaneously.  Organization XXXXX AG (<label type="Location">Germany</label>)  References: Available upon request.    XXXXXXXXXXX    2"
</cv>
