<?xml version="1.0" encoding="UTF-8"?>
<cv>
"<label type="Name">Kendall Rod Considine</label>  614 Van Liew Court  <label type="Location">Hillsborough, N.J.</label> 08844  Phone: (123)345-7890  Email: <label type="Email Address">Hoeger.Dung@pg.net</label>  CAREER SUMMARY  <label type="Designation">Senior systems professional</label> with many years experience in the computer industry. Experienced in<label type="Tech Tools"> Drupal 6/7</label> <label type="Job Specific Skills">Custom Module  development</label>; <label type="Tech Tools">Drupal 6/7</label> installation, <label type="Job Specific Skills">security</label>; <label type="Job Specific Skills">web hosting/managing</label> (<label type="Tech Tools">cPanel</label>) and <label type="Job Specific Skills">system administration</label> (<label type="Tech Tools">OpenVMS</label>, some <label type="Tech Tools">Linux</label>).  Effective <label type="Soft Skills">problem solver </label>and <label type="Soft Skills">multi-tasker</label>, able to work with users and managers alike to accomplish goals.  WORK EXPERIENCE  <label type="Designation">FREELANCE DRUPAL</label>/<label type="Designation">PHP DEVELOPER</label>, Ongoing   Short term freelance/consulting positions, <label type="Years of Experience">March 2013  Present</label>  o <label type="Companies worked at">EGT Global Trading</label>. This company helps inventors get their inventions manufactured in China and imported back  to the United States. This is a redesign of their original site. Done in Drupal 7. http://egtglobaltrading.com/  o Groovy Tuesday Band. This is a cover band in the lower <label type="Location">Hudson Valley, NY.</label> Designed and implemented the site  in <label type="Tech Tools">Drupal</label> 7. http://groovytuesdayband.com/  o Code and Theory. Short term consulting project to backfill on a project using Drupal 7.   Short term freelance/consulting positions, <label type="Years of Experience">February 2012  June 2012</label>  o <label type="Companies worked at">Fox Chase Cancer Center</label>. Helped code the redesign of the site http://loveversuscancer.org/ -- Drupal 6  o Studio LLC. Helped with the site http://undertone.com/ -- Drupal 6  o Socialistic (Euro RSCG). Helped with the coding and configuration of an unreleased site -- Drupal 7  Please see http://rbnsn.com/new_home/portfolio for my portfolio  AETEA CONSULTING  <label type="Designation">Web Developer Consultant</label> (at McGraw Hill Education), <label type="Years of Experience">February 2014  Present</label>  Technologies: <label type="Tech Tools">PHP5</label>, <label type="Tech Tools">Soap</label>    Writing utility <label type="Tech Tools">PHP</label> scripts using the SoapClient class to interface with an internal company Soap Server.  OST GLOBAL  <label type="Designation">Drupal Developer Consultant</label>, <label type="Years of Experience">December 2013  February 2014</label>  Technologies: <label type="Tech Tools">Drupal 7</label>, <label type="Tech Tools">PHP5</label>, <label type="Tech Tools">CSS</label>, <label type="Tech Tools">HTML5</label>, <label type="Tech Tools">jQuery</label>    Worked on a website for FEMA    Wrote custom modules interacting with the Forms API, Node API, Views API and other Drupal APIs    Used Views in conjunction with Panels    Modified theme templates for custom content types    Was part of a team of about a \xc2\xbd dozen people with daily status calls.  <label type="Companies worked at">IVORY SYSTEMS</label> -- <label type="Designation">Drupal Architect/Developer</label> (<label type="Designation">consultant</label> at <label type="Companies worked at">Kyocera</label>), <label type="Years of Experience">October 2012  February 2013</label>  Technologies: <label type="Tech Tools">AIX</label>, <label type="Tech Tools">Redhat</label>, <label type="Tech Tools">Drupal 7</label>, <label type="Tech Tools">PHP5</label>, <label type="Tech Tools">CSS3</label>, <label type="Tech Tools">HTML5</label>, <label type="Tech Tools">Drush</label>, <label type="Tech Tools">jQuery</label>, <label type="Tech Tools">sh</label>, <label type="Tech Tools">bash</label>, <label type="Tech Tools">Apache</label>, <label type="Tech Tools">AJAX</label>    Worked on a Drupal 7 project for <label type="Location">Kyocera</label> in <label type="Location">Fairfield, NJ</label>.    Wrote many custom modules to retrieve data from the corporate DB2 database, merge that data retrieved via views in Drupal,  and display it in a consistent manner.    Configured the environment on an AIX 6.1 machine: Installed &amp; configured <label type="Tech Tools">Apache</label>, <label type="Tech Tools">MySQL</label>, and <label type="Tech Tools">PHP</label>.    Created the website from scratch using PSD mockups. All page layouts on the site were done using panels and the Ninesixty  theme.    Moved the working environment from AIX to Redhat and made sure everything still worked.    Documented how to move the site/code between development and production environments.    Mentored non-Drupal programmers on using/configuring/programming Drupal. Reviewed their code.  <label type="Companies worked at">DYNTEK</label> -- <label type="Designation">Drupal Developer</label> (<label type="Designation">consultant</label> at <label type="Companies worked at">DoITT</label>), <label type="Years of Experience">June 2012  July 2012</label>  Technologies: <label type="Tech Tools">Aquia</label>, <label type="Tech Tools">Drupal 7</label>, <label type="Tech Tools">PHP5</label>, <label type="Tech Tools">CSS</label>, <label type="Tech Tools">HTML</label>    Worked on a project for the <label type="Companies worked at">New York City Department of Information, Technology, and Telecommunications (DOITT)</label>    Created a landing page from a mock-up (see portfolio link).    <label type="Name">Kendall Rod Considine</label>  <label type="Companies worked at">DATACOLOR</label>  <label type="Designation">Web Developer</label>, <label type="Years of Experience">August 2011  January 2012</label>  Technologies: <label type="Tech Tools">Redhat</label>, <label type="Tech Tools">Drupal 6</label>, <label type="Tech Tools">PHP5</label>, <label type="Tech Tools">CSS</label>, <label type="Tech Tools">HTML</label>, <label type="Tech Tools">Drush</label>, <label type="Tech Tools">jQuery</label>, <label type="Tech Tools">bash</label>, <label type="Tech Tools">Wordpress</label>, <label type="Tech Tools">AJAX</label>, <label type="Tech Tools">Apache</label>    Continued to work on the Datacolor website (<label type="Tech Tools">Drupal 6</label>, <label type="Tech Tools">PHP</label>, <label type="Tech Tools">MySQL</label>, <label type="Tech Tools">jQuery</label>, <label type="Tech Tools">CSS</label>) that I started as a consultant. See the job  below.    Helped move the website to a faster server and diagnose and any problems that cropped up due to differing configurations.    Analyzed custom modules written before I started for performance problems. Rewrote sections of those modules to fix the  problems found.    Installed and configured a WordPress site.    Worked on converting a custom Drupal module to a WordPress plugin.  <label type="Name">Kendall Rod Considine</label> <label type="Companies worked at">HALF TECHNOLOGIES</label>  <label type="Designation">Drupal Developer</label> (<label type="Designation">consultant</label>), <label type="Years of Experience">April 2011  August 2011</label>  Technologies: <label type="Tech Tools">Redhat</label>, <label type="Tech Tools">Drupal 6,</label> <label type="Tech Tools">PHP5</label>, <label type="Tech Tools">CSS</label>, <label type="Tech Tools">HTML</label>, <label type="Tech Tools">Drush</label>, <label type="Tech Tools">jQuery</label>, <label type="Tech Tools">bash</label>, <label type="Tech Tools">AJAX</label>, <label type="Tech Tools">Apache</label>    Worked on a six week project at Fox Chase Cancer Center solving problems on the web site  http://pubweb.fccc.edu/bodyandsoul/. Added the drop down menus, fixed the Lightbox picture display and fixed the overall  look and feel of the site    Worked on a project at Datacolor to repair and enhance their website.    Also involved in setting up a Subversion repository and putting source under source control, analyzing current web site for  performance problems, cleaning up installation and updating Drupal and contributed modules to be current.  <label type="Companies worked at">UST-GLOBAL</label>, <label type="Designation">Consulting</label> at <label type="Companies worked at">Johnson &amp; Johnson</label>  <label type="Designation">Project Manager</label> (<label type="Designation">consultant</label>), <label type="Years of Experience">September 2010  January 2011</label>  Technologies: <label type="Tech Tools">Linux</label> shared hosting, <label type="Tech Tools">Drupal 6</label>, <label type="Tech Tools">PHP5</label>, <label type="Tech Tools">CSS</label>, <label type="Tech Tools">HTML</label>, <label type="Tech Tools">Drush</label>, <label type="Tech Tools">jQuery</label>, <label type="Tech Tools">bash</label>    Managed an off-shore team of developers migrating web sites written in JAVA to Drupal 6. Scrum management is being  used with daily meetings with the off-shore Scrum Master and developers.    Wrote some \xe2\x80\x9cproof of concept\xe2\x80\x9d modules for the off-shore teams to implement.    Contributed to the high level Drupal Architecture of one of the sites being migrated.  <label type="Companies worked at">THE TOTEM GROUP</label>, <label type="Designation">Consulting</label> at <label type="Companies worked at">Jersey Cow</label> -- <label type="Designation">Drupal Developer</label> (<label type="Designation">consultant</label>), <label type="Years of Experience">July 2010  September 2010</label>  Technologies: <label type="Tech Tools">Redhat</label>, <label type="Tech Tools">Drupal 6</label>, <label type="Tech Tools">PHP5</label>, <label type="Tech Tools">CSS</label>, <label type="Tech Tools">HTML</label>, <label type="Tech Tools">Drush</label>, <label type="Tech Tools">jQuery</label>, <label type="Tech Tools">AJAX</label>    Developed Drupal modules as part of a LMS (Learning Management System) to be used by teachers of mentally handicapped  people. The modules interfaced with previously written (non Drupal) script that displays either the books to be read or the  assessment questions (storing the number of tries to answer each question). Another module displays the results of the  assessments. Communication between the Drupal module and the non-Drupal code was done via the Services (v2) module  using the JSON service.  <label type="Companies worked at">TANGIBLE TECHNOLOGIES</label>, <label type="Designation">Consulting</label> at <label type="Companies worked at">Johns Hopkins Development and Alumni Relations</label> -- <label type="Location">Baltimore, MD</label>, <label type="Designation">Principal  Systems Engineer</label> (<label type="Designation">Consultant</label>), <label type="Years of Experience">April, 2007  December, 2009</label>  Technologies: <label type="Tech Tools">Redhat</label>, <label type="Tech Tools">Drupal 6</label>, <label type="Tech Tools">PHP5</label>, <label type="Tech Tools">CSS</label>, <label type="Tech Tools">HTML</label>, <label type="Tech Tools">Drush</label>, <label type="Tech Tools">jQuery</label>, <label type="Tech Tools">bash</label>, <label type="Tech Tools">Perl</label>, <label type="Tech Tools">Subversion</label>, <label type="Tech Tools">OpenVMS</label>, <label type="Tech Tools">CMS</label>, <label type="Tech Tools">DCL</label>, <label type="Tech Tools">AJAX</label>    Wrote custom Drupal 6 modules in PHP.  o An \xe2\x80\x9cAccounts Maintenance Module\xe2\x80\x9d using the Forms API that consolidated many maintenance activities across multiple  areas. Interfaced with Oracle and LDAP. This was a multi-step form for internal users. This module used jQuery to  manipulate the DOM and JSON to transfer the data.  o A module to add external users to another database and LDAP  o A \xe2\x80\x9cSVN Lock Lister\xe2\x80\x9d  A module to allow developers working on Windows to see all the locked files in the SVN  Repository. This module used jQuery to manipulate the DOM.  o A module to compare email addresses stored in LDAP and Drupal, so they could be synchronized.    Wrote PHP scripts which were incorporated into a Drupal based web portal. These were used in Drupal pages.    Modified/corrected a third party Perl script that was used to send/receive data to/from an outside vendors web site.    Mentored other developers on writing PHP for Drupal.    Created a web based display to show CPU, Memory, &amp; Disk Utilization for both OpenVMS and Linux using PHP and AJAX  (<label type="Tech Tools">JavaScript</label>, <label type="Tech Tools">jQuery</label>, <label type="Tech Tools">JSON</label>) technologies    Installed/ configured Drupal 6 modules from the Drupal web site.    Installed/updated/configured Drupal 6.    Installed/updated/configured <label type="Tech Tools">PHP</label>    Helped configure the Apache web server to ensure the web pages were seen only by users authorized to do so.    Major player in migration from OpenVMS to Linux. Migrated scripts that handled SFTP datafeeds from OpenVMS.    Configured SVN to use LDAP on Linux for authentication.    <label type="Name">Kendall Rod Considine</label>  <label type="Companies worked at">CANTOR FITZGERALD/ESPEED</label>  <label type="Years of Experience">New York, NY</label>  <label type="Designation">VMS System Engineer</label>, <label type="Years of Experience">October, 2005  January, 2007</label>  Technologies: <label type="Tech Tools">OpenVMS</label>, <label type="Tech Tools">CMS</label>, <label type="Tech Tools">DCL</label>, <label type="Tech Tools">PHP4</label>, <label type="Tech Tools">Apache</label>, <label type="Tech Tools">EVA</label>, <label type="Tech Tools">Legato</label>    Created a web based interface to display T4 performance graphs using <label type="Tech Tools">PHP</label>    Updated and maintained a large DCL based menu system for the principle application running on the Alphaservers.    Worked with the UNIX backup team to implement and maintain the Legato backups on OpenVMS.    Reconfigured stand-alone systems as clustered systems.    Maintained and reconfigured the Polycenter Console Manager software.  <label type="Companies worked at">VERIZON WIRELESS</label>  <label type="Location">Orangeburg, NY</label>  <label type="Designation">Senior Member of Technical Staff</label>, <label type="Years of Experience">February, 2004  June, 2005</label>  Technologies: <label type="Tech Tools">OpenVMS</label>, <label type="Tech Tools">CMS</label>, <label type="Tech Tools">DCL</label>, <label type="Tech Tools">PHP4</label>, <label type="Tech Tools">Apache</label>, <label type="Tech Tools">Legato</label>, EVA    Configured HP SWS (Apache on VMS), installed <label type="Tech Tools">PHP</label> and <label type="Tech Tools">MySQL</label> for VMS.    Wrote PHP web applications to display T4 data on web pages served from OpenVMS machines.    Wrote scripts for disk initialization and presentation on EVA5000 and EVA3000 Virtual Disk Arrays (SAN)    Revised Disaster Recovery documentation to reflect current test configuration.    Participated in a 48-hour Disaster Recovery Test, restoring the operating system from tape for two clusters and preparing the  restored systems for application testing.  SOFTWARE  Operating Systems: <label type="Tech Tools">Linux</label> (<label type="Tech Tools">Redhat</label> 5, <label type="Tech Tools">Centos</label> 4 &amp; 6, <label type="Tech Tools">Ubuntu</label>), <label type="Tech Tools">OpenVMS</label> (Alpha 7.3-2 &amp; 8.3, IA64 8.3-1h1), <label type="Tech Tools">UNIX</label>, <label type="Tech Tools">AIX 6.1</label>, Windows  Programming Languages: <label type="Tech Tools">PHP 5</label> (Procedural, not Object Oriented), <label type="Tech Tools">HTML</label>, <label type="Tech Tools">MySQL</label>, <label type="Tech Tools">JavaScript</label>, <label type="Tech Tools">DCL</label>, <label type="Tech Tools">bash</label>  Other: <label type="Tech Tools">Drupal 7</label> and <label type="Tech Tools">Drupal 6</label>, <label type="Tech Tools">LAMP</label> stack, <label type="Tech Tools">Apache</label> <label type="Tech Tools">Web Server</label>, <label type="Tech Tools">jQuery</label>, <label type="Tech Tools">CSS</label>, Subversion (SVN), <label type="Tech Tools">JSON</label>, <label type="Tech Tools">AJAX</label>, <label type="Tech Tools">xml</label>  COMMUNICATION PROTOCOLS  <label type="Tech Tools">TCP/IP</label>, Network Protocols: <label type="Tech Tools">SMTP</label>, <label type="Tech Tools">POP3</label>, <label type="Tech Tools">HTTP</label>  PROFESSIONAL MEMBERSHIPS  Flemington Drupal Meetup, Central NJ Drupal Meetup, Attended 2 NJ Drupal Camps  EDUCATION  <label type="College Name">RUTGERS COLLEGE</label> - <label type="College Name">RUTGERS UNIVERSITY</label> - <label type="Location">New Brunswick, NJ</label>  <label type="Degree">BA in Mathematics</label>  <label type="Degree">MS in Computer Science</label>"
</cv>
