<?xml version="1.0" encoding="UTF-8"?>
<cv>
<label type="Name">Golden Turcotte</label>
<label type="Designation">Senior Systems Engineer</label> - mainframe

<label type="Location">Bengaluru, Karnataka</label> - Email me on Indeed: <label type="Email Address">Jakubowski.Jeanett@vas.name</label>

Willing to relocate to: <label type="Location">Bengaluru, Karnataka</label> - <label type="Location">hyderbad, Telangana</label> - <label type="Location">Chennai, Tamil Nadu</label>

WORK EXPERIENCE

<label type="Designation">Senior Systems Engineer</label>

<label type="Companies worked at">Infosys Limited</label> -  <label type="Location">Chennai, Tamil Nadu</label> -

<label type="Years of Experience">February 2014 to Present</label>

<label type="Designation">Development,Testing,Support

Senior system engineer</label>

<label type="Companies worked at">Infosys limited</label>

Development,Testing,Support

EDUCATION

<label type="Degree">B.Tech in Information Technology</label>

<label type="College Name">GMR Institute of Technology and Management</label> -  <label type="Location">Kakinada, Andhra Pradesh</label>

<label type="Graduation Year">2013</label>

<label type="College Name">Pratibha Junior College</label>

<label type="Graduation Year">2009</label>

<label type="Soft Skills">English</label>, <label type="Soft Skills">Hindi</label>

S.R high School -  <label type="Location">Chennai, Tamil Nadu</label>

2006

SKILLS

<label type="Tech Tools">CA7</label> (4 years), <label type="Tech Tools">DB2</label> (4 years), <label type="Tech Tools">QMF</label> (4 years), <label type="Tech Tools">Cobol</label> (4 years), <label type="Tech Tools">Mainframe</label> (4 years), <label type="Tech Tools">Cics</label> (4
years), <label type="Tech Tools">Rexx</label> (4 years)

ADDITIONAL INFORMATION

• Adopt to any kind of Environment.

Technical Summary

https://www.indeed.com/r/golden-turcotte


• Tools: <label type="Tech Tools">ISPF</label>, <label type="Tech Tools">SPUFI</label>, <label type="Tech Tools">QMF</label>, <label type="Tech Tools">File-Aid</label>, <label type="Tech Tools">MainView</label>, <label type="Tech Tools">Librarian</label>, <label type="Tech Tools">CA7</label>, <label type="Tech Tools">Control-M</label>, <label type="Tech Tools">Xpeditor</label>
• Operating System: <label type="Tech Tools">Windows 7</label>
• <label type="Job Specific Skills">Database</label>: <label type="Tech Tools">DB2</label>, <label type="Tech Tools">SQL Server</label>
• Domain: Retail
• Packages: <label type="Tech Tools">MS office</label>

• Secondary Skills: <label type="Tech Tools">Java Script</label>, <label type="Tech Tools">HTML</label>, <label type="Tech Tools">JSP</label>, <label type="Tech Tools">Java</label>, <label type="Tech Tools">Oracle 10g</label>, <label type="Tech Tools">Unix</label>
</cv>
