<?xml version="1.0" encoding="UTF-8"?>
<cv>
"<label type="Name">Ramon Volkman</label>  <label type="Designation">Mobile Application Developer</label>  EDUCATION  Period  <label type="Graduation Year">2008 - 2013</label>    Name, Dept., Degree  <label type="College Name">Odesa National Polytechnic University</label>  <label type="College Name">Institute of Computer Systems  Software Engineering</label>  <label type="Degree">Masters degree</label>    Place  <label type="Location">Odesa, Ukraine</label>    <label type="Years of Experience">2013 - Present</label>    <label type="College Name">Linnaeus University  School of Computer Science  Software Engineering</label>  Second <label type="Degree">Master's degree</label> exchange program.    V\xc3\xa4xj\xc3\xb6, Sweden    SKILLS  <label type="Job Specific Skills">Programming</label> Languages/Technologies  Name  Skill Level  <label type="Tech Tools">Java</label>  Advanced  <label type="Tech Tools">Android SDK</label>  Advanced  <label type="Tech Tools">RESTful</label> <label type="Job Specific Skills">web services</label>  Advanced  <label type="Tech Tools">iOS</label>/<label type="Tech Tools">Objective-C</label>  Intermediate  <label type="Tech Tools">SQL</label>/<label type="Tech Tools">SQLite</label>  Intermediate  <label type="Tech Tools">Selenium</label>  Basic  <label type="Tech Tools">JMeter</label>  Basic    Last Used / Experience  Current / 4 years  Current / 18 months  Current / 18 months  Current / 3 months  Current / 2 years  2012 / 9 months  2012 / 9 months    Also some basic knowledge of <label type="Tech Tools">C</label>/<label type="Tech Tools">C++</label>, <label type="Tech Tools">C#</label>, <label type="Tech Tools">Python</label>, <label type="Tech Tools">PHP</label>, <label type="Tech Tools">Assembler</label>, <label type="Tech Tools">Spring</label> framework    Integrated Development Environments  <label type="Tech Tools">IntelliJ IDEA</label>  Advanced  <label type="Tech Tools">Xcode</label>  Intermediate  <label type="Tech Tools">Eclipse</label> for Java  Intermediate    Current / 2 years  Current / 3 months  2013 / 6 months    Version Control Systems  <label type="Tech Tools">Git</label>  Subversion    Advanced  Intermediate    Current / 11 months  Current / 1 year    Bug tracking systems  <label type="Tech Tools">Redmine</label>  <label type="Tech Tools">Jira</label>    Advanced  Intermediate    Current / 2.5 years  Current / 6 months    <label type="Job Specific Skills">Operating Systems</label> &amp; Office Software  <label type="Tech Tools">Windows</label>  <label type="Tech Tools">Linux</label>  <label type="Tech Tools">Mac OS X</label>  <label type="Tech Tools">MS Office</label>  <label type="Tech Tools">Open Office</label> / <label type="Tech Tools">Libre Office</label>    Advanced  Intermediate  Basic  Advanced  Intermediate    Current / 11 years  2014 / 2 years  Current / 3 months  Current / 6 years  2014 / 1 year    LANGUAGES  Name  <label type="Soft Skills">Russian</label>  <label type="Soft Skills">Ukrainian</label>  <label type="Soft Skills">English</label>    Skill Level  Native  Native  Advanced (good reading, writing, speaking, translation skills)    EXPERIENCE  <label type="Years of Experience">06/2013  Present</label>  Industry  Position  Technologies    <label type="Companies worked at">The Product Engine, Inc.</label>  IT - <label type="Job Specific Skills">Software Systems</label> &amp; <label type="Job Specific Skills">Telecom</label>  <label type="Designation">Junior Android Developer</label>  <label type="Tech Tools">Java SE</label>, <label type="Tech Tools">Android SDK</label>, <label type="Tech Tools">SQLite</label>, <label type="Tech Tools">Subversion</label>, <label type="Tech Tools">REST</label>, <label type="Tech Tools">JSON</label>    Responsibilities    - Android application development and testing;    Projects    - Android application for Jira bug tracking system (uses advanced <label type="Tech Tools">REST API</label>  consumption techniques and many non-trivial custom UI components);  - Android application for personal health management (implemented integration  with various data providers, also done some backend development);    <label type="Years of Experience">10/2012  05/2013</label>  Industry  Position  Technologies    <label type="Companies worked at">SoGe Mobile, LLC</label>  IT - <label type="Job Specific Skills">Software Systems</label> &amp; <label type="Job Specific Skills">Telecom</label>  <label type="Designation">Junior Android Developer</label>  <label type="Tech Tools">Java SE</label>, <label type="Tech Tools">Android SDK</label>, <label type="Tech Tools">SQLite</label>, <label type="Tech Tools">Subversion</label>, <label type="Tech Tools">REST</label>, <label type="Tech Tools">JSON</label>    Responsibilities    - Android application development and testing.    Projects    - application for restaurant chain (with information about restaurants, menu,  events and ability to place an order);  - application for home appliance chain (information about merchandise, discounts,  nearest store, etc.);  - application for sports newspaper (featuring in-app purchases);  - application for travel magazine with articles, events and other information about  travelling, includes photo bank. Advanced use of Google Maps API v2.  - application for online shop aggregator (providing information about  merchandise, ability to buy or save items to wish list);  - application for making and sharing notes (text, audio, video). Implemented some  advanced media features (ability to split/merge audio clips), used complex  animations, custom UI components;  - application for English learners (includes tests).    <label type="Years of Experience">12/2011  10/2012</label>  Industry  Position  Technologies    <label type="Location">Odessa, Ukraine</label>  <label type="Companies worked at">The Product Engine, Inc.</label>  IT - Software Systems &amp; Telecom  <label type="Designation">Junior QA Engineer</label>  <label type="Tech Tools">Java SE</label>, <label type="Tech Tools">TestNG</label>, <label type="Tech Tools">Selenium</label>, <label type="Tech Tools">Ant</label>, <label type="Tech Tools">SQL</label>, <label type="Tech Tools">XML</label>, <label type="Tech Tools">XPath</label>, <label type="Tech Tools">Subversion</label>    Responsibilities    - web application functional and performance testing;  - development of automated functional test suite for web application;  - test documentation maintenance (<label type="Job Specific Skills">test plans</label>, <label type="Job Specific Skills">test cases</label>, <label type="Job Specific Skills">test reports</label>).    Projects    - online advertising application (performed functional and performance testing,  developed automation test suite, maintained test documentation).    <label type="Location">Odessa, Ukraine</label>    <label type="Location">Odessa, Ukraine</label>    ADDITIONAL INFORMATION  Courses taken:  - <label type="Job Specific Skills">Software Quality</label> (<label type="College Name">Linnaeus University</label>, <label type="Location">Sweden</label>, <label type="Graduation Year">2013</label>);    -    Android for Java Programmers (<label type="College Name">Linnaeus University</label>, <label type="Location">Sweden</label>, <label type="Graduation Year">2012</label>);  <label type="Job Specific Skills">Compiler Construction</label> (<label type="College Name">Linnaeus University</label>, <label type="Location">Sweden</label>, <label type="Graduation Year">2012</label>);  <label type="Job Specific Skills">Software Testing</label> (<label type="Companies worked at">The Product Engine Inc.</label>, <label type="Location">Odessa</label>, 30 hours, <label type="Graduation Year">2011</label>);  <label type="Job Specific Skills">Programming in Java</label> (<label type="College Name">ONPU</label>, 25 hours, <label type="Graduation Year">2011</label>);  <label type="Job Specific Skills">Software Design</label> (<label type="College Name">ONPU</label>, 30 hours, <label type="Graduation Year">2010</label>).    Stackoverflow.com account:  http://stackoverflow.com/users/1318939/deville (mostly active in \xe2\x80\x98android tag).  Github account:  https://github.com/deville  Habrahabr.ru account:    http://habrahabr.ru/users/deville/  ABOUT ME  -    <label type="Soft Skills">honest</label>;  <label type="Soft Skills">careful</label>;  <label type="Soft Skills">perfectionist</label>;  <label type="Soft Skills">hard-working</label>;  <label type="Soft Skills">fast learner</label>;  able to think logically;  good <label type="Soft Skills">problem solving</label> skills;  able to work in a team;  good <label type="Soft Skills">communication</label> skills."
</cv>
