<?xml version="1.0" encoding="UTF-8"?>
<cv>
"<label type="Name">Chiquita Mosciski</label>  <label type="Degree">Department of Computer Sciences</label> \xef\x81\xac <label type="College Name">University of Lagos</label>, <label type="Location">Lagos</label>  M: 1237345378900 \xef\x81\xac E: <label type="Email Address">Julian76@hotmail.com</label>    Targeting <label type="Designation">Internship Software Engineering</label> Positions    EDUCATION  <label type="College Name">UNIVERSITY OF LAGOS</label>  <label type="Degree">B.Sc. in Computer Sciences</label>    \xef\x81\xac    <label type="Location">Lagos, Nigeria</label>  Expected July <label type="Graduation Year">2014</label>    CGPA: 4.58/5.0    Relevant Coursework:  \xef\x81\xac <label type="Job Specific Skills">Software Engineering</label> \xef\x81\xac <label type="Job Specific Skills">Algorithms</label> \xef\x81\xac Discrete &amp; <label type="Job Specific Skills">Data Structures</label> \xef\x81\xac <label type="Job Specific Skills">Compiler</label> \xef\x81\xac <label type="Job Specific Skills">Databases</label> \xef\x81\xac <label type="Job Specific Skills">Networking</label>  \xef\x81\xac <label type="Job Specific Skills">Concurrency</label> \xef\x81\xac <label type="Job Specific Skills">Operating Systems</label> \xef\x81\xac <label type="Job Specific Skills">Operation Research</label> Technique \xef\x81\xac <label type="Soft Skills">Entrepreneurship</label> \xef\x81\xac OOP  Projects:  \xef\x81\xac Desktop Search(2012). A windows desktop app which makes use of concurrent model in crawling  and indexing windows files.  \xef\x81\xac Scanner(2012). A scanner for java compiler using the buffering algorithm.  \xef\x81\xac Algorithms Experiment(2012). An experiment to determine and compare practical efficiency of insertion  sort, merge sort &amp; quick sort algorithms.    Leadership:  <label type="Designation">Secretary General</label>, <label type="Companies worked at">Nigerian Association of Computer Science Students</label> - led committees to plan and  document campus activities for 200 students.    <label type="College Name">MASSACHUSETTS INSTITUTE OF TECHNOLOGY</label>    <label type="Location">Lagos, Nigeria</label>  <label type="Graduation Year">July 2012  August 2012</label>    <label type="Degree">Accelerating Information Technology Innovation(AITI)</label> Program    Gained practical knowledge of three-tier android app development and mobile technology business.  Relevant Coursework:  \xef\x81\xac Java \xef\x81\xac <label type="Tech Tools">XML</label> \xef\x81\xac <label type="Tech Tools">Android</label> \xef\x81\xac <label type="Tech Tools">Python</label>    \xef\x81\xac    <label type="Tech Tools">Django</label>    \xef\x81\xac    <label type="Soft Skills">Entrepreneurship</label>(Tech Start-up)    \xef\x81\xac    Investment &amp; Finance    Projects  Poultry Remainder(2012). An Android app which reminds a poultry farmer of the next vaccination  date for their birds.        RELEVANT EXPERIENCE  <label type="Companies worked at">UTUMGRAID GROUP</label>    <label type="Location">Lagos, Nigeria</label>    <label type="Years of Experience">July 2012  till date</label>  <label type="Designation">Lead Developer</label>   Designed and implemented a feed optimization algorithm in building a poultry Android App.   Implemented an automated poultry management system with a remainder feature.  <label type="College Name">UNIVERSITY OF LAGOS</label>, <label type="Companies worked at">DEPARTMENT OF COMPUTER SCIENCES</label>    <label type="Location">Lagos, Nigeria </label> <label type="Years of Experience">January  August 2012</label>    <label type="Designation">Research Assistant</label>, <label type="Name">Chiquita Mosciski</label>  Collaborated with faculty members to study alternative search technologies using economic  intelligence in information retrieval.        <label type="Years of Experience">July  till date</label>  <label type="Designation">Research Assistant</label> and <label type="Designation">Teaching Assistant</label>, <label type="Name">Chiquita Mosciski</label>   Designing a twitter crawler to study local crime related tweet pattern using web mining algorithm.   Taught a tutorial class on the following topics: <label type="Job Specific Skills">VB.NET</label>, <label type="Job Specific Skills">Python</label> and Computer Architecture.    TECHNICAL SKILLS  <label type="Job Specific Skills">Programming</label>: <label type="Tech Tools">C++</label>, <label type="Tech Tools">C#</label>, <label type="Tech Tools">Java</label>, <label type="Tech Tools">VB.NET</label>, <label type="Tech Tools">XML</label>, <label type="Tech Tools">Python</label>.  Software: <label type="Tech Tools">Netbeans</label>, <label type="Tech Tools">Eclipse</label>, <label type="Tech Tools">Visual Studio</label>, <label type="Tech Tools">MS Project</label>, <label type="Tech Tools">MS Visio</label>, <label type="Tech Tools">Aptana Studio</label>, <label type="Tech Tools">QT</label>.  Database: <label type="Tech Tools">MySQL</label>, <label type="Tech Tools">MS Access</label>, <label type="Tech Tools">Relational Database</label>.  Operating Systems: <label type="Tech Tools">Windows 7</label> / <label type="Tech Tools">Vista</label> / <label type="Tech Tools">XP</label>, <label type="Tech Tools">Linux</label>, <label type="Tech Tools">Unix</label> .    OTHER    Languages: Fluent <label type="Soft Skills">English</label>, Fluent <label type="Soft Skills">Yoruba</label> and Conversational <label type="Soft Skills">French</label>  Interests: Google Developer Group, Blogging, Poem, Technology Evangelism, Scramble, Second Life.  Awards: Audience Choice Award MIT AITI Nigeria 2012 Business Plan Competition  Best Overall Science Student NNPC/MOBIL STAN Science National Quiz, 2008"
</cv>
