<?xml version="1.0" encoding="UTF-8"?>
<cv>
"<label type="Name">Wan Schuster</label>  1101 Kahn Lane  <label type="Location">Baltimore, MD</label> 21211  <label type="Email Address">Emmanuel76@yahoo.com</label>    410-555-555  EDUCATION  <label type="Degree">Bachelor of Science, Information Technology</label>  <label type="College Name">Towson University</label>, <label type="Location">Towson, MD</label>  3.2 GPA, IT GPA: 3.5   Successfully managed full-time coursework while working part-time    May 20XX    TECHNICAL SKILLS  Languages: <label type="Tech Tools">Python</label> 2.7.3 | <label type="Tech Tools">Java</label> 7 | <label type="Tech Tools">C</label>, <label type="Tech Tools">C++</label> | <label type="Tech Tools">HTML</label>  Tools and Software: <label type="Tech Tools">Dreamweaver</label> | <label type="Tech Tools">UltraEdit</label> | <label type="Tech Tools">Rational Rose</label> | <label type="Tech Tools">Photoshop</label>  Operating Systems: <label type="Tech Tools">Linux</label> | <label type="Tech Tools">Mac OS</label> | <label type="Tech Tools">Windows XP, 7, 8 and 10</label>  RELEVANT INFORMATION TECHNOLOGY PROJECTS  <label type="Designation">System Administration and Maintenance</label>  Fall 20XX  \xef\x82\xa7 Searched and manipulated files in Linux with the cp, mv, find, touch, and grep  commands  Fundamentals of Information Systems and Technology  Fall 20XX  \xef\x82\xa7 Used <label type="Soft Skills">leadership</label> and <label type="Soft Skills">communication</label> skills to consolidate and edit documentation for  group E-Commerce website project  General Computer Science  Spring20XX  \xef\x82\xa7 Developed and implemented an ATM program, student information record system, and  tic-tac-toe game in <label type="Tech Tools">Python</label>  Computer Science I  Fall 20XX  \xef\x82\xa7 Wrote and debugged <label type="Tech Tools">object-oriented Java</label> programs that calculated speeding tickets,  employee salary, and loan rates  RELEVANT TRAINING  Charm City <label type="Tech Tools">Linux</label>  September 20XX  present  <label type="Designation">Trainee</label>, <label type="Location">Baltimore, MD</label>  \xef\x82\xa7 Attend a teaching group to obtain additional experience working with <label type="Tech Tools">Linux</label>  \xef\x82\xa7 Obtain additional training through LinuxFoundationX practice course  WORK HISTORY  <label type="Companies worked at">Best Buy</label>  July 20XX - present  <label type="Designation">Sales Associate</label>, City, MD  \xef\x82\xa7 Provide excellent customer service by resolving customer concerns professionally  \xef\x82\xa7 Maintain an in-depth knowledge of all products to ensure accurate information"
</cv>
