<?xml version="1.0" encoding="UTF-8"?>
<cv>
"<label type="Designation">Freelance developer</label> in <label type="Tech Tools">C++</label>/<label type="Tech Tools">Qt</label> and <label type="Tech Tools">Android</label> looking to get involve in new challenges  25 rue de la Bercilli\xc3\xa8re  86100 Ch\xc3\xa2tellerault  +33 (0)6 58 87 40 75  <label type="Email Address">Ethyl77@gmail.com</label>  www.jcourtois.fr  01/05/1986, driving license    2009 Oct - Dec  2004 - 2009  2003 - 2004    IAE Tours, <label type="Degree">Master in company management</label>  <label type="College Name">PolytechTours, School of engineering in computer science</label>  Lyc\xc3\xa9e M. Berthelot Ch\xc3\xa2tellerault, High-school diploma in science    Work experience  <label type="Years of Experience">Since 2013  Apr 2012 - Nov 2013  July 2010 - July 2012</label>    <label type="Designation">Freelance developer</label> (<label type="Tech Tools">C++</label>/<label type="Tech Tools">Qt</label>, <label type="Tech Tools">Android</label>) / <label type="Companies worked at">International  Partouche Technologies</label>, Online Poker (<label type="Tech Tools">C++</label>/<label type="Tech Tools">Qt</label>)  Firezoo, Smartphone Applications (Android)  Hinnoya, Qt Formation    Book director / Editor D-BookeR    Cr\xc3\xa9er des applications avec Qt 5 (Qt 5, Qt Quick, C++), released november 2013    <label type="Designation">Software developer</label> / <label type="Companies worked at">FXHome</label>, Royaume-Uni  GUI creation for Hitfilm (C++/Qt)  <label type="Designation">Project management</label> for unit tests    <label type="Years of Experience">Jun - Sept 2009</label>    <label type="Designation">Intern engineer</label> / <label type="Companies worked at">SII</label>, Rennes    <label type="Years of Experience">Jun- Sept 2008</label>    <label type="Designation">Intern engineer</label> / <label type="Companies worked at">Joobi Solution Limited</label>, <label type="Location">Ireland</label>    <label type="Years of Experience">2007 - 2009</label>    Portablity of geolocation application (<label type="Tech Tools">C++</label>/<label type="Tech Tools">Qt</label>)  Creation of social network component for Joomla! (<label type="Tech Tools">PHP</label>)    Monitor communication in computer science institute / PolytechTours    Skills  Nokia certified Qt Developer    (Qt Essentials, Advanced Widget UI and Qualified in C++ with Qt)    Softwares    <label type="Tech Tools">Visual Studio</label>, <label type="Tech Tools">Qt Creator,</label> <label type="Tech Tools">Eclipse</label>, <label type="Tech Tools">SVN</label>, <label type="Tech Tools">Git</label>, <label type="Tech Tools">Photoshop</label>, <label type="Tech Tools">Illustrator</label>, <label type="Tech Tools">InDesign</label>    Computer languages    <label type="Tech Tools">C</label>/<label type="Tech Tools">C++</label>/<label type="Tech Tools">C#</label>, <label type="Tech Tools">Java</label> (<label type="Tech Tools">Android</label>), <label type="Tech Tools">PHP</label>, <label type="Tech Tools">SQL</label>, <label type="Tech Tools">XML</label>, <label type="Tech Tools">x-HTML</label>, <label type="Tech Tools">CSS</label>, <label type="Tech Tools">Javascript</label>    Languages    <label type="Soft Skills">French</label>, mother tongue  <label type="Soft Skills">English</label>, fluent: TOEIC 855  <label type="Soft Skills">Spanish</label>, basis    Extra curricular activities  Jun 2010 - Sept 2012  2006 - 2008    Qt team leader on Developpez.com    External communication (Nokia, Digia, Event)  Manage Qt challenges and French documentation translation    Responsible for the ClubDESIGN of PolytechTours  Sport : badminton, squash, tennis"
</cv>
