<?xml version="1.0" encoding="UTF-8"?>
<cv>
"<label type="Name">Tillman</label>  <label type="Designation">social network analyst</label>    about  31 rue Smith  69002 <label type="Location">Lyon  France</label>  <label type="Email Address">Blick.Chrystal@bl.biz</label>  http://friggeri.net  fb://<label type="Name">Tillman</label>    interests  <label type="Job Specific Skills">complex networks</label>, <label type="Job Specific Skills">social networks</label>, <label type="Job Specific Skills">community detection</label>, <label type="Job Specific Skills">community structure</label>, <label type="Job Specific Skills">overlapping  communities</label>, <label type="Job Specific Skills">information diffusion</label>, <label type="Job Specific Skills">viral marketing</label>, <label type="Job Specific Skills">social inference</label>, <label type="Job Specific Skills">recommendation</label>, <label type="Job Specific Skills">data  mining </label>   education  since 2009    <label type="Degree">Ph.D. candidate in Computer Science</label>  A Quantified Theory of Social Cohesion.    <label type="Graduation Year">20072008</label>    <label type="Degree">M.Sc.</label> magna cum laude  <label type="Degree">Majoring in Computer Science  Specialization in Complex Systems</label>    <label type="Graduation Year">20062007</label>    <label type="Degree">B.Sc.</label> magna cum laude  <label type="Degree">Majoring in Computer Science</label>    <label type="Graduation Year">20032006</label>    Classes Pr\xc3\xa9paratoires aux Grandes \xc3\x89coles    languages  bilingual <label type="Soft Skills">french</label>/<label type="Soft Skills">english</label>  <label type="Soft Skills">spanish</label> &amp; <label type="Soft Skills">italian</label>  notions    <label type="Job Specific Skills">programming</label>  \xef\xbf\xbd <label type="Tech Tools">JavaScript</label>  (<label type="Tech Tools">ES5</label>, <label type="Tech Tools">node.js</label>)  <label type="Tech Tools">Python</label>, <label type="Tech Tools">C</label>, <label type="Tech Tools">OCaml</label>  <label type="Tech Tools">CSS3</label> &amp; <label type="Tech Tools">HTML5</label>    <label type="Tech Tools">DNET</label>/<label type="Tech Tools">INRIA</label>, <label type="Tech Tools">LIP</label>/\xc3\x89NS de Lyon  IXXI, \xc3\x89cole Normale Sup\xc3\xa9rieure de <label type="Location">Lyon</label>    \xc3\x89cole Normale Sup\xc3\xa9rieure de Lyon    Lyc\xc3\xa9e F\xc3\xa9nelon, Lyc\xc3\xa9e Louis le    Grand, <label type="Location">Paris</label>    Preparation for national competitive entrance exams to leading French  \xe2\x80\x9cgrandes \xc3\xa9coles\xe2\x80\x9d, specializing in mathematics and physics.  2003    French Baccalaur\xc3\xa9at S. with honors  Specialization in mathematics and physics    Lyc\xc3\xa9e Louis le Grand, <label type="Location">Paris</label>    experience  <label type="Years of Experience">0207 2009</label> LIP6/CNRS, <label type="Location">Paris</label>  <label type="Job Specific Skills">Visualization of complex networks</label>.    <label type="Designation">Research Internship</label>.    <label type="Years of Experience">0608 2008</label> ISCPIF/CNRS, <label type="Location">Paris</label>  Diffusion in the Blogosphere. <label type="Companies worked at">Happy Flu</label>.    <label type="Designation">Research Internship</label>.    <label type="Years of Experience">0608 2007</label> LIP6/CNRS, <label type="Location">Paris</label>  Kernels in real world networks.  <label type="Years of Experience">0708 2005</label> <label type="Companies worked at">Kelkoo.com</label>  Creation of a keyword generator for Google Adwords.    <label type="Designation">Research Internship</label>.    <label type="Years of Experience">0708 2004</label> <label type="Companies worked at">MonsieurPrix.com</label>  Development of an e-commerce product indexation spider.    applications    Summer job.  Summer job.    2012    Who did I forget ?  whodidiforget.com  Guest list recommendation for Facebook events based on friends already  attending the event.    2011    Fellows  fellows-exp.com  Automatic community detection among Facebook Friends in order to validate  the cohesion measure, creation of friend lists.  Happy Flu  happyflu.com  Experiment aimed to measure viral spreading of content across the blogosphere.    2008    publications  Put your publications here!"
</cv>
