<?xml version="1.0" encoding="UTF-8"?>
<cv>
"<label type="Name">Will Stokes</label>  1234 Darkridge Drive \xe2\x80\xa2 Mira <label type="Location">Lagos, TX</label> 75054  Home: 123-345-7890 \xe2\x80\xa2 Mobile: 123-345-7890 \xe2\x80\xa2 <label type="Email Address">Lorina.Feest@gmail.com</label>    <label type="Designation">SENIOR-LEVEL BUSINESS &amp; IT EXECUTIVE</label>  US/ GLOBAL <label type="Designation">BUSINESS TRANSFORMATION &amp; BUSINESS PROCESS OUTSOURCING</label>  Make the impossible, possible... Overcome complex business and IT challenges... Salvage and  strengthen relationships Rescue bottlenecked, behind schedule, financially off-track projects... <label type="Soft Skills">Lead  teams</label> to achieve exceptional results  Lead world-class organizations providing expert <label type="Job Specific Skills">business transformation services</label> and <label type="Job Specific Skills">cutting-edge  technology solutions</label> to major enterprises operating in diverse industries and domestic and  international markets.  Hold full P&amp;L accountability for <label type="Job Specific Skills">business transformation</label> and <label type="Job Specific Skills">business process outsourcing</label> projects  valued at $6.5 million.  Track record of enabling important Fortune 100 and 500 customer acquisitions and opening  potential for unlimited revenue.  Build and lead cross-functional. Cross-border, multinational teams of 500+ consultants, and IT  professionals.  Partner with corporate executive management teams in planning and executing dynamic, enterpriselevel business strategies and initiatives-start-up infrastructures, organizational development and  culture change.    BUSINESS TRANSFORMATION &amp; IT COMPETENCIES     IT &amp; <label type="Job Specific Skills">Business Strategy and Execution</label>   <label type="Job Specific Skills">Large-Scope Service Delivery</label> &amp; <label type="Job Specific Skills">Contract  Management</label>   <label type="Job Specific Skills">Multimillion-Dollar Revenue Creation</label>   <label type="Job Specific Skills">Double-Digit Profit Delivery &amp; Growth</label>   <label type="Job Specific Skills">CRM-Contract</label>, <label type="Job Specific Skills">Outsourcing</label>, <label type="Job Specific Skills">Partnerships</label>   <label type="Job Specific Skills">Customer Acquisitions</label> &amp; Contract Wins     <label type="Job Specific Skills">New Product/ Service Launch &amp;  Management </label>  <label type="Job Specific Skills">International Team Building</label> &amp; <label type="Soft Skills">Leadership</label>   Organization/ Operation/ Maturity  <label type="Job Specific Skills">Management</label>   Startup, Transformation &amp; <label type="Job Specific Skills">Culture Change   Process</label>, <label type="Job Specific Skills">Performance &amp; Quality  Improvement</label>   Program/ Profile Management &amp; Program  Rescue    CAREER OVERVIEW  <label type="Designation">ASSOCIATE PRINCIPAL</label> (<label type="Years of Experience">8/01 to Present</label>) <label type="Companies worked at">eClerx</label>, <label type="Location">Austin, TX</label>  <label type="Job Specific Skills">Business Transformation</label> | <label type="Job Specific Skills">Strategic Business Process Outsourcing</label> | <label type="Job Specific Skills">E-Business </label>Technology Solutions  Key member of <label type="Companies worked at">eClerx</label> fastest growing business segment-averaging 200% annual growth rate for four  consecutive years-holding full P&amp;L accountability for multimillion-dollar web consultancy projects and  services contracts. Target and secure new business, negotiate contracts, and provide technical and managerial  oversight to all aspects of client engagements.  Mentor, lead, and develop careers of four management consultants in the <label type="Location">US</label> and EMEA, and provide  oversight to team of 200+ in <label type="Location">India</label>. Provide advisory services to top-tier client executives (CEOs, COOs,  CTOs), and establish, strengthen, and manage relationships with internal and external customers.  Led dynamic internal entrepreneurial project to develop US business infrastructure, including site-selection,  organizational development, vendor negotiations, technology solutions, and disaster recovery planning to  boost <label type="Companies worked at">eClerx</label> competitive position in the emerging e-business marketplace. Report directly to President of  company.  Select Achievements  Identified, negotiated, and landed 30 international consultancy contracts throughout the <label type="Location">US</label>, <label type="Location">Europe</label>,  <label type="Location">Middle East</label>, <label type="Location">Africa</label>, and <label type="Location">Asia</label> with <label type="Companies worked at">Dell Inc.</label> Driving annual contract revenue from $125,000 to $6.5  million in four years.  Recipient of a ""Dell International Staff"" award for significant contributions toward the <label type="Companies worked at">Dell</label>  Education product line launch-first vendor representative in segments history to receive the award.  Awarded the largest portion of eClerx employee shares.  Built/ lead team of professionals from 20 to 200+; knowledge engineers, operations SMEs, and  process development experts throughout the <label type="Location">US</label>, EMEA and <label type="Location">India</label>.  Introduced knowledge management philosophy reducing project training period by 33%,  Restructured shift times reducing employee attrition by 25%. Implemented <label type="Tech Tools">MS SharePoint</label> Portal  Server streamlining inter-company email communications.    <label type="Designation">HEAD OF BUSINESS DEVELOPMENT</label> (<label type="Years of Experience">1/01 - 6/01</label>) <label type="Companies worked at">Company Net</label>, <label type="Location">Edinburgh, UK</label>  Chosen for special assignment to dramatically improve business development efforts, including vision and  execution of market growth initiatives through innovative sales and marketing campaigns involving corporate  branding, public relations, media exposure, lead generation, and strategic partnerships. Managed 13 direct  reports.  Select Achievements    Credited with achieving Gold Partner status with Microsoft-created first its kind Seminar series in  Scotland to communicate ""breaking"" Microsoft news to new/ exiting customers. Increased annual  revenue by $2 million in five months.  Employed <label type="Tech Tools">Visual Source Safe</label> for code protection and <label type="Tech Tools">MS SharePoint</label> as company information  point.  <label type="Designation">ACCOUNT EXECUTIVE</label> (<label type="Years of Experience">1/99 - 1/01</label>) <label type="Companies worked at">Company Net</label>, <label type="Job Specific Skills">E-business</label> Team  <label type="Designation">PROJECT MANAGER</label> (<label type="Years of Experience">8/98 - 1/99</label>) <label type="Companies worked at">Company Net</label>, Internet Development Team  Directed full project life cycle of e-business solutions for Fortune 100 and 500 companies encompassing presales analysis, sales, post-sales support, relationship management, project scheduling, and resource allocation  and utilization. Managed project team comprised of one team leader and 11 developers/ support engineers  charged with developing e-business solutions with <label type="Tech Tools">SQL Server 7</label>, <label type="Tech Tools">VBScript</label>, <label type="Tech Tools">JavaScript</label>, <label type="Tech Tools">HTML</label>, <label type="Tech Tools">Visio 2000</label>,  and <label type="Tech Tools">visual Studio</label> 6 technologies.  Select Achievements  Led design, development, and deployment of e-business solutions for contract management processbusiness requirements, technical specifications, testing, delivery, user acceptance.  Increased client-base for e-business team by 30% in one year. Served as end-to-end consultant for  Fortune 500 customer-delivering e-business consultancy for <label type="Companies worked at">Castrol Marine</label> customers.  EARLY CAREER  Advanced through <label type="Job Specific Skills">personnel management</label>, <label type="Job Specific Skills">campaign management</label>, <label type="Job Specific Skills">web development</label>, and <label type="Job Specific Skills">sales</label> positions over  a variety of disciplines while completing undergraduate and graduate degree studies, including six years\'  service with the <label type="Companies worked at">Royal Air Force</label>.    EDUCATION &amp; CREDENTIALS  <label type="Degree">Master\'s Program in Information Systems</label>  <label type="College Name">University of Dundee</label>, <label type="Location">Dundee, UK</label>    <label type="Degree">BS - Behavioral Science</label>  <label type="College Name">University of Glamorgan</label>, <label type="Location">Treforest, Wales, UK</label>    Exchange Program - Dean\'s List  <label type="College Name">Central Missouri State University</label>, <label type="Location">Warrensburg, MO</label>  Associate Degree-Information TechnologyBridgend  College of Further Education, Brigend, UK    Associate Degree-Business &amp; Finance    Barry College of Further Education, Barry, UK    Certified Pricing Professional  Professional Pricing Society, Marietta, GA"
</cv>
