<?xml version="1.0" encoding="UTF-8"?>
<cv>
"Example 1 - Traditional CV - School leaver  CURRICULUM VITAE  NAME:    <label type="Name">Louie Koelpin</label>    ADDRESS:    11 Beech Road, Sale, <label type="Location">Manchester</label> M21 4bs    TELEPHONE:    0123 456789    DATE OF BIRTH:    10 May 1985    EDUCATION:    Sale High School 2002 - 2007    QUALIFICATIONS: <label type="Graduation Year">June 2000</label>    <label type="Degree">GNVQ Intermediate Part One  (Hospitality and Catering)</label>    Merit    June 2000    GCSE Mathematics  GCSE English  GCSE Welsh  GCSE Science (single award)  GCSE Religious Studies    Grade D  Grade C  Grade E  Grade D  Grade E    <label type="Years of Experience">July 1999</label>    <label type="Companies worked at">Hair and Beauty</label>, High Street, <label type="Location">Piccadilly</label>: Two  weeks work experience. Meeting and greeting  customers served customers and cleaned.    <label type="Years of Experience">1997   1999</label>    Member of school functions catering team:  helped Home Economics teacher prepare and  serve food and drink for parents evenings  and governors meetings for two years.    WORK  EXPERIENCE:    SKILLS AND  PERSONAL  QUALITIES:    INTERESTS:    \xe2\x80\xa2    <label type="Soft Skills">Hard working</label> and <label type="Soft Skills">reliable</label>  Always on time for school  Good attendance record  <label type="Soft Skills">Cheerful</label> and work well with others  Keen and enthusiastic  Genuine interest in <label type="Job Specific Skills">catering</label>  Some basic <label type="Job Specific Skills">food preparation</label> skills from GNVQ  course  Willing to train and gain further qualifications    \xe2\x80\xa2  \xe2\x80\xa2    Netball  Music    \xe2\x80\xa2  \xe2\x80\xa2  \xe2\x80\xa2  \xe2\x80\xa2  \xe2\x80\xa2  \xe2\x80\xa2  \xe2\x80\xa2    OTHER  INFORMATION:    St John <label type="Degree">Ambulance First Aid Certificate</label>    REFEREES:    Miss R Williams  Head of Home Economics  Sale High School  Park Road  Sale  M21 2PR  <label type="Name">Louie Koelpin</label>  <label type="Companies worked at">Hair and Beauty</label>  High Street  Piccadilly  M13 3OP    Example 2 - Personal Profile CV - Young Job Seeker  CURRICULUM VITAE  Name:    <label type="Name">Louie Koelpin</label>    Address:    16 George Street, Longsight, <label type="Location">Manchester</label> LL4 8HL    Telephone:    0123 456789    E-mail:    <label type="Email Address">iRuecker@yahoo.com</label>    Date of birth:    12 February 1985    Personal Profile    \xe2\x80\xa2  \xe2\x80\xa2    \xe2\x80\xa2  \xe2\x80\xa2    I am a young and <label type="Soft Skills">energetic</label> <label type="Designation">sales assistant</label> with <label type="Years of Experience">two years experience</label> in a  large, computer retail store.  I am an <label type="Soft Skills">effective communicator</label> with strong <label type="Soft Skills">customer care skills</label> and a  successful sales record. During the past two years I have twice won the  regional \xe2\x80\x98sales assistant of the month award for exceeding sales targets  and for receiving positive customer feedback.  I have an excellent knowledge of current <label type="Job Specific Skills">entertainment software</label> particularly  <label type="Job Specific Skills">computer games</label>.  For the last six months I have been acting team leader in the computer  games software section, responsible for organising and supervising the  work of two part-time members of staff and one trainee. During this period  the section has increased sales by thirty per cent.    Qualifications    \xe2\x80\xa2  \xe2\x80\xa2  \xe2\x80\xa2    <label type="Degree">NVQ 3 in Retailing</label>  <label type="Degree">GNVQ Advanced Information Technology</label> (Pass)  GCSEs in English (C), maths (C), science (C), computer studies (B), French  (D) and history (D)    Education    \xe2\x80\xa2  \xe2\x80\xa2    <label type="College Name">Longsight College</label> of Further Education 2002 - 2004  Longsight Comprehensive School 1997  2002    Employment and Work Experience  September <label type="Years of Experience">2004 to present</label>: <label type="Companies worked at">Modem World</label>, Longsight Shopping Mall  \xe2\x80\xa2  \xe2\x80\xa2  \xe2\x80\xa2    first year as <label type="Designation">trainee</label> with two months each in <label type="Job Specific Skills">hardware sales</label>, <label type="Job Specific Skills">software sales</label>,  <label type="Job Specific Skills">technical support</label>, <label type="Job Specific Skills">customer service</label> and <label type="Job Specific Skills">customer accounts</label> departments  second year as <label type="Designation">sales assistant</label> in software sales  last six months as acting team leader for computer games section    November 2003 to August 2004: FW Woolworths, High Street, Longsight  Part-time sales assistant on music counter.January 2002: PC Electronics,  Longsight Industrial Estate.  Two weeks work experience in quality control department.  Other Interests    \xe2\x80\xa2    Play drums in a band    References  Names and addresses of two referees are available on request."
</cv>
