<?xml version="1.0" encoding="UTF-8"?>
<cv>
"PROFESSIONAL RESUME  <label type="Name">Josefina Goyette</label>    <label type="Designation">Web and Application Developer</label>  (<label type="Tech Tools">PHP</label>/<label type="Tech Tools">MySQL</label>, <label type="Tech Tools">HTML</label>/<label type="Tech Tools">CSS</label>, <label type="Tech Tools">JavaScript</label>, <label type="Tech Tools">Joomla</label> Expert and <label type="Tech Tools">Java</label> <label type="Designation">Programmer</label>)  <label type="Location">New Delhi, Delhi  India</label>  110096    E-mail: <label type="Email Address">Zulauf.Hazel@fw.name</label>  Website: www.shivammaheshwari.com  Mobile: +91-1237456789  Address: 564, Solani Puram, Roorkee,  <label type="Location">Haridwar</label>, <label type="Location">Uttarakhand, India</label> - 247667    Objectives  To obtain a position where I can contribute, learn and develop into a complete professional while being an integral part of  the organizations growth.    Summary  <label type="Name">Josefina Goyette</label> is a <label type="Degree">B. Tech in Computer Science &amp; Engineering</label> from <label type="College Name">National Institute of Technology Raipur</label>.  During his college life he has worked on many freelance projects for clients based in <label type="Location">India</label> and <label type="Location">United Kingdom</label>. He has  served as a developer as well as Single Point of Contact for these clients.  He has also served as the <label type="Designation">President</label> of <label type="Companies worked at">Student Technical Committee</label> of his college and has played vital roles in  organizing colleges Technical and Science Festivals.  He joined <label type="Companies worked at">Sapient </label>in <label type="Years of Experience">July 2011</label> and has undergone TRM as well as Technical training. He has worked with AESO  (Alberta Electric System Operator) Account as a Shadow <label type="Designation">Trainee</label>.  He has also worked with <label type="Companies worked at">IndiaMART InterMESH Ltd.</label> as <label type="Designation">Team Lead</label> from <label type="Years of Experience">March 2013 to April 2013</label>. He successfully  developed and delivered a new and improved version of BizTradeShows.com, worlds largest platform for Trade Shows  and Conferences.  He joined <label type="Companies worked at">OptimusInnovations Internet Labs</label> in <label type="Years of Experience">August 2012</label> and is currently working as a <label type="Designation">Team Lead</label>.    Work Experience  \xef\x83\x98    \xef\x83\x98    <label type="Companies worked at">OptimusInnovations Internet Labs</label>, <label type="Location">Noida</label>. <label type="Location">Uttar Pradesh</label>, <label type="Designation">India  Team Lead</label> [<label type="Years of Experience">August 2012 to present</label>]  Working as <label type="Designation">Team Lead</label> and responsible for all Internet Operations within the organization starting from Web Development to  Social Media Marketing. Some of the projects undertaken:  www.spendmylikes.com    www.diljewels.com    www.saacademy.in    www.jjbakers.com    www.kronelevators.com    www.rockmysales.com    www.theosfood.com    www.architectsdwg.com    www.travelchhattisgarh.com    www.trustedwholesalers.com    www.erisports.com    www.ilocality.com.au    www.ikaf.com.au    www.reerate.org    www.prankjeans.com    www.kavyaart.com    www.daisun.com    www.gearsenergy.com    Beyond Education, <label type="Location">London, United Kingdom</label>    <label type="Designation">Developer</label>  <label type="Companies worked at">Innovate My School</label> [<label type="Years of Experience">September 2009 to present</label> (Freelance Project)]  It is a directory listing website focusing on products and services that make a schools administrations work easier.  \xef\x81\xbd Developed in <label type="Tech Tools">PHP</label> / <label type="Tech Tools">MySQL</label> using <label type="Tech Tools">Joomla</label>! <label type="Tech Tools">CMS</label>.  \xef\x81\xbd Blend of various custom <label type="Tech Tools">Joomla! Extensions</label>.  \xef\x81\xbd Involved <label type="Job Specific Skills">UI Design</label> and <label type="Tech Tools">HTML</label>/<label type="Tech Tools">CSS</label> implementation  \xef\x81\xbd The project is live at www.innovatemyschool.com    Page 1    \xef\x83\x98    Tech4All Society, <label type="Location">Raipur, Chhattisgarh, India</label>    \xef\x83\x98    <label type="Companies worked at">IndiaMART InterMESH Ltd.</label> (BizTradeShows division), <label type="Location">Noida. Uttar Pradesh</label>, <label type="Designation">India  Team Lead</label> [<label type="Years of Experience">March 2013 to April 2013</label> (Contract Position)]  Worked as Team Lead and successfully delivered the v2 of BizTradeShows.com, worlds largest platform for Trade Shows  and Conferences.    \xef\x83\x98    <label type="Companies worked at">Sapient Consulting Pvt. Ltd.</label> (Global Markets division), <label type="Location">Gurgaon, Haryana, India</label>    <label type="Designation">Founder</label> / <label type="Designation">Head Administration</label> [<label type="Years of Experience">September 2007 to present</label> (<label type="Companies worked at">Non-Profit-Organization</label>)]  It is a Non-Profit Organization registered under The Indian Trusts Act, 1882, working for technical awareness and welfare of  Students, Faculty, Enthusiasts and Hobbyists alike.  \xef\x81\xbd <label type="Designation">Lead developer</label> / maintainer of the official website  \xef\x81\xbd <label type="Designation">Head Administration</label> and <label type="Designation">Client Interaction    Associate</label> Technology [<label type="Years of Experience">July 2011 to August 2012</label>]  Undergone a 6 months Technical plus Trading and Risk Management (TRM) training which includes:  \xef\x81\xbd Technical (Java and J2EE) &amp; TRM training (3 month)  \xef\x81\xbd Mock Project (3 weeks)  \xef\x81\xbd Shadow Project (12 weeks)  AESO Account  \xef\x81\xbd Got 4/5 Marks in overall Training and Shadow Assessment.  \xef\x81\xbd Worked in AESO Account and EGL Account past the shadow period.    \xef\x83\x98    <label type="College Name">National Institute of Technology Raipur</label>, <label type="Location">Raipur, Chhattisgarh, India</label>  <label type="Designation">Developer</label>  Student Marksheet Generator [<label type="Years of Experience">July 2010 to January 2011 </label>(Freelance Project)]  Student Marksheet Generator is an in-house solution to generate the End Semester Marksheets of Students of NIT Raipur  \xef\x81\xbd Developed in <label type="Tech Tools">PHP</label> / <label type="Tech Tools">MySQL</label>.  \xef\x81\xbd Involved complex <label type="Job Specific Skills">application logic</label>, <label type="Job Specific Skills">UI Design</label> and <label type="Tech Tools">HTML</label>/<label type="Tech Tools">CSS</label> implementation  \xef\x81\xbd PDF generation and printing of Marksheets  \xef\x81\xbd The project is in use by Examination Cell, NIT Raipur    \xef\x83\x98    <label type="Companies worked at">Asahi India Glass Limited (AIS)</label> &amp; Accenture, India    \xef\x83\x98    <label type="Companies worked at">The TechnoCracy</label> (Student Technical Committee), NIT Raipur, <label type="Location">Raipur, Chhattisgarh, India</label>  <label type="Designation">Developer  Official Website &amp; Web Portal </label>[<label type="Years of Experience">July 2009 to September 2009</label>]  The official website for The TechnoCracy, NIT Raipur (Student Technical Committee, NIT Raipur) was created using the  <label type="Tech Tools">Joomla! CMS</label>. It features a unique ""techno"" inspired design and lot\'s of custom extensions.  \xef\x81\xbd Developed in <label type="Tech Tools">PHP</label> / <label type="Tech Tools">MySQL</label> using <label type="Tech Tools">Joomla</label>! CMS.  \xef\x81\xbd Blend of various custom Joomla! Extensions.  \xef\x81\xbd The project is live at www.technocracynitrr.com    Developer  AIS InfoBoard [May 2010 to July 2010 (Freelance Project)]  It is a Touch Screen Notice Board cum online portal for Asahi India Glass Ltd. and Accenture.  \xef\x81\xbd Developed in PHP / MySQL using Joomla! CMS.  \xef\x81\xbd Involved complex JavaScript and AJAX Logic  \xef\x81\xbd Involved UI Design and HTML/CSS implementation  \xef\x81\xbd Live at 14 Glass Plants of AIS and accessible on companys intranet.    Page 2    Education  Examination/Degree    Institution    Year of Pass-out    <label type="Degree">Bachelor of Technology (Computer Science)</label>    <label type="College Name">National Institute of Technology Raipur</label>    <label type="Graduation Year">2011</label>    Central Board of Secondary Education (12th)    St. Gabriels Academy, Roorkee    2007    Central Board of Secondary Education (10th)    St. Gabriels Academy, Roorkee    2005    Technical Skills  \xef\x81\xbd  \xef\x81\xbd  \xef\x81\xbd  \xef\x81\xbd  \xef\x81\xbd  \xef\x81\xbd  \xef\x81\xbd    \xef\x81\xbd  \xef\x81\xbd  \xef\x81\xbd    Scripting Languages: PHP, JavaScript (DOM Scripting, jQuery JavaScript library)  Database Management Systems: MySQL, Oracle.  Programming Languages: Assembly Language, C, C++, Java [Core, JEE, Spring, Hibernate, Struts, Java Messaging Service  (JMS), Apache Tiles, JAXP, JAXB and Dozer Frameworks &amp; APIs].  Others: HTML, CSS, XML and XML Validation, JSON, AJAX.  Frameworks: MVC Framework Architecture, CodeIgniter, Smarty Template Engine, Joomla MVC Framework, Gantry Template  Framework  Content Management Systems: Joomla!, Wordpress and Drupal.  Operating Systems: Microsoft Windows: 95, 98, XP, Server 2003, Vista, 7 and 8.  Linux: Debian based GNOME environments like Ubuntu and its variants.  Familiar Mobile OS: Googles Android, Apples iOS, Nokia Symbian, Blackberry and Samsung bada,  Windows Mobile 6 and 7.  Web Services and API (Rest and Soap): Facebooks Open Graph (PHP and JavaScript SDKs); Twitters API for Developers.  Mobile Apps: Mobile apps development for iOS, Android, Blackberry, Windows Phone and Symbian using PhoneGap API.  Other Embedded Platforms: Atmel AVR Microcontroller based Development Boards.    Areas of Interest  \xef\x81\xbd  \xef\x81\xbd  \xef\x81\xbd    Building websites and applications using Joomla CMS.  Web-development in PHP / MySQL, HTML and CSS.  Programming in Java.    Training / Workshops attended  \xef\x81\xbd  \xef\x81\xbd  \xef\x81\xbd  \xef\x81\xbd  \xef\x81\xbd  \xef\x81\xbd    3 Months Training on Java and ETRM Concepts at Sapient <label type="Companies worked at">Consulting Pvt. Ltd</label>. [Sapient] (11th July 2011  11th October 2011)  45 Days Training at IT Department of Ashai India Glass Ltd. [AIS] (17th May  2nd July, 2010)  4 Weeks Training in \xe2\x80\x9cJ2EE\xe2\x80\x9d at Cetpa Infotech Private Limited [CIPL] (20th May  16th June, 2009)  2 Days Workshop on \xe2\x80\x9cSemi-Autonomous Robotics\xe2\x80\x9d by MITBOTS, an IITD Alumni initiative at Raipur (22nd  23rd March, 2010)  7 Days Workshop on \xe2\x80\x9cIntelligent Systems and Robotics\xe2\x80\x9d by NextSapiens at New Delhi (14th  20th June, 2008)  2 Days Workshop on \xe2\x80\x9cManual Robotics\xe2\x80\x9d [roboTRIx] at IIT Bombay, Mumbai (13th  14th October, 2007)    Academic Projects undertaken  \xef\x81\xbd  \xef\x81\xbd  \xef\x81\xbd  \xef\x81\xbd    Major &amp; Minor Project: iSocial : Social Network with privacy concerns in PHP and MySQL and Mobile Applications for Android  and other Phones (in J2ME) enabling users to access the Social Network.  Project: Home Automation System using AVR Microcontroller, 6th Semester.  Project: Web Application Development and Content Construction Kit in J2EE, 5th Semester.  School Project: Software Prototype for LIC of India in C++, 12th Major Project.    Extra Curricular Activities / Achievements  \xef\x81\xbd  \xef\x81\xbd  \xef\x81\xbd    Facilitated a Training Series on Web Development in PHP/MySQL at <label type="Companies worked at">Miracle Technologies</label>, September - November 2013.  Developed an API based MVC framework to allow multiple platform independent clients to communicate with a single  database using method independent calls using REST, GET, POST etc.  Facilitated a Training Workshop Series on Web Development in PHP/MySQL at OptimusInnovations Internet Labs,  December 2012 to May 2013.    Page 3    \xef\x81\xbd  \xef\x81\xbd  \xef\x81\xbd  \xef\x81\xbd  \xef\x81\xbd  \xef\x81\xbd  \xef\x81\xbd  \xef\x81\xbd  \xef\x81\xbd  \xef\x81\xbd  \xef\x81\xbd  \xef\x81\xbd  \xef\x81\xbd  \xef\x81\xbd  \xef\x81\xbd  \xef\x81\xbd    Facilitated a Guest Lecture on Blogging with Wordpress at <label type="Companies worked at">Sapient Consulting Pvt. Ltd.</label>, March 2012.  Received a ranking of 4/5 for both Training and Shadow Assignment at <label type="Companies worked at">Sapient Consulting Pvt. Ltd.</label>, 1st February, 2012.  Facilitated a Guest Lecture on Building Websites with Joomla! CMS at Sapient Consulting Pvt. Ltd., January 2012.  Facilitated a Training Session on XML, XML Validation and Parsing in Java at Sapient Consulting Pvt. Ltd., December, 2011.  President, \xe2\x80\x9cThe TechnoCracy\xe2\x80\x9d (Student Technical Committee), NIT Raipur  Organizer, \xe2\x80\x9cAavartan\xe2\x80\x9d (the Annual Science and Technological Exhibition), NIT Raipur from 1st February - 12th March, 2011.  Organizer, \xe2\x80\x9cEclectika11"" (the Annual Techno-Cultural Festival), NIT Raipur from 12th - 14th March, 2011.  Organizer, \xe2\x80\x9cEclectika10\xe2\x80\x9d (the Annual Techno-Cultural Festival), NIT Raipur from 20th - 21st March, 2010.  Secured 1st Position in Robotics Competition organized by MITBOTS on 23rd March, 2010.  Coordinator, Eclectika09 (the Annual Techno-Cultural Festival), NIT Raipur on 21st March, 2009.  Finalist in \xe2\x80\x9cTerra Ranger\xe2\x80\x9d, a robotics event held during Kshitij 2008 at IIT Kharagpur.  Finalist in \xe2\x80\x9cOn Spot Robotics (Manual)\xe2\x80\x9d held during Kshitij 2008 at IIT Kharagpur.  Secured 3rd Position in \xe2\x80\x9cRoboRace\xe2\x80\x9d, a robotics event held in Udbhav 2008 at NIT Raipur.  Participated in many other Robotics competitions at IIT Mumbai, IIT Kharagpur, VNIT Nagpur and NIT Raipur.  CADET at 84 UA Battalion NCC Roorkee (Certificate A) from 1st August 2002 - 6th August 2004.  Attended National Cadet Corps Camp at Gurukul Narsan from 1st  10th September, 2003.    Strengths  \xef\x81\xbd  \xef\x81\xbd  \xef\x81\xbd    Ability to adapt to different working atmospheres and flexibility in nature.  Hardworking, dedicated and confident in achieving goals.  Loyalty and Excellent Communication skills.    Hobbies and Interests  \xef\x81\xbd  \xef\x81\xbd  \xef\x81\xbd  \xef\x81\xbd    Developing my Hardware and Software skills.  Contributing to web-development based open-source projects.  Making quality circle.  Playing Football, Badminton and Table Tennis, travelling and exploring new places.    Personal Details  \xef\x81\xbd  \xef\x81\xbd  \xef\x81\xbd  \xef\x81\xbd  \xef\x81\xbd  \xef\x81\xbd    Fathers Name: Mr. Shailendra Maheshwari  Mothers Name: Mrs. Poonam Maheshwari  Date of Birth: 3rd May 1989  Gender: Male  Nationality: Indian  Languages: <label type="Soft Skills">English</label> and <label type="Soft Skills">Hindi</label>    Declaration  I hereby declare that the above mentioned information is true to the best of my knowledge and belief.  Date: 8th November 2013  Place: New Delhi    <label type="Name">Josefina Goyette</label>    Page 4"
</cv>
