<?xml version="1.0" encoding="UTF-8"?>
<cv>
<label type="Name">Jeremy Wisoky</label>
<label type="Designation">Associate network engineer</label> - <label type="Companies worked at">TATA Communications Ltd</label>

<label type="Location">Muzaffarpur, Bihar</label> - Email me on Indeed: <label type="Email Address">Laraine08@gi.io</label>

<label type="Degree">Cisco Certified Internetwork Associate in Routing &amp; Switching</label> with progressive experience in
<label type="Job Specific Skills">deployment and administration of Network infrastructure</label>. I am looking for opportunities to further
improve my abilities &amp; skills in the field of <label type="Job Specific Skills">Network and Security technologies</label>.

➢ Professional <label type="Years of Experience">2.5 years</label> of experience in <label type="Job Specific Skills">network Implementation</label> &amp; <label type="Job Specific Skills">Troubleshooting</label> in local and
remote environments.
➢ Well accented with the key IT skills in the domain of <label type="Tech Tools">LAN</label>/<label type="Tech Tools">WAN</label>/<label type="Job Specific Skills">Network Security</label>, installation &amp;
configuration of IT networks, maintenance &amp; troubleshooting.
➢ Potential of handling multiple tasks easily and capable of meeting deadlines.
➢ Possess excellent <label type="Soft Skills">interpersonal</label> <label type="Soft Skills">communications</label> and <label type="Soft Skills">organizational</label> skills.

WORK EXPERIENCE

<label type="Designation">Associate network engineer</label>

<label type="Companies worked at">TATA Communications Ltd</label> -  <label type="Location">Pune, Maharashtra</label> -

<label type="Years of Experience">March 2017 to Present</label>

Department: CMIP (IP Provisioning)

Responsibilities:-
➢ Working on Alcatel Migration project for Tata Communications Ltd, responsible for provisioning
and migrating customer services from Cisco (7200/7600) /Juniper (MX104) to Alcatel provider
edge router (SR 7750)
➢ To carry out bulk migration and planned events of enterprise customers to enhance the network
capabilities and compatibilities for new technologies.
➢ Responsible for carrying domestic as well as international customer services migration
activities in bulk. Involving all other stakeholders responsible for end to end delivery of customer
services, to carry the successful migration.
➢ Parenting existing business switch ring with Alcatel Routers in combination with cisco routers
with the help of field Engineers and synchronizing vlan database on each switch.
➢ Shut the interface and protocol on Cisco Routers and un-shut the interface on Alcatel routers
during Migration activity.
➢ Comparing the results of pre-check and post-checks and revert the links to cisco that are not
coming Up on Alcatel or not compatible with cisco i.e. EIGRP.
➢ Troubleshooting and resolving the customer issues related to either at routing level such as
EIGRP, OSPF, BGP, MPLS or at access level Post migration activity.
➢ Troubleshooting and managing LAN-to-LAN VPN on cisco router.
➢ Troubleshooting and managing GRE Tunnel on services Getaway.
➢ Configuration on cisco, juniper, Huawei switch creation Ether channel, VLAN, MSTP, QNQ,
Dot1Q etc.
➢ Configuring and managing SVI interface on a Layer3 switch to provide inter VLAN routing.
➢ Configuration Line VTY on customer CISCO router.

https://www.indeed.com/r/jeremy-wisoky


➢ Configuration port security on customer hand up switch port.
➢ Troubleshooting end user network connectivity issue.
➢ Performing technical escalations in line with company policy.
➢ Accountable for customer review meetings weekly basis &amp; giving feedback to the subordinate
team and Management.
➢ Responsible for any internal or external escalation (Customer's End)
➢ Focus on customer requirements and providing them strategic plans for backups, redundancies
and minimum downtimes under severe outages.

<label type="Designation">Network engineer</label>

<label type="Companies worked at">Cisco</label> -  <label type="Location">Mumbai, Maharashtra</label> -

<label type="Years of Experience">August 2015 to February 2017</label>

Responsibilities/Achievement
➢ Experience in configuring and troubleshooting of routing protocols and Firewalls
➢ Backing up and Upgrading software on Cisco router, switches using TFTP server
➢ Troubleshooting end user network connectivity issue
➢ Experience in installing and configuring DHCP services on Cisco Router and Switch.
➢ Configuring and troubleshooting Ether channel/Port-channel issue
➢ Configuring and troubleshooting VLAN, VTP and STP.
➢ Configuring and managing BPDU guard and Filter on a switch
➢ Providing port security on switch interface
➢ Dealing with Dynamic routing protocol Such as EIGRP, OSPF and BGP
➢ Configuring and managing SVI interface on a Layer3 switch to provide inter VLAN routing
➢ Worked on networks with WAN protocols such as HDLC and PPP.
➢ Worked on Gateway Redundancy protocols such as HSRP on Cisco Router.
➢ Implemented traffic filters using Standard and Extended access-lists, Distribute-Lists, and
Route Maps.
➢ Installation, upgradation, Backup and restoration of checkpoint firewall
➢ Implemented rules, NAT, URL filtering on checkpoint firewall.
➢ Configuring and managing Rules and NAT on firewalls.

EDUCATION

<label type="Degree">Bachelor of Commerce</label> in <label type="College Name">Commerce

R.D.S COLLEGE</label> -  <label type="Location">Bihar Sharif, Bihar</label>

<label type="Graduation Year">July 2013</label>

<label type="Degree">H.S.C</label>

<label type="College Name">Dr. R.M.L.S COLLEGE</label> -  <label type="Location">Bihar Sharif, Bihar</label>

<label type="Graduation Year">2009</label>

<label type="Degree">S.S.C</label> in <label type="College Name">G.N.H.S

Bihar School</label> Examination Board -  <label type="Location">Patna, Bihar</label>



<label type="Graduation Year">2007</label>

SKILLS

<label type="Job Specific Skills">BGP</label> (2 years), <label type="Job Specific Skills">EIGRP</label>. (2 years), <label type="Job Specific Skills">OSPF</label> (2 years), <label type="Job Specific Skills">security</label> (2 years), <label type="Job Specific Skills">vlan</label> (2 years)

ADDITIONAL INFORMATION

Technical Skills

Network
➢ <label type="Job Specific Skills">Switching</label>: <label type="Tech Tools">CST</label>, <label type="Tech Tools">PVST</label>,<label type="Tech Tools"> PVST+</label>, <label type="Tech Tools">RSTP</label> and <label type="Tech Tools">MST</label>, <label type="Tech Tools">VLAN</label>,<label type="Tech Tools"> Private VLAN</label>, <label type="Tech Tools">Trucking</label>, Inter-VLAN Routing,
SPAN/RSPAN, Ether channel or Port Bundling using static and dynamic protocol (PAgP and LACP)
➢ FHRP: HSRP (V1 &amp; V2), VRRP and GLBP.
➢ <label type="Job Specific Skills">Routing</label>: Configuration and <label type="Job Specific Skills">Troubleshooting</label> Layer 3 Routing protocols such as Static routing,
floating routing, RIP, EIGRP, OSPF, BGP, VRF-Lite and MPLS.

<label type="Job Specific Skills">Data Security</label>
➢ <label type="Job Specific Skills">Checkpoint Firewall</label>: <label type="Tech Tools">FW Monitor</label>, <label type="Tech Tools">TCP-Dumps</label>, Rules, NAT, IPsec VPN, Backup &amp; Restore, URL
filtering, Installation, Migration, Upgradation, ClusterXL etc.
➢ <label type="Job Specific Skills">ASA Firewall</label>: Access Control Lists with object, Address Translation, IPsec VPN, LAN-to-LAN VPN,
High Availability in Active-Active &amp; Active-Standby Mode, Redundant interface, SLA Monitoring,
Security Contexts.
➢ <label type="Tech Tools">IOS Firewall</label>: Standard and extended access list and Zone Based Firewall (ZBF), DMVPN, IPsec,
IPsec over GRE.

Services
➢ Services: ARP, GARP, RARP, DNS, DHCP, FTP, TFTP, TCP, ICMP, TELNET, SSH, HTTP, HTTPS. IP
SLA, NTP, SNMP

Areas of Interest

➢ To perform troubleshooting and network performance planning.
➢ To implement <label type="Job Specific Skills">enterprise level network architectures</label>.
</cv>
