<?xml version="1.0" encoding="UTF-8"?>
<cv>
"RESUME OF <label type="Name">Darell Cormier</label>  <label type="Location">LOS ANGELES</label>  <label type="Email Address">Winter.Treutel@gmail.com</label>    JOB OBJECTIVES  <label type="Designation">Developer</label> / <label type="Designation">Software Architect</label>  Roles that utilize <label type="Tech Tools">Android</label>, <label type="Tech Tools">Flash</label>, <label type="Tech Tools">Flex</label> environments    SKILLS  Very Proficient  <label type="Tech Tools">Android</label>    <label type="Years of Experience">2+ years    Architect</label>    6 years    <label type="Tech Tools">Flex</label>    4 years    <label type="Tech Tools">Flash</label>    9 years    <label type="Tech Tools">Actionscript</label>    9 years    <label type="Tech Tools">PHP</label>    9 years    <label type="Tech Tools">mySQL</label>    9 years    <label type="Tech Tools">OOP</label>    5 years    <label type="Tech Tools">XML</label>    8 years    <label type="Job Specific Skills">Unit Testing</label>    2 years    <label type="Tech Tools">UML</label>    4 years    <label type="Job Specific Skills">Database Schema</label>    3 years    Proficient  <label type="Tech Tools">AMF</label>    4 years    <label type="Tech Tools">Terminal</label>/<label type="Tech Tools">Bash</label>  <label type="Tech Tools">LAMP</label> Admin    3 years  3 years    <label type="Tech Tools">HTML</label>    8 years    <label type="Tech Tools">CSS</label>    8 years    <label type="Tech Tools">Javascript</label>    6 years    Experienced  <label type="Job Specific Skills">Shell Scripting</label>    1 years    <label type="Tech Tools">Java</label> <label type="Tech Tools">Swing</label>    1 years    <label type="Tech Tools">Java Hibernate</label>    1 years    <label type="Tech Tools">Perl</label>    1 years    <label type="Job Specific Skills">Network Security</label> 1 years  ANT    1 years    S AMPLE WORKS  Portfolio - www.therealjoshua.com    Opening Act  Android App      URL: https://play.google.com/store/apps/details?id=com.eonline.openingact        Role: <label type="Designation">Lead Android developer</label>, <label type="Designation">architect</label>. Worked with a team to produce a cross platform experience        Summary: The app provides a backstage look at the featured TV show. During a live TV show, a user  can see \xe2\x80\x9csecond screen\xe2\x80\x9d information about the scenes and view a live twitter stream. These \xe2\x80\x9clive\xe2\x80\x9d  performances can be delayed and shown again at later times. Some of the APIs I used in this app are  Twitter, Tomorrowish, Facebook, Rhythm, Google Analytics, and Comscore.    Out My Window  Google TV App      URL: https://play.google.com/store/apps/details?id=com.outmywindow.android.gtv        Role: Sole <label type="Designation">Android developer</label> within a larger team of designers, PAs, and directors.        Summary: This social photo sharing app has some cool features of  o    Multi-threaded using a recycling pool    o    Layouts are dynamic and random built using OO Factories    o    Image caching system    o    Push notifications    o    I18n    o    MVC with a front controller for all network calls    Grammys  Android App      URL: https://play.google.com/store/apps/details?id=com.grammys.android        Role: Within the team was responsible for the <label type="Job Specific Skills">Android business logic</label>,<label type="Job Specific Skills"> Twitter &amp; Facebook integration</label>,  and <label type="Job Specific Skills">multi-threading approach</label>.    Do Not Disturb  Android App      URL: https://market.android.com/details?id=com.musselwhizzle.dnd.pro        Role: I architected and wrote the java code and created the UI. A designer provided the graphics.        Summary: A time-based call screener that has a simple UI and is easy to use. The app makes use of  sqlite, Alarm Manager, Broadcasters, Receivers, Services, Telephony, SMS, supports 5 languages and  multiple screen sizes.    Zizilio  Android App      URL: https://market.android.com/details?id=com.zizilio.android.pua        Role: Architected both <label type="Tech Tools">Android</label> &amp; <label type="Tech Tools">PHP</label>, <label type="Tech Tools">Android</label>/<label type="Tech Tools">Java</label>, <label type="Tech Tools">Android UI</label>, <label type="Tech Tools">PHP</label>, <label type="Tech Tools">mySQL</label> databases, <label type="Tech Tools">Rest APIs</label>.        Summary: A tool for learning social openers, the community provides the openers and monitors them  by ratings good ones and flagging poor ones. Users are able to scroll threw a list of the openers and  add any to a favorites list.  I wrote the backend <label type="Tech Tools">PHP</label> using a <label type="Tech Tools">RESTful</label> style modeled after Flickr. The Android app uses Parcelable,  Web Services, Google Tracking, Mobfox/AdMod, Multi-threading, sqlite and is fully unit tested.    Flash Factory - www.flashfactory.com      URL Sample: http://www.flashfactory.com/flash-website-builder/ui/25        Role: <label type="Designation">Architect</label>, <label type="Designation">Leader Developer</label> Flash/Flex/PHP, LAMP Admin.        Summary: Flash Factory is do-it-yourself website builder for the common non-tech savvy person.  During my 4 years there I built a Flash library that other people used to create templates, worked on a  Flex CMS that is used to edit the Flash templates live, and refactored the entire <label type="Tech Tools">PHP</label> backend and  <label type="Tech Tools">mySQL</label> databases. My responsibilities also included managing a <label type="Tech Tools">LAMP</label> system of 5 clustered servers.    Video Player      URL: www.myfilmis.com        Role: Built Flash Player that interfaces with the backend.        Summary: Just one of the many media products I have worked on. Past media projects include  break.com    Flash Audio Library      URL: www.digitmusic.net        Role: Built the Flash UI and a Flash backend for client        Summary: Flash audio player built for a client to showcase his music to the film industry. A film director  goes to the media player and by selecting certain genres is able to search for sound snips to purchase.    Others  I have worked on numerous other projects most of which cannot be showcased. Past clients include  Warner Bros, CBS, Ebay, Jib Jab, The World Bank, and Arnold Schwarzenegger working on interactive  content, e-learning modules, and various other items.    CODE S AMPLES    Android application, MVC  www.therealjoshua.com/2011/11/android-architecture-part-1-intro/  Flex application, MVC  www.therealjoshua.com/code/flex/calico/  PHP application, DAO RESTful based.  www.therealjoshua.com/code/php/pua/    E D U C AT IO N  <label type="Degree">Doctorate of Musical Arts</label> (<label type="Graduation Year">2005-2007</label>)  <label type="College Name">University of Colorado</label>  <label type="Location">Boulder, CO.</label>  On Hold.  <label type="Degree">Masters in Jazz Studies</label> (<label type="Graduation Year">2003-2004</label>)  <label type="College Name">University of the Arts  Philadelphia</label>, <label type="Degree">PA  Bachelors in Music, Jazz Studies</label> (<label type="Graduation Year">1999-2003</label>)  <label type="College Name">West Virginia University</label>  <label type="Location">Morgantown, WV</label>  Cum Laude    WORK EXPERIENCE  December <label type="Years of Experience">2011 to July 2012</label>  <label type="Companies worked at">Trailer Park</label>, <label type="Location">Hollywood, California</label>.  <label type="Designation">Freelance Android Developer</label>.  Created several apps on phone and Google TV platforms. Worked with teams to meet the requirements.  <label type="Years of Experience">January 2007 to October 2011</label>  <label type="Companies worked at">Flash Factory</label>, <label type="Location">Burbank, California</label>.  <label type="Designation">Architect</label>, <label type="Designation">Lead Developer</label>.  <label type="Job Specific Skills">Lead development </label>on <label type="Tech Tools">Flex</label>, <label type="Tech Tools">Flash</label>, and <label type="Tech Tools">PHP</label> applications  Participate in key <label type="Job Specific Skills">business planning</label> for company products and tools  <label type="Years of Experience">2002 to present</label>  <label type="Designation">Freelance Developer</label>, <label type="Location">Los Angeles</label>.  Freelance and contract work on various <label type="Tech Tools">Android</label>, <label type="Tech Tools">Flex</label>, <label type="Tech Tools">Flash</label>, <label type="Tech Tools">PHP</label> projects    Non-Tech  <label type="Years of Experience">2004 to 2005</label>  <label type="Designation">Adjunct Instructor</label>, <label type="College Name">West Virginia University</label>  Lead the jazz program directing ensembles, teach classes and private lessons.  <label type="Years of Experience">2004 to 2005</label>  <label type="Designation">Adjunct Instructor</label>, <label type="College Name">Alderson-Broaddus College</label>  Lead the classical saxophone program directing ensembles, teach classes and private lessons.  2002  Carnival Cruise Lines  Musician in the swing/dance/jazz ensemble.  <label type="Years of Experience">1999 to 2007</label>  <label type="Designation">Freelance musician</label>."
</cv>
