<?xml version="1.0" encoding="UTF-8"?>
<cv>
"<label type="Name">Lenna Orn</label>  1234, West 68 Street  <label type="Location">Carlisle, MA</label> 01741  Cell: (123)345 7890  Email: <label type="Email Address">Edgardo.Adams@hbak.info</label>  Career Objective:  To gain a position of a <label type="Designation">PHP programmer</label> in an IT company that can provide me an  opportunity to work on several projects for writing, testing, and debugging code and  help the websites operate flawlessly.  Summary of Skills:      <label type="Years of Experience">Five years of professional experience</label> as a <label type="Designation">PHP programmer</label>        Expertise in <label type="Job Specific Skills">networking protocols</label> and hardware <label type="Job Specific Skills">operating systems</label>        Excellent knowledge of <label type="Job Specific Skills">developing web services</label> and <label type="Job Specific Skills">relational databases</label>        Experience in <label type="Job Specific Skills">common third-party APIs</label>        Passionate about giving best design and following coding practices        Familiar with <label type="Job Specific Skills">web development</label> and <label type="Job Specific Skills">content management</label> systems        Good in managing time and organizing tasks        <label type="Soft Skills">Career oriented</label>, <label type="Soft Skills">hard working</label> and ability to handle multiple tasks        <label type="Soft Skills">Quick learner</label> and ability to learn new concepts    Technical Skills:      Extensive knowledge of <label type="Tech Tools">HTML</label>/<label type="Tech Tools">CSS</label>, <label type="Tech Tools">Unix</label>/ <label type="Tech Tools">Linux</label> platform, <label type="Tech Tools">PHP</label>{/ <label type="Tech Tools">MySQL</label>,  <label type="Tech Tools">jQuery</label>, <label type="Tech Tools">Apache Server</label>, <label type="Tech Tools">Ajax</label> and <label type="Tech Tools">Joomla</label>        Proficient in designing tools like <label type="Tech Tools">Apache Frontend Server</label>, <label type="Tech Tools">Microsoft Project</label>,  <label type="Tech Tools">UML</label>, <label type="Tech Tools">Dot Project</label>, <label type="Tech Tools">Visio 7.0</label> and <label type="Tech Tools">Rational Rose</label>        In-depth knowledge of programming like <label type="Tech Tools">Web logic</label>, <label type="Tech Tools">PHP</label> 4.0, 5.0, <label type="Tech Tools">PEAR</label>,  <label type="Tech Tools">XML</label>, <label type="Tech Tools">XSL</label>/ <label type="Tech Tools">XSLT</label>, <label type="Tech Tools">Expat</label>, <label type="Tech Tools">XMLLib</label>, <label type="Tech Tools">IIS5.0</label> and <label type="Tech Tools">Struts</label>    Education:  <label type="Degree">Bachelor's Degree in Computer Science</label>  <label type="College Name">My Dear Technical College</label>, <label type="Location">Carlisle, MA</label>  <label type="Graduation Year">2008</label>  Certification and Honors:  Certification <label type="Degree">Course in PHP Programming</label>  <label type="College Name">Matrix Technical Institute</label>, <label type="Location">Carlisle, MA</label>  <label type="Graduation Year">2009</label>  Work Experience:    <label type="Designation">PHP Programmer</label>  <label type="Companies worked at">Vulture Solutions Inc.</label>, <label type="Location">Carlisle, MA</label>  <label type="Years of Experience">2012 - present</label>      keeping track of website visits, updating new content displays on websites        Modifying and extending open source applications like <label type="Tech Tools">CMS</label> Made Simple,  <label type="Tech Tools">Joomla</label>, <label type="Tech Tools">Magento</label> and <label type="Tech Tools">SugarCRM</label>        Developing and creating <label type="Tech Tools">PHP</label> <label type="Tech Tools">MySQL</label> applications as per the specifications        Performing the responsibilities of implementing and hosting of systems on a  web server        Coordinating with team members in <label type="Job Specific Skills">developing database structure</label>        <label type="Job Specific Skills">Testing</label> and analyzing programming projects and reporting the same to the  programming manager    <label type="Designation">Java Programmer</label>  <label type="Companies worked at">Suzlon Software Services</label>, <label type="Location">Carlisle, MA</label>  <label type="Years of Experience">2009 - 2012</label>      Handled <label type="Tech Tools">PHP</label> backend development for dynamic database driven website        Implemented, prepared, executed and installed support to assure quality  system changes        Troubleshot problems with <label type="Tech Tools">PHP</label> and other web technologies        <label type="Job Specific Skills">Designed</label>, <label type="Job Specific Skills">developed</label>, <label type="Job Specific Skills">coded</label>, <label type="Job Specific Skills">tested</label> and <label type="Job Specific Skills">debugged</label> system requirements for  the purpose of conversions and development projects        Communicated with clients to meet up with their requirements        Performed other related tasks under the instructions of a <label type="Designation">senior PHP  programmer</label>    Reference:  <label type="Name">Lenna Orn</label>  <label type="Designation">Senior PHP Programmer</label>  <label type="Companies worked at">Vulture Solutions Inc.</label>  Cell: (123)345-7890  Email: <label type="Email Address">Edgardo.Adams@hbak.info</label>"
</cv>
