<?xml version="1.0" encoding="UTF-8"?>
<cv>
"<label type="Name">Antonio Lynch</label>  <label type="Email Address">Hackett.Ned@las.io</label> | http://www.snoize.com  LinkedIn | GitHub | Stack Overflow    SUMMARY    <label type="Designation">Senior/lead software engineer</label>, specializing in developing iOS and Mac apps, but curious about  everything.  I love <label type="Soft Skills">solving hard problems</label>, <label type="Soft Skills">learning new domains</label>, and creating big systems that are  manageable and amenable to change. In order to help my whole team succeed, I find and remove  obstacles, answer a lot of smart questions, and try to ask even more dumb questions.    EXPERIENCE  AND HISTORY    <label type="Designation">Software Engineer</label>, <label type="Companies worked at">Apple</label>  <label type="Years of Experience">August 2014</label> \xe2\x80\x94  Working on the UIKit team.  <label type="Designation">Staff Software Engineer</label>, <label type="Companies worked at">Twitter</label>  <label type="Years of Experience">July 2012</label> \xe2\x80\x94 <label type="Years of Experience">August 2014</label>  <label type="Designation">Lead engineer</label> on the <label type="Companies worked at">Twitter</label> Cards canvas team.  Cards are a way of attaching dynamic interactive content to tweets, based on a custom  markup language, with renderers integrated in the <label type="Tech Tools">iOS</label>, <label type="Tech Tools">Android</label>, and Web Twitter clients.  Cards can:  Present content like article summaries, photo galleries, and video players  Show customized ads to promote mobile apps, generate leads, and promote  products  Handle app ""deep links"", App Store integration, and install tracking  Present custom experiences for events like World Cup scores and Oscars polls  Allow third parties to integrate into Twitter  I started by implementing the cards renderer for iOS, then also took responsibility for the  markup language compiler in the backend, written in <label type="Tech Tools">Scala</label>.  Coordinated with the teams running the cards backend and publishing tools, and assisted  internal and third-party teams using and creating cards. Helped set our feature roadmap  and quarterly goals, planned new features, and wrote architecture documents for  engineers and execs.  <label type="Designation">Senior Software Engineer</label>, <label type="Companies worked at">Avatron Software</label>  <label type="Years of Experience">October 2011</label> \xe2\x80\x94 <label type="Years of Experience">July 2012</label>  Developed a new <label type="Tech Tools">iOS</label> / <label type="Tech Tools">Mac</label> remote access product, Air Login.  On the Mac, implemented a system-level coordination daemon, per-user screen capture  agent, and controller UI, all communicating via XPC. On iOS, prototyped the client app.  <label type="Designation">Senior Software Engineer</label>, <label type="Companies worked at">Apple</label>  <label type="Years of Experience">January 2003</label> \xe2\x80\x94 <label type="Years of Experience">April 2010</label>  Shipped several releases of Keynote, Pages, Numbers, and iWeb, on both Mac and iPad.  For iWork on iPad: Designed and implemented a Core Animation-based graphics and  interaction framework. On a tight schedule, we built a revolutionary touch-based UI,  pushing the limits of an untried OS and hardware, and shipped all three apps on time with    the first iPad.  For iWork and iWeb on Mac: Was lead engineer for our graphics framework, built on  OpenGL and Quartz. Designed and implemented new features, from high-level UI to lowlevel details, across the whole suite. While we were primarily responsible for graphics and  interaction, I also had a hand in text layout and rendering, <label type="Job Specific Skills">document storage</label>,  <label type="Job Specific Skills">import/export</label>, performance, and <label type="Tech Tools">HTML</label> widgets.  Led a team of three engineers. Wrote, triaged, analyzed, and fixed thousands of bug  reports. Ran daily scrum meetings, estimated schedules, planned feature sets for releases,  wrote prototypes and documentation, and filed for patents. Coordinated with design,  engineering, QA, product management, and marketing.  <label type="Designation">Senior Software Engineer</label>, <label type="Companies worked at">The Omni Group</label>  <label type="Years of Experience">April 1998</label> \xe2\x80\x94 <label type="Years of Experience">July 2001</label>  Worked on a variety of Mac OS X and WebObjects projects, for consulting clients and for  Omni directly.  Led development of a vertical-market store management app for Mac OS X, Salon  Transcripts.  Added features to, and fixed bugs in, the web browser OmniWeb (winner of two  Apple Design Awards in 2001).  For the online store of a major software company: cleaned up the architecture,  upgraded code to modern standards, and fixed bugs.  Wrote Mac OS X, Windows, and WebObjects applications that worked with  relational databases (Oracle, FrontBase, DB2, and Sybase).  <label type="Designation">Software Engineer</label>, <label type="Companies worked at">Edmark</label>  <label type="Years of Experience">January 1996</label> \xe2\x80\x94 <label type="Years of Experience">April 1998</label>  Developed and shipped 3 original multimedia education titles for <label type="Tech Tools">Mac</label> and <label type="Tech Tools">PC</label>, using <label type="Tech Tools">C++</label>  and in-house cross-platform libraries. Also developed a prototype implementation of a  ""kid safe"" web browser for the Mac, using custom code on top of Internet Explorer.  Collaborated with teams of programmers, artists, sound designers, and educators.    SKILLS    Expert in:  <label type="Tech Tools">iOS</label> and <label type="Tech Tools">Mac OS X</label> <label type="Job Specific Skills">app development</label>  <label type="Tech Tools">Objective-C</label>, <label type="Tech Tools">Objective-C++</label>, and <label type="Tech Tools">C</label> languages  <label type="Tech Tools">UIKit</label>, <label type="Tech Tools">Cocoa</label>, <label type="Tech Tools">AppKit</label>, <label type="Tech Tools">Quartz</label> (<label type="Job Specific Skills">Core Graphics</label>), <label type="Job Specific Skills">Core Animation</label>, Grand Central Dispatch  (GCD), <label type="Tech Tools">XPC</label>, <label type="Tech Tools">Xcode</label>  <label type="Tech Tools">Mac OS X </label>and <label type="Tech Tools">iOS</label> <label type="Job Specific Skills">performance tuning</label>  Proficient in:  <label type="Tech Tools">Scala</label> and <label type="Tech Tools">C++</label>  <label type="Tech Tools">HTML</label>, <label type="Tech Tools">CSS</label>, <label type="Tech Tools">JavaScript</label>, <label type="Tech Tools">XML</label>, <label type="Tech Tools">Protocol Buffers</label>, <label type="Tech Tools">Thrift</label>  <label type="Job Specific Skills">Mac OS X and iOS technologies</label>: <label type="Tech Tools">OpenGL</label>, <label type="Tech Tools">launchd</label>, <label type="Tech Tools">Core Text</label>, <label type="Tech Tools">CoreAudio</label>, <label type="Tech Tools">CoreMIDI</label>  <label type="Tech Tools">UNIX</label> <label type="Job Specific Skills">programming</label> and <label type="Job Specific Skills">scripting</label>  Source control with <label type="Tech Tools">Git</label>, <label type="Tech Tools">Subversion</label>, and <label type="Tech Tools">CVS</label>  Familiar with:  <label type="Tech Tools">Swift</label>, <label type="Tech Tools">Haskell</label>, <label type="Tech Tools">Java</label>, <label type="Tech Tools">Python</label>, <label type="Tech Tools">Ruby</label>, <label type="Tech Tools">SQL</label>  <label type="Job Specific Skills">Web application development</label>  <label type="Job Specific Skills">Web client implementation</label>: Layout, <label type="Job Specific Skills">rendering</label>, <label type="Job Specific Skills">network programming</label>  <label type="Job Specific Skills">Database design</label>    PATENTS    Image mask interface, US Patent 8,209,632  A UI method for selecting a mask region for an image, used in iWork for iOS.    Web Widgets, US Patent 8,667,415  A method of including self-contained snippets of web content inside a website builder app, used  in iWeb for Mac.    EDUCATION    <label type="College Name">California Institute of Technology (Caltech)</label>  <label type="Degree">B.S., Engineering and Applied Science</label>, concentration in Computer Science  <label type="Graduation Year">June 1995</label>    PERSONAL  PROJECTS    MIDI Monitor and SysEx Librarian  Two open-source MIDI utility applications for Mac OS X. Useful for working with external  MIDI devices (like synthesizers), troubleshooting, and testing apps and drivers."
</cv>
