<?xml version="1.0" encoding="UTF-8"?>
<cv>
"<label type="Name">Lindsy Nikolaus</label>    <label type="Location">Bangalore, India</label>  <label type="Email Address">Jarrett.Padberg@pi.io</label>  +91 1236456789    PROFESSIONAL SUMMARY        <label type="Years of Experience">8.5+ years of experience</label> in <label type="Job Specific Skills">Information Technology</label>, with 2 years at <label type="Location">London (UK)</label> and <label type="Location">Houston (US)</label>.        Domain knowledge in <label type="Job Specific Skills">Data Quality</label>, <label type="Job Specific Skills">Market Risk and Pricing (MVAR)</label>, <label type="Job Specific Skills">Health Quality Measures</label> (MU Quality  Reporting), <label type="Job Specific Skills">Mortgage Servicing</label>.        Experience in <label type="Job Specific Skills">Shared Services</label>, <label type="Job Specific Skills">Matrix organization</label> and <label type="Job Specific Skills">Agile model</label> of project execution.        <label type="Degree">Certified MCP and MCTS</label> in <label type="Job Specific Skills">SQL Server</label> and <label type="Job Specific Skills">Business Intelligence</label> and <label type="Job Specific Skills">.NET 2.0.</label>        <label type="Years of Experience">7 years of experience</label> in <label type="Job Specific Skills">Data warehousing</label> and <label type="Job Specific Skills">Business Intelligence</label> tools.        6 years strong experience with <label type="Tech Tools">SQL Server 2123/3456/7890</label> databases.        6 years strong experience with <label type="Tech Tools">Microsoft Business Intelligence Suite</label> .ie <label type="Tech Tools">SSIS</label>,<label type="Tech Tools">SSRS</label> &amp; <label type="Tech Tools">SSAS</label>.        2 years working experience on <label type="Tech Tools">Oracle Databases</label>.        1 year technical hands-on experience on <label type="Tech Tools">Informatica 8.6/9.0</label> and <label type="Tech Tools">Business Objects XI R3</label> tools.        1.5 years experience working on <label type="Tech Tools">LogiXML</label> &amp; <label type="Tech Tools">SpagoBI</label> reporting tool.        Strong experience on <label type="Tech Tools">T-SQL</label>, <label type="Job Specific Skills">Query Optimization</label> and <label type="Job Specific Skills">Performance Tuning</label>.        Very good experience and understanding of <label type="Job Specific Skills">database design/modeling</label>, <label type="Tech Tools">OLAP</label>, <label type="Tech Tools">OLTP</label> systems.        Good experience on <label type="Tech Tools">.NET</label> framework especially in <label type="Tech Tools">ASP.NET</label> client/server technology.        Strong knowledge of SDLC such as developing, testing, migrating and production support (L3 support).        Experience on <label type="Job Specific Skills">Service &amp; Quality management</label> tools such as <label type="Tech Tools">Remedy</label>, <label type="Tech Tools">JIRA</label>, <label type="Tech Tools">Mercury QC</label>, and <label type="Tech Tools">ClearQuest</label>.        Experience on configuration management tools such as <label type="Tech Tools">SVN</label>, <label type="Tech Tools">Perforce</label>, <label type="Tech Tools">ClearCase</label> and <label type="Tech Tools">VSS</label>.        Experience on scheduling tools such as <label type="Tech Tools">TIDAL</label>, <label type="Tech Tools">SQL Server Agents</label>, <label type="Tech Tools">Windows scheduler</label>.        Excellent <label type="Soft Skills">communication</label> skills bridging <label type="Job Specific Skills">Client Interaction</label> and <label type="Job Specific Skills">Team Management</label>.        Strong <label type="Soft Skills">analytical</label>, <label type="Soft Skills">problem troubleshooting/solving</label> skills, <label type="Soft Skills">self-starter</label>.        Experience at providing organizational trainings especially in BI tools.        Experience of working with business users, traders and IT.        Exposure to Proposal/Estimation Discussions and SMC model.    TECHNICAL COMPETENCIES    <label type="Job Specific Skills">Business Intelligence </label>   : <label type="Tech Tools">SSIS</label>, <label type="Tech Tools">SSAS</label>, <label type="Tech Tools">SSRS</label>, <label type="Tech Tools">Informatica</label>, <label type="Tech Tools">Business Objects</label>, <label type="Tech Tools">LogiXML</label>,<label type="Tech Tools">SpagoBI</label>    <label type="Job Specific Skills">RDBMS</label>    : <label type="Tech Tools">MS SQL 2123/3456/7890</label>, <label type="Tech Tools">ORACLE 10g</label>, <label type="Tech Tools">MS Access</label>, <label type="Tech Tools">MySQL</label>,    <label type="Tech Tools">LotusNotes</label> Operating Systems : <label type="Tech Tools">Windows 2003, XP, Win 7</label>-64bit, <label type="Tech Tools">Win 8</label>, <label type="Tech Tools">MS-DOS</label>  <label type="Job Specific Skills">Configuration Management</label>    : <label type="Tech Tools">Rational ClearCase</label>, <label type="Tech Tools">Visual SourceSafe</label>, <label type="Tech Tools">Perforce</label>    <label type="Job Specific Skills">Service &amp; Quality Management</label>    : <label type="Tech Tools">JIRA</label>, <label type="Tech Tools">Remedy</label>, <label type="Tech Tools">ClearQuest</label>, <label type="Tech Tools">Mercury QC</label>    <label type="Job Specific Skills">Web Technology</label>    : <label type="Tech Tools">HTML</label>, <label type="Tech Tools">XML</label>, <label type="Tech Tools">Jscript</label>, <label type="Tech Tools">VBScript</label>, <label type="Tech Tools">ASP</label>, <label type="Tech Tools">ASP.NET</label>, <label type="Tech Tools">JSP</label>, <label type="Tech Tools">WebServices</label>, Basic <label type="Tech Tools">PHP</label>    Applications &amp; IDE    : <label type="Tech Tools">VS.NET</label>, <label type="Tech Tools">BIDS</label>, <label type="Tech Tools">Visual Studio 6.0</label>, <label type="Tech Tools">intelliJ IDEA,</label> <label type="Tech Tools">Eclipse</label>, <label type="Tech Tools">MS Office</label>,  <label type="Tech Tools">Flash</label>, <label type="Tech Tools">Dreamweaver</label>, <label type="Tech Tools">LotusNotes</label> Designer    Languages    : <label type="Tech Tools">C#</label>, <label type="Tech Tools">C</label>, <label type="Tech Tools">C++</label>, <label type="Tech Tools">JAVA</label>, <label type="Tech Tools">T-SQL</label>    Web Server    : <label type="Tech Tools">IIS</label>, <label type="Tech Tools">Tomcat</label>    Awards/ Certifications/ Achievements  \xef\x83\xa0    Certificate of Excellence at Altisource for successfully taking care of the Data Quality Program(2014).    \xef\x83\xa0    Certificate of Excellence at QSIH for successfully implementing Meaningful Use Stage 2 program for certifying  EHR systems (April 2013).    \xef\x83\xa0    <label type="Degree">Microsoft Certified Technology Specialist for Microsoft BI  Implementation and Maintenance</label> <label type="Graduation Year">2005/2008</label>, MS  SQL Server 2005, and NET 2.0 - Application Development Foundation (April 2007)    \xef\x83\xa0    <label type="Degree">Microsoft Certified IT Professional for Microsoft Business Intelligence Developer</label> <label type="Graduation Year">2005</label>    \xef\x83\xa0    MSBI-COE (Center Of Excellence) anchor for Systems Integration - Business Intelligence Unit at Infosys.    \xef\x83\xa0    Best Project Team award 2010 for EUS unit at Infosys.    \xef\x83\xa0    Best Freshman Award (Jan-June 07) for Systems Integration - Business Intelligence Unit at Infosys.    \xef\x83\xa0    Nominated as a Microsoft Student Champ, by Microsoft, at <label type="College Name">Manipal Institute of Technology</label> (2006)    \xef\x83\xa0    Topper at Infosys Foundation Training Program with a CGPA of 5.0/5.0 (Jun  Aug 2006).    \xef\x83\xa0    <label type="Degree">Microsoft Certified Professional for Microsoft SQL Server 2000</label> (<label type="Graduation Year">June 2005</label>)    PROFESSIONAL EXPERIENCE  \xef\x83\xa0    <label type="Companies worked at">Altisource Business Solutions Pvt Ltd</label>, <label type="Location">Bangalore</label> ( <label type="Years of Experience">Sept 13  Till Date</label>)    Product    : <label type="Job Specific Skills">Data Governance</label> &amp; <label type="Job Specific Skills">Data Quality</label>    Role    : <label type="Designation">Lead Data Analyst</label>    Bangalore    Team Size : 11  Project Overview    Responsibilities    Data Quality Program checks the quality of data across various data assets at Altisource and Ocwen.    \xef\x82\xa7    Development of Data Quality Program for various Business Units &amp; Data Systems.    \xef\x82\xa7    Development &amp; Maintenance of Enterprise Data Dictionary through Mediawiki.    \xef\x82\xa7    Development of Metadata &amp; Data Profiler using Kettle    \xef\x82\xa7    <label type="Job Specific Skills">Dashboard Reporting</label> using <label type="Tech Tools">SpagoBI</label>    \xef\x82\xa7    Working on <label type="Job Specific Skills">Agile development</label> model.    \xef\x82\xa7    DWH &amp; BI Platform : <label type="Tech Tools">SpagoBI</label> &amp; <label type="Tech Tools">Kettle</label>    \xef\x82\xa7    Programming  <label type="Tech Tools">Oracle</label>, <label type="Tech Tools">Java</label>    \xef\x82\xa7    Operating System  <label type="Tech Tools">Windows Server 2003</label>, <label type="Tech Tools">Win 7</label>    \xef\x82\xa7    Configuration Management  Subversion    \xef\x82\xa7    DBMS: <label type="Tech Tools">Oracle 11g</label>    Technologies:    \xef\x83\xa0    <label type="Companies worked at">Quality Systems India Healthcare Pvt Ltd</label>, <label type="Location">Bangalore</label> ( <label type="Years of Experience">Jul 11  Sept 13</label>)    Product    : Health Quality Measures    Role    : <label type="Designation">Associate Technical Specialist</label>    <label type="Location">Bangalore</label>    Team Size : 15  Project Overview    QSI Healthcare is a new subsidiary of Quality Systems, Inc. (QSI),US which develops and market computer-based practice  management and electronic health records (EHR) solutions, ambulatory, inpatient and dental providers to empower patientcentered care and deliver results for medical and dental group practices and hospitals throughout the U.S.    Responsibilities    \xef\x82\xa7    Working on <label type="Job Specific Skills">Agile development</label> model.    \xef\x82\xa7    Development of HQM Portal &amp; Quality Reporting    \xef\x82\xa7    Development of new NextGen Dashboard 3.0  Using <label type="Tech Tools">LogiXML</label>    \xef\x82\xa7    <label type="Job Specific Skills">Reporting quality</label> &amp; clinical measures under Meaningful Use, PQRI, BTE programs.    \xef\x82\xa7    <label type="Job Specific Skills">Developing Quality dashboards</label> using <label type="Tech Tools">LogiXML</label> &amp; <label type="Tech Tools">SSRS</label>    \xef\x82\xa7    BI Platform : <label type="Tech Tools">SQL Server Reporting Services</label>, <label type="Tech Tools">LogiXML 10</label>    \xef\x82\xa7    Programming  <label type="Tech Tools">SQL</label>,<label type="Tech Tools">C#</label>, <label type="Tech Tools">ASP.NET</label>,    \xef\x82\xa7    Operating System  <label type="Tech Tools">Windows Server 2003</label>, <label type="Tech Tools">Win 7</label>    \xef\x82\xa7    Configuration Management  Perforce  Open Source    \xef\x82\xa7    DBMS: <label type="Tech Tools">SQL Server 2008</label> R2/SQL SERVER 2012    Technologies:    \xef\x83\xa0    <label type="Companies worked at">Infosys Technologies Limited</label>, <label type="Location">Bangalore</label> ( <label type="Years of Experience">Jun 06 - Jul 11</label>)    Client    : <label type="Companies worked at">British Petroleum ( BP)</label>    <label type="Location">Houston, TX</label> (2010-2011)    Project    : <label type="Job Specific Skills">Risk Reporting</label>    <label type="Location">Bangalore, India</label>(<label type="Years of Experience">2010- 2011</label>)    <label type="Designation">Technology Analyst(TA)</label> (<label type="Years of Experience">Dec 2008  July 2011</label>)  Team Size : 30  BP    : 10 (Manager, BAs, Architect, DBA)    Infosys: 20 Onshore/Offshore    London, UK (2008-2009)    Project Overview    BP is one of the largest traders of oil and gas in the world. Integrated Supply and Trading (IST) team combines all Oil, Gas,  Power, Chemical and Financial trading activities. Objective is the provide support and development for IST Risk Reporting,  NAGP, GTEL MVAR &amp; Oil MVaR applications and also address key weaknesses within the existing system.    Responsibilities    \xef\x82\xa7    Support existing data warehouse reporting platform and applications to ensure operational availability and scalability    \xef\x82\xa7    Work directly with functional analysts and business users in understanding the information needs of the business and  developing new data warehouse/BI functionalities or tools to meet these requirements.    \xef\x82\xa7    Assess existing and available data warehousing technologies and methods to ensure our Data warehouse/BI architecture  meets the needs of the business unit and enterprise and allows for business growth. Provide recommendations on  evolution of the architecture.    Technologies:    \xef\x82\xa7    Research, define and deploy BI improvement opportunities and streamline the business intelligence processes    \xef\x82\xa7    Create detail design, work on development and perform code reviews.    \xef\x82\xa7    Analysis &amp; implementation of better performance strategies.    \xef\x82\xa7    Server : IIS, SQL Server, Oracle, Analysis Services, Reporting Services, Integration Services, Informatica, BO    \xef\x82\xa7    Programming  SQL,C#, ASP.NET    \xef\x82\xa7    Operating System  Windows Server 2003    \xef\x82\xa7    Configuration Management  IBM Clear Case    Client    : <label type="Companies worked at">Canada Pacific Railways ( CPR )</label>    Project    : <label type="Job Specific Skills">Automated Inventory Reporting (AIR)</label>    <label type="Location">Bangalore, India</label>    Business Intelligence  <label type="Designation">Technical Specialist(TS)</label> ( <label type="Years of Experience">Oct 2008  Dec 2008</label>)  Team Size : 8  CPR    : 3 (Manager, CSE, Bas)    Infosys : 5 ( Manager, TS, Developer)  Project Overview    At CPR, Car Management metrics are used across various departments and are published to the Operations Dashboard and  0700 for senior Canadian Pacific management up to and including the President &amp; CEO. The BI Initiative will provide a  significant upgrade to the current Car Metrics process. Metrics will be centralized into a Car Management Portal in a supported  BI environment. Data will have consistent business rules, hierarchies and standardized metrics and calculations.    Responsibilities    \xef\x82\xa7    Develop technical architecture based on detailed requirements    \xef\x82\xa7    Validate the technical feasibility of business requirements    \xef\x82\xa7    Infrastructure, architecture and environment evaluation    \xef\x82\xa7    Interfaces with Business users and Technical SMEs to clarify requirements, review design, test cases, UAT and  deployment    Technologies:    Client    \xef\x82\xa7    Server : IIS, Analysis Services, Reporting Services, SharePoint Server    \xef\x82\xa7    Programming  C#, ASP.NET    \xef\x82\xa7    Operating System  Windows Server 2003    \xef\x82\xa7    Configuration Management MS Visual Source Safe    \xef\x82\xa7    DBMS: SQL Server, MS Access, Excel.    : <label type="Companies worked at">Underwriter Laboratories</label> (UL)    <label type="Location">Bangalore, India</label>    Project : <label type="Companies worked at">Datamart</label> <label type="Designation">Reporting  Systems Engineer</label>  Datamart <label type="Designation">Developer</label> (<label type="Years of Experience">Aug 06  Sept 08</label>)  Team Size : 13  Client: 7 (Manager, Bas, Architect, DBA, Dev)  Infosys: 5 offshore, 1 onsite Coordinator/BA  Project Overview    The primary objective of this project to build a robust and intelligent system that will help Business people to strategize based  on analysis of conformed Facts and Dimensions. Designing and implementing the ETL processes which involves collection of  data from heterogeneous sources like LotusNotes Databases, Oracle, SQL Server 2000/2005. Provide maintenance support for  ETL systems. Creation of Datamarts. Incremental processes, LotusNotes Agents, Report Modeling, Creation of business  reports, Dashboard reports, and also the maintenance of web reports using MS Reporting services 2005.    Responsibilities    Technologies:    \xef\x82\xa7    Work closely with onsite Business Analysts for requirement gathering, designing the database and creating workflow.    \xef\x82\xa7    Writing LotusNotes agents, ActiveX script for pulling data from LotusNotes db.    \xef\x82\xa7    Designing and Implementing the ETL processes    \xef\x82\xa7    Creation of Canned reports, Cube-Based Reports, Report Models for Ad-Hoc    \xef\x82\xa7    Coordinating with onsite folks and leading and mentoring the offshore team.    \xef\x82\xa7    Travel to various locations to train people in new project specific technologies    Server : IIS, Analysis Services, Reporting Services  Programming  C#, ASP.NET  Operating System  Windows Server 2003  Configuration Management  IBM Visual Source Safe    DBMS: SQL Server, MS Access, Excel, Lotus Notes Database    \xef\x83\xa0    <label type="Companies worked at">i2 Technologies Limited</label>, <label type="Location">Bangalore</label> (<label type="Designation">Project Trainee</label>) (<label type="Years of Experience">Jan  May 06</label>)    Project    : <label type="Job Specific Skills">Production Scheduler (PS)</label>    <label type="Location">Bangalore, India</label>    <label type="Designation">Java Developer</label> (<label type="Designation">Project Trainee</label>)  Team Size : 16  Project Overview    Production Scheduler is designed to provide optimization-based scheduling, shop-floor synchronization, reactive re-scheduling,  and complete reporting and analytics. Production Scheduler is a configurable scheduling application that produces detailed  schedules for multi-stage manufacturing processes.    \xef\x83\xa0    Responsibilities    \xef\x82\xa7    Enhancements to the PS client and Server components, and also Customer issue fixes.    Technologies:    \xef\x82\xa7    Server : OS(Optimal Scheduler)    \xef\x82\xa7    Programming  Java, 3rd Party Widgets, Optimal Scheduler Language( i2 Proprietary Language)    \xef\x82\xa7    Operating System  Windows Server 2003    \xef\x82\xa7    Configuration Management  IBM ClearCase    \xef\x82\xa7    DBMS: MS Access    Angel Movies Enterprises, Mumbai ( As a freelance ) ( May  June 2004)    Development of www.angelmoviesenterprise.org    Manipal, India    Web Developer  Team Size : 1  Project Overview    Angel Movies Enterprises is a professional &amp; experienced production house (Domestic &amp; International Market) in the following  areas.  \xef\x82\xa7    1. Feature-Films (Dhoop, U Bomsi N Me)    \xef\x82\xa7    2. TV Software, Animations, Telefilms (Saturday Suspense etc...).    Responsibilities    \xef\x82\xa7    Designing of complete website.    Technologies:    \xef\x82\xa7    HTML, JavaScript, Flash, Dreamweaver.    TRAINING AT ORGANIZATION      Completed 4 Days/35 PDUs PMP certification Program (Sept 2012).        Advanced Migration from Business Objects 5.x\\6.x to XI R2 at Infosys, By Business Objects.        Microsoft SQL Server 2005 by Synergetics-India at Infosys.        Microsoft ASP.NET 2.0 and its new features by Synergetics-India at Infosys.        Microsoft Certified Course on Programming and designing Database using MS SQL Server 2000 at NIIT,  Bangalore (May 2005).        Completed Infosys J2EE Foundation Training Program at Mysore, India.    ACADEMIC DETAILS            <label type="Degree">Bachelor of Engineering in Computer Science &amp; Engineering</label>      <label type="Graduation Year">Sept 2002 - May 2006</label>        <label type="College Name">Manipal University</label>, <label type="Location">Manipal, India</label>.        <label type="College Name">Manipal Institute of Technology (MIT)</label>, <label type="Location">Manipal, India</label>.    <label type="Degree">HSC - Science</label>      <label type="Graduation Year">June 2002</label>        Apeejay School, Saket, New Delhi    INTEREST / ACTIVITIES      Traveled extensively in <label type="Location">India</label>, <label type="Location">UK</label>, <label type="Location">US</label>, <label type="Location">Europe</label>.        Part of Energizers team at QSIH.        Participates in the Companys Cultural and Music Events and Workshops.        Novels, DVDs, Movies, Concerts        Live Sports  Cricket, F1"
</cv>
