<?xml version="1.0" encoding="UTF-8"?>
<cv>
"Name  Summary  <label type="Years of Experience">Over twenty years experience</label> in <label type="Job Specific Skills">planning</label>, <label type="Job Specific Skills">developing</label>, and <label type="Job Specific Skills">implementing</label> <label type="Job Specific Skills">information technology  infrastructure</label> solutions to facilitate client growth. Assembled, led, and managed diverse teams with varied  technical and business backgrounds. Expertise in <label type="Job Specific Skills">system analysis</label> and <label type="Job Specific Skills">requirements gathering</label>. Possess strong  hands-on background in <label type="Job Specific Skills">proprietary application development</label> and canned application modifications focusing  on Oracle related technologies. Experience in creating interfaces between heterogeneous applications in  various industries. Experience in implementing budgetary controls, executing internal policies and procedures,  and client relations.    Technology Summary: Extensive use and knowledge in <label type="Tech Tools">Oracle database</label> technology versions 6.0 to 11g  running on diverse platforms such as: <label type="Tech Tools">LINUX</label>, <label type="Tech Tools">Windows</label>, <label type="Tech Tools">HP-UX</label>, <label type="Tech Tools">Sun Solaris</label>, <label type="Tech Tools">PL</label>/<label type="Tech Tools">SQL</label>, <label type="Tech Tools">Oracle Application  Express (APEX)</label>, <label type="Tech Tools">TOAD</label>, <label type="Job Specific Skills">PL/SQL Developer</label>, <label type="Tech Tools">Oracle Forms </label>and Reports, <label type="Tech Tools">Oracle eBusiness Suite</label>, <label type="Tech Tools">Windows  Active Directory</label>, <label type="Job Specific Skills">HL7 standards</label>, <label type="Tech Tools">LAN/WAN</label>, <label type="Tech Tools">VMWare</label>.    Industry Summary:  Aerospace/Defense Automotive Biotech <label type="Job Specific Skills">eCommerce</label> Education Entertainment Manufacturing  Financial Services Non-profit Health Care Real Estate Publishing Retail Sales Insurance    Selected Accomplishments:  <label type="Designation">IT Senior Manager/Director</label>. Managed and directed clients employees and external resources. Worked with CLevel employees and owners to develop and implement short and long range IT strategic plans. Acted as inhouse staff representing clients in presentations by external vendors.  <label type="Designation">IT Infrastructure Architect</label>. Led IT infrastructure reorganization projects for several clients resulting in  increased worker productivity, increased data sharing abilities as well as security, and ability for secure  reliable interoffice communications.  Application (Product) Development. Principal architect/developer on a web-based participant attendance  tracking application. Completed project on time and under budget enabling client to redirect remaining funds.  Product later packaged and marketed to other organizations administering similar participant programs.  <label type="Designation">Project Management</label>. Developed and implemented project plans to facilitate conversion of existing proprietary  client/server applications to a multi-user web-based environment. Implemented phased integration plan to  incorporate existing employee expertise with newly acquired consultants and contractors.  Interface Development/Application Migration. Successfully migrated a proprietary medical registration and  billing system to a newly installed application environment for a major regional medical facility. Created over  20 HL7 compliant interfaces to facilitate data conversion.    Professional Experience:  <label type="Companies worked at">Embie Technical Solutions, Inc.</label> <label type="Location">Los Angeles, CA</label> Information Technology Solutions <label type="Years of Experience">1994 - Present</label>    <label type="Designation">Senior IT Manager/Director</label>  Representative Clients: Embie Technical Solutions, Inc. (internal), <label type="Companies worked at">Bob Blake</label>, Associates, <label type="Companies worked at">M.B. Ellison Inc.</label>,  <label type="Companies worked at">Mirror Digital, Inc.</label>  Played a key role in the direction, <label type="Job Specific Skills">planning</label>, and management of the organizations technology department.  Supervised internal staff, independent contractors, and offshore programming teams.  Ensured availability and functionality of necessary infrastructure components to support personnel on  various external projects  Designed and implement IT policies consistent with the companys mission  Liaison between internal personnel and clients to ensure proper working environment.  Negotiating service level agreements with both internal and external customers and service  providers and monitoring service delivery to ensure the agreed targets and standards are met  Managing human resources within the IT department and manage, coach, and motivate  department personnel  Oversaw/managed external contractors    <label type="Designation">Project Management</label>/<label type="Designation">Technical Lead</label>  Representative Clients: <label type="Companies worked at">Litton Guidance &amp; Control Systems</label>, <label type="Companies worked at">IGP Technologies</label>, <label type="Companies worked at">Community Development  Corporation Inc.</label>, <label type="Companies worked at">Helio</label>, The Thornbury/Hall Rare Records Collections  Lead technical teams in various stages of application development  Interfaced with various levels of management /stakeholders on system/project issues  Reviewed and validated existing projects  Initiated cost benefit analysis to assess overall value    Maintained/modified project schedules based on expected deliverables and deadlines    <label type="Designation">IT Infrastructure Architect</label>/<label type="Designation">IT Operations Manager</label>  Representative Clients: <label type="Companies worked at">AHMPAC Laboratories Inc.</label>, <label type="Companies worked at">Y.W.C.A of Greater Los Angeles</label>, <label type="Companies worked at">ARC Mid-Cities</label>,  <label type="Companies worked at">Hall Family Law</label>, <label type="Companies worked at">Mirror Digital Inc.</label>  Led efforts to implement new operations applications. Maximized profits by employing new IT strategies that  enhanced current business practices. Hands on experience with development of new infrastructure  architecture. Managed transition process from a single office to a multi-site configuration.  Shared budgetary controls with senior management  Designed new infrastructure environment  Managed various projects  Conducted periodic meetings with senior management  Oversaw upgrade to the Payroll Deduction/Reporting system  Managed several computer labs consisting of over 100 computers  Integrated remote sites with central office systems  Enabled user to work remotely with home office applications  Used the cloud computing paradigm to implement, private, hybrid, and public clouds based on the  organizations computing system requirements.    <label type="Designation">Oracle Developer</label>/<label type="Designation">Application Architec</label>t  Representative Clients: <label type="Companies worked at">AMGEN</label>, <label type="Companies worked at">Petersen Publishing Co.</label> T.R.W., <label type="Companies worked at">Dewey Pest Control,</label> <label type="Companies worked at">Toyota Motor Sales</label>  <label type="Location">U.S.A.</label>, <label type="College Name">University of California at Los Angeles (UCLA)</label>, <label type="Companies worked at">K-Swiss</label>, County of <label type="Location">Los  Angeles</label>, YWCA of Greater Los Angeles  Created several custom applications using Oracle APEX  Created custom application module to facilitate receipt of data from external terminal sources  Created several custom Reports, Forms, Pl/SQL packages, and SQLLoader scripts  Collaborated with additional in house technical and functional personnel with    implementation/upgrade requirements  Designed and developed a sub application for clients Order Entry system to be able to  process incoming EDI Return requests  Migrated several applications from Lotus Notes to Oracle Application Express (APEX)  Upgraded Oracle Application Express (APEX) applications from version 3.1 to version 4.0    <label type="Designation">Oracle eBusiness Suite Specialist</label>  Representative Clients: Continental Data Graphics, Fremont Investment &amp; Loan, Penn Octane Corporation,  The Macerich Company, Boeing EDD  Managed all aspects of clients eBusiness Suite environment. Leveraged functional knowledge of select  financial modules (Modules: AR, AP, GL, PO, INV, HR, FA, OM). Duties also included handling all  technical functions from database and operating system administrator to the development of new forms and  reports using Oracle Forms, Reports, SQL, and PL/SQL. Also initiated work on subsequent migration to  version 12 of the eBusiness Suite (R12).  Managed all aspects to the eBusiness Suite application (functional and technical)  Installed and configured new databases (10g) on Windows and Linux platforms for upgrade of existing  ADP payroll system  Linked the eBusiness Suites HRMS system to the external payroll system as well as additional third  party applications  Began analysis of R12 to facilitate future system upgrade  Set up a new Chart of Accounts and associated Calendars and Set of Books to facilitate new  business requirements  Interfaced/trained end users on all aspects of the applications operation to assist in daily duties  Created cliff notes documentation for selected Oracle tasks  Implemented standard applications functionality to assist users responsibilities    <label type="Designation">Data Migration/Conversion Specialist</label>  Representative Clients: <label type="Companies worked at">Cedars-Sinai Medical Center</label>, <label type="Companies worked at">AOL Time Warner</label>, <label type="Companies worked at">Petersen Publishing Co.</label>,    <label type="Companies worked at">ORCO Block Co.</label>, Dewey Pest Control, <label type="College Name">University of California at Los Angeles  (UCLA)</label>, K-Swiss, DCI  Position held on various projects for several clients. Overall objectives were to extract, transform and load  (ETL) data from various legacy systems to new application environments. Tools used include: <label type="Tech Tools">Oracle APEX</label>,  <label type="Tech Tools">Oracle RDBMS</label>, <label type="Tech Tools">Ensemble</label>, <label type="Tech Tools">Oracle development tools</label>, <label type="Tech Tools">HTML</label>, <label type="Tech Tools">Javascript</label>.  Migrated application from <label type="Tech Tools">MySQL</label> and <label type="Tech Tools">ASP</label> to <label type="Tech Tools">Oracle Application Express (APEX)</label>  Analyzed current system schema for conversion from legacy Oracle database to new EPIC system  Worked with Ensemble messages in HL7 format  Used data extracts from Epic and PCX to auto validate all converted data  Constructed data access auditing interfaces to facilitate storage of selected data from external systems  into the CDR/Web-VS application    Education:  <label type="College Name">University of California at Los Angeles</label>  <label type="College Name">Henry Samueli School of Engineering and Applied Science  Computer Science</label> (all Masters coursework completed) <label type="Graduation Year">1995</label>    <label type="College Name">Morehouse College</label>  <label type="Degree">Bachelors Degree  Computer Science/ Banking &amp; Finance</label> <label type="Graduation Year">1992</label>"
</cv>
