<?xml version="1.0" encoding="UTF-8"?>
<cv>
"<label type="Name">Lakita Mertz</label>  <label type="Designation">Data analyst</label>  AREAS OF EXPERTISE  <label type="Job Specific Skills">Database administration</label>  <label type="Job Specific Skills">Data management</label>  <label type="Job Specific Skills">Data cleaning</label>  <label type="Tech Tools">SAS</label>, <label type="Tech Tools">SQL</label>, <label type="Tech Tools">SPSS</label>    PERSONAL SUMMARY  A bright, talented and self-motivated <label type="Designation">data analyst</label> who has excellent <label type="Soft Skills">organisational</label>  skills, is highly <label type="Soft Skills">efficient</label> and has a <label type="Soft Skills">good eye for detail</label>. Has extensive experience of  assisting in the <label type="Job Specific Skills">development and upgrading of database systems</label> and <label type="Soft Skills">analytical</label>  techniques. Able to play a key role in analysing problems and come up with <label type="Soft Skills">creative</label>  solutions as well as producing methodologies and files for effective da ta  management. A <label type="Soft Skills">quick learner</label> who can absorb new ideas and can <label type="Soft Skills">communicate</label>  clearly and effectively.  Now looking for a suitable <label type="Designation">data analyst</label> position with a ambitious company.    Relational databases    WORK EXPERIENCE  <label type="Job Specific Skills">Database marketing</label>  <label type="Job Specific Skills">Data warehousing systems</label>  <label type="Job Specific Skills">Data analysis</label>    <label type="Degree">PROFESSIONAL  NVQ in Business  Improvement Techniques</label>    PERSONAL SKILLS  <label type="Soft Skills">Analytical</label>  <label type="Soft Skills">People skills</label>  Evaluating    Consumer <label type="Companies worked at">Energy Provider</label>  <label type="Location">Coventry</label>  <label type="Designation">DATA ANALYST</label>  <label type="Years of Experience">June 2008 - Present</label>  Collecting, collating and carrying out complex data analysis in support of  management &amp; customer requests. Also involved in reporting statistical findings to  work colleagues and senior managers.  Duties:  Manipulating, cleansing &amp; processing data using Excel, Access and SQL.  Responsible for loading, extracting and validation of client data.  Liaising with end-users and 3rd party suppliers.  Analysing raw data, drawing conclusions &amp; developing recommendations  Writing <label type="Tech Tools">T-SQL</label> scripts to manipulate data for data loads and extracts.  Developing data analytical databases from complex financial source data.  Performing daily system checks.  Data entry, data auditing, creating data reports &amp; monitoring all data for accuracy.  Designing, developing and implementing new functionality.  Monitoring the automated loading processes.  Advising on the suitability of methodologies and suggesting improvements.  Carrying out specified data processing and statistical techniques.  Supplying qualitative and quantitative data to colleagues &amp; clients.  Using Informatica &amp; SAS to extract, transform &amp; load source data from transaction  systems.  KEY SKILLS AND COMPETENCIES    PERSONAL DETAILS  <label type="Name">Lakita Mertz</label>  34 Anywhere Road  Coventry  CV6 7RF    <label type="Soft Skills">Attention to detail </label>&amp; ability to work in a pressurised time sensitive environment.  Experience running complex and high volume ETL processes.  Exposure to MIS/data warehouse applications.  Checking of supplied data for sense, consistency and accuracy.  Sound understanding of relational, object and dimensional databases.  Extensive experience with <label type="Tech Tools">SQL/Server</label> <label type="Tech Tools">T-SQL</label>, <label type="Tech Tools">DTS</label>/<label type="Tech Tools">SSIS</label> &amp; <label type="Tech Tools">Excel 2003/2007</label>.    ACADEMIC QUALIFICATIONS    T: 02123 345 7890  M: 0123 345 7890  E: <label type="Email Address">Brady61@mf.info</label>    <label type="Degree">BSc (Hons)  Mathematical Science with Statistics</label>  <label type="College Name">Nuneaton University</label> <label type="Years of Experience">2005 - 2008</label>    DOB: 12/09/1985  Driving license: Yes  Nationality: British    A levels:  Maths (A) English (B) Technology (B) Scienc e (C)  Coventry Central College 2003 - 2005  REFERENCES  Available on request.    Copyright information - Please read  \xc2\xa9 This data analyst CV template is the copyright of Dayjob Ltd August 2010. Jobseekers may download and use this CV  example for their own personal use to help them create their own CVs. You are most welcome to link to this page or any other  page on our site www.dayjob.com. However these CVs must not be distributed or made available on other websites without  our prior permission. For any questions relating to the use of this CV template please email: <label type="Email Address">Brady61@mf.info</label>."
</cv>
