<?xml version="1.0" encoding="UTF-8"?>
<cv>
"\xc2\xa0    <label type="Name">Corina Conroy</label>    <label type="Email Address">OCrona@yahoo.com</label>    (123)345.7890  k\xe2\x80\x8barimvarela.com  ________________________________________________________________________    SUMMARY  \xe2\x97\x8f  \xe2\x97\x8f  \xe2\x97\x8f  \xe2\x97\x8f  \xe2\x97\x8f    Demonstrated <label type="Designation">software architect</label> with incredible ability to lead projects to completion.  <label type="Years of Experience">Ten years experience</label> in <label type="Designation">mobile application development</label>.  Unique mix of product awareness and technical know-how.  Excellent <label type="Job Specific Skills">technical evangelist</label> and <label type="Soft Skills">public speaker.</label>  Experience leading cross-functional software development teams for massive projects.    WORK EXPERIENCE  <label type="Designation">Lead Android Engineer</label>, \xe2\x80\x8b  <label type="Companies worked at">Coffee Meets Bagel</label>  <label type="Years of Experience">09/14-Present</label>  coffeemeetsbagel.com\xc2\xa0  \xe2\x97\x8f  Architected and built \xe2\x80\x8b  Coffee Meets Bagel\xe2\x80\x8b  <label type="Job Specific Skills">Android application</label>.  \xe2\x97\x8f  Managed team of 3 developers  \xe2\x97\x8f  Integrated <label type="Job Specific Skills">3rd party libraries</label> including <label type="Tech Tools">OkHttpClient</label>, <label type="Tech Tools">Facebook</label>, and <label type="Tech Tools">Picasso</label>.  \xe2\x97\x8f  Participated in design discussions and pre-sprint planning exercises.  \xe2\x97\x8f  <label type="Soft Skills">Mentored</label> and <label type="Soft Skills">coached</label> more junior developers and QA.  <label type="Designation">Director of Engineering</label>, <label type="Job Specific Skills">Android</label>, \xe2\x80\x8b  <label type="Companies worked at">Tinder</label>  <label type="Years of Experience">05/13-08/14</label>  tinder.com\xc2\xa0  \xe2\x97\x8f  Part of team that won Crunchie for best new startup of 2013  \xe2\x97\x8f  Architected and built \xe2\x80\x8b  <label type="Companies worked at">Tinder</label>\xe2\x80\x8b  <label type="Job Specific Skills">Android application</label> for phone, tablet, and watch.  \xe2\x97\x8f  Managed team of 4 developers, 2 QA engineers, and 1 designer  \xe2\x97\x8f  Setup build process including <label type="Tech Tools">Git</label>, <label type="Tech Tools">Jenkins</label>, <label type="Tech Tools">JUnit tests</label>, and <label type="Tech Tools">TestFlight</label> distribution.  \xe2\x97\x8f  Integrated <label type="Job Specific Skills">3rd party libraries</label> including <label type="Tech Tools">ActionBarSherlock</label>, <label type="Tech Tools">Facebook</label>, and <label type="Tech Tools">Volley</label>.  <label type="Designation">Lead Android Architect</label>, \xe2\x80\x8b  <label type="Companies worked at">Beachbody</label>  <label type="Years of Experience">10/12-06/13</label>  beachbody.com\xc2\xa0  \xe2\x97\x8f  Built up and <label type="Soft Skills">lead</label> Beachbodys <label type="Job Specific Skills">Android</label> team.  \xe2\x97\x8f  Architected and built \xe2\x80\x8b  P90X\xe2\x80\x8b  <label type="Job Specific Skills">Android application</label> for phone and tablet.  \xe2\x97\x8f  Analyzed cross-platform requirements for feasibility in Android.  \xe2\x97\x8f  Setup build process including <label type="Tech Tools">Git</label>, <label type="Tech Tools">Jenkins</label>, <label type="Tech Tools">JUnit tests</label>, and <label type="Tech Tools">HockeyApp</label> distribution.  \xe2\x97\x8f  Integrated <label type="Job Specific Skills">3rd party libraries</label> including <label type="Tech Tools">ActionBarSherlock</label>, <label type="Tech Tools">Facebook</label>, and <label type="Tech Tools">SlidingMenu</label>.  <label type="Designation">Senior Android Developer</label>, \xe2\x80\x8b  <label type="Companies worked at">Fandango</label>  <label type="Years of Experience">05/12-10/12</label>  fandango.com \xc2\xa0  \xe2\x97\x8f  Developed and maintained the Android Fandango Application for both phones and tablets.  \xe2\x97\x8f  Updated logging system to give thread level detail like method name and line number.  \xe2\x97\x8f  Implemented new features for mobile and tablet apps..  \xe2\x97\x8f  Participated in design discussions and pre-sprint planning exercises.  \xe2\x97\x8f  Part of team that won \xe2\x80\x8b  Best Overall Company in Mobile 2012\xe2\x80\x8b  .  <label type="Designation">Android Engineer</label>, \xe2\x80\x8b  <label type="Companies worked at">Muve Music</label>  <label type="Years of Experience">01/12-05/12</label>  mycricket.com/muve-music  \xe2\x97\x8f  <label type="Job Specific Skills">Developed</label>, <label type="Job Specific Skills">supported</label>, <label type="Job Specific Skills">maintained</label>, and ported the Android Muve Music Application.  \xe2\x97\x8f  Built the download and now playing Notification systems for Muve Music.  \xe2\x97\x8f  Integrated <label type="Job Specific Skills">Flurry Analytics</label> into Muve Music.  \xe2\x97\x8f  Integrated <label type="Tech Tools">GSON (Google's JSON processor)</label> into Muve Music cutting 2MB off .apk size.  \xe2\x97\x8f  Built webview help system using <label type="Tech Tools">.asp</label>, <label type="Tech Tools">HTML</label>, <label type="Tech Tools">Javascript</label>, &amp; <label type="Tech Tools">CSS</label>.  \xc2\xa0    \xc2\xa0    \xc2\xa0  <label type="Designation">Android Support Lead</label>, \xe2\x80\x8b  <label type="Companies worked at">AT&amp;T Developer Program</label>  <label type="Years of Experience">06/07-01/12</label>  developer.att.com  \xe2\x97\x8f  Led and managed projects to create developer facing tools and SDKs.  \xe2\x97\x8f  Wrote tutorials, sample code, best practices, blogs, and test applications.  \xe2\x97\x8f  Provided developer support for multiple platforms including <label type="Tech Tools">JME</label> and <label type="Tech Tools">Android</label>.  \xe2\x97\x8f  Spoke\xe2\x80\x8b  on Android, tablet, cross-platform, network services, &amp; mobile landscape\xe2\x80\x8b  .  \xe2\x97\x8f  Drafted new carrier device requirements for given application platforms.  <label type="Designation">Lead Software Engineer</label>, \xe2\x80\x8b  <label type="Companies worked at">Hands-On Mobile</label>  <label type="Years of Experience">08/06-06/07</label>  www.handson.com  \xe2\x97\x8f  Ported JME games from existing reference builds to handset specific builds.  \xe2\x97\x8f  Configured JME games to integrate effectively with various carriers.  \xe2\x97\x8f  Worked on networking, threading, and sound components.  \xe2\x97\x8f  Streamlined ant build scripts by coding in XML.  \xe2\x97\x8f  Led team of 3 porting engineers on \xe2\x80\x8b  Fantastic 4: Rise of the Silver Surfer.    LEADERSHIP EXPERIENCE  \xe2\x97\x8f  \xe2\x97\x8f  \xe2\x97\x8f  \xe2\x97\x8f  \xe2\x97\x8f  \xe2\x97\x8f  \xe2\x97\x8f  \xe2\x97\x8f    <label type="Designation">Android Instructor</label>, \xe2\x80\x8b  Quantum Strides  trailerpop.com  <label type="Designation">Adviser</label>, \xe2\x80\x8b  Trailerpop  trailerpop.com  Android Sensei, \xe2\x80\x8b  AT&amp;T Mobile Hackathons  mobileapphackathon.com  <label type="Designation">President</label> / <label type="Designation">Co-founder</label>, SocialTagg  socialtagg.com  <label type="Designation">Tech Reviewer</label>, \xe2\x80\x8b  Instant GSON  http://shop.oreilly.com/product/1231345278906.do  <label type="Designation">Tech Reviewer</label>, \xe2\x80\x8b  Pro Android 4  apress.com/1231345278907  <label type="Designation">Board Member</label>, App Developers Conference  appdevconf.engagedigital.com  <label type="Designation">Board Member</label>, Unified Testing Initiative  unifiedtestinginitiative.org    03/15-Present  \xe2\x80\x8b  01/13-Present  \xe2\x80\x8b  07/12-01/15  \xe2\x80\x8b  07/12-01/15  \xe2\x80\x8b  02/13-08/13  \xe2\x80\x8b  08/11-04/12  \xe2\x80\x8b  04/11-04/12  \xe2\x80\x8b  09/09-02/12  \xe2\x80\x8b    SKILLS  \xe2\x97\x8f  \xe2\x97\x8f  \xe2\x97\x8f  \xe2\x97\x8f    General: \xe2\x80\x8b  <label type="Soft Skills">Leadership</label>, <label type="Job Specific Skills">project management</label>, <label type="Job Specific Skills">product management</label>, <label type="Soft Skills">strategy</label>  High Level Languages:\xe2\x80\x8b  <label type="Tech Tools">Java ME/EE/SE</label>, <label type="Tech Tools">C++</label>, <label type="Tech Tools">PHP</label>, <label type="Tech Tools">JavaScript</label>, <label type="Tech Tools">Android</label>  Database Technologies:\xe2\x80\x8b  <label type="Tech Tools">MySQL</label>, <label type="Tech Tools">SQLite</label>  IDEs:\xe2\x80\x8b  <label type="Tech Tools">Android Studio</label>, <label type="Tech Tools">Eclipse</label>, <label type="Tech Tools">Visual Studio</label>    EDUCATION  <label type="Degree">Masters, Business Administration</label>, <label type="College Name">University of Florida</label>  3.7 GPA while working full-time  <label type="Degree">Bachelors, Computer Science</label>, <label type="College Name">University of California</label>  3.4 GPA while competing with the Division I Swimming Team  \xc2\xa0    \xc2\xa0"
</cv>
