<?xml version="1.0" encoding="UTF-8"?>
<cv>
"Last Updated on 4th May 2014    <label type="Name">Irving Langworth</label>  http://debarghyadas.com  dd367@cornell.edu | 123.345.7890    EDUCATION    EXPERIENCE    <label type="College Name">CORNELL UNIVERSITY</label>    COURSERA | KPCB F    ME    Expected <label type="Graduation Year">June 2014  Sep 2014</label> | <label type="Location">Mountain View, CA</label>  \xe2\x80\xa2 52 out of 2500 applicants chosen to be a KPCB Fellow 2014.    C    S    Expected <label type="Graduation Year">Dec 2014 </label>| I<label type="Location">thaca, NY</label>  Cum. GPA: N/A    <label type="Degree">BS    C    S</label>    Expected <label type="Graduation Year">May 2014</label> | <label type="Location">Ithaca, NY</label>  Conc. in <label type="College Name">Software Engineering  College of Engineering</label>  Dean's List (All Semesters)  Cum. GPA: 3.92 / 4.0  Major GPA: 3.94 / 4.0    LA MARTINIERE FOR BOYS  Grad. May 2011 | <label type="Location">Kolkata, India</label>    LINKS  Github:// deedydas  LinkedIn:// debarghyadas  YouTube:// DeedyDash007  Twitter:// @debarghya_das  Quora:// <label type="Name">Irving Langworth</label>    COURSEWORK  GRADUATE  Advanced Machine Learning  Open Source Software Engineering  Advanced Interactive Graphics  Compilers + Practicum  Cloud Computing    UNDERGRADUATE  Information Retrieval  Operating Systems  Arti\xef\xac\x81cial Intelligence + Practicum  Functional Programming  Computer Graphics + Practicum  (Research Asst. &amp; Teaching Asst)    Unix Tools and Scripting    SKILLS  <label type="Job Specific Skills">PROGRAMMING</label>  Over 5000 lines:  <label type="Tech Tools">Java</label> \xe2\x80\xa2 <label type="Tech Tools">Shell</label> \xe2\x80\xa2 <label type="Tech Tools">JavaScript</label> \xe2\x80\xa2 <label type="Tech Tools">Matlab  OCaml</label> \xe2\x80\xa2 <label type="Tech Tools">Python</label> \xe2\x80\xa2 <label type="Tech Tools">Rails</label> \xe2\x80\xa2 <label type="Tech Tools">LATEX</label>  Over 1000 lines:  <label type="Tech Tools">C</label> \xe2\x80\xa2 <label type="Tech Tools">C++</label> \xe2\x80\xa2 <label type="Tech Tools">CSS</label> \xe2\x80\xa2 <label type="Tech Tools">PHP</label> \xe2\x80\xa2 <label type="Tech Tools">Assembly</label>  Familiar:  <label type="Tech Tools">AS3</label> \xe2\x80\xa2 <label type="Tech Tools">iOS</label> \xe2\x80\xa2 <label type="Tech Tools">Android</label> \xe2\x80\xa2 <label type="Tech Tools">MySQL</label>    <label type="Companies worked at">GOOGLE</label> | S    +S    E    E    I    I    <label type="Years of Experience">May 2013  Aug 2013</label> | <label type="Location">Mountain View, CA</label>  \xe2\x80\xa2 Worked on the YouTube Captions team in primarily vanilla <label type="Tech Tools">Javascript</label> and  <label type="Tech Tools">Python</label> to plan, design and develop the full stack implementation of a new  framework to add and edit <label type="Job Specific Skills">Automatic Speech Recognition</label> captions.  \xe2\x80\xa2 Created a backbone.js-like framework for the Captions editor.  \xe2\x80\xa2 All code was reviewed, perfected, and pushed to production.    <label type="Companies worked at">PHABRICATOR</label> | O    S    C    &amp;T    L    <label type="Years of Experience">Jan 2013  May 2013</label> | <label type="Location">Palo Alto, CA</label> &amp; <label type="Location">Ithaca, NY</label>  \xe2\x80\xa2 <label type="Companies worked at">Phabricator</label> is used daily by Facebook, Dropbox, Quora, Asana and more.  \xe2\x80\xa2 I created the Meme generator, the entire Lipsum application, ported Tokens to  different apps, \xef\xac\x81xed many bugs and more in <label type="Tech Tools">PHP</label> and <label type="Tech Tools">Shell</label>.  \xe2\x80\xa2 Led a team from MIT, Cornell, IC London and UHelsinki for the project.    RESEARCH  <label type="Companies worked at">CORNELL ROBOT LEARNING LAB</label> | H    U    R    Jan <label type="Years of Experience">2014  Present</label> | <label type="Location">Ithaca, NY</label>  Worked with Ashesh Jain and Prof Ashutosh Saxena to create PlanIt, a tool which  learns from large scale user preference feedback to plan robot trajectories in human  environments. Publication submitted.    <label type="Companies worked at">CORNELL PHONETICS LAB</label> | H    U    R    <label type="Years of Experience">Mar 2012  May 2013</label> | <label type="Location">Ithaca, NY</label>  <label type="Soft Skills">Lead</label> the development of QuickTongue, the \xef\xac\x81rst ever breakthrough  tongue-controlled game with Prof Sam Tilsen to aid in Linguistics research.  Publication submitted.    AWARDS  2014  2014  2014  2013  2013  2012  2011  2010    top 52/2500  2nd most points  1st /50  National  7th /120  2nd /150  National  National    KPCB Engineering Fellow  Google Code Jam, Quali\xef\xac\x81cation Round  Microsoft Coding Competition, Cornell  Jump Trading Challenge Finalist  CS 3410 Cache Race Bot Tournament  CS 3110 Biannual Intra-Class Bot Tournament  Indian National Mathematics Olympiad (INMO) Finalist  Comp. Soc. of India's National Programming Contest    SOCIETIES  2014  2014  2012  2012    top 12%ile  National  National  National    Tau Beta Pi Engineering Honor Society  The Global Leadership and Education Forum (tGELF)  Golden Key International Honor Society  National Society of Collegiate Scholars"
</cv>
