<?xml version="1.0" encoding="UTF-8"?>
<cv>
"RESUME  <label type="Name">Adelaida Kozey</label>  Address:  Phone:  Email:    35 Albert Street, Williamstown, 3016  0409 670 578, 9397 7959  <label type="Email Address">Enoch16@khab.biz</label>    PROFILE  An experienced <label type="Designation">Project Leader</label>/<label type="Designation">Senior Analyst Programmer</label> with <label type="Years of Experience">30+ years</label> in the IT industry. Provided  specialist support to the development, delivery and enhancement of <label type="Job Specific Skills">Electronic Funds Transfer</label> and  <label type="Job Specific Skills">Retail Banking products and services</label>.  Competencies include:  \xef\x82\xa7  \xef\x82\xa7  \xef\x82\xa7    Strong <label type="Soft Skills">customer focus</label>  Excellent industry knowledge  <label type="Soft Skills">Adaptable</label>    \xef\x82\xa7  \xef\x82\xa7  \xef\x82\xa7    <label type="Soft Skills">Problem resolution</label>  <label type="Soft Skills">Value Adding</label>  <label type="Soft Skills">Eye for detail</label>    EFT CAREER HIGHLIGHTS  <label type="Years of Experience">2005-06</label>    Developed, Unit, System, DR and ETE tested batch settlement reports and batch  processing stream for ANZ P2C project, within critical project timeframes    <label type="Years of Experience">2002-04</label>    Upgraded ACIP BASE24 to Release 6.0 and developed SAA Triple DES and TSS  ESM enhancements  Developed and installed XPNET API to connect FDR acquirer with Pathway  Authorisation system, replacing redundant ASYNCH protocol with X25 at HUECU  Migrated BASE24 to S Series and co-ordinated communications testing for BP    <label type="Years of Experience">1998-02</label>    Provided 1st and 2nd Level Help Desk support for the ACI BASE24 ATM and POS  products throughout <label type="Location">Australia</label> and <label type="Location">New Zealand</label>.    <label type="Years of Experience">1997</label>    Co-ordinated Interchange testing for ANZ BASE24 5.1.2 upgrade project, included Recertification of MasterCard APC and VISA AVS Interchanges and successful testing of  all POS Interchanges, within critical project timeframes    <label type="Years of Experience">1989-90</label>    Installed and customised Tandem TESS Switch, POS and ATM Manager systems at  SBNSW, developing Eracom security module support and AS2805 dynamic key  management.    <label type="Years of Experience">1987-88</label>    Project Leader converting TESS Switch, POS and ATM Manager systems from  Tandem to the IBM System 88/STRATUS, personally developing AS2805 Interface  and Burroughs 1810 Device Handler.    <label type="Years of Experience">1985- 86</label>    Set up Victorian Switch as part of new Building Society Cash card ATM &amp; EFTPOS  network    TECHNICAL SUMMARY  Software/Languages/Tools  TAL  PATHWAY/SCOBOL  TACL, BATCHCOM  CONNECT:DIRECT  TEST DIRECTOR  TSO/ISPF, MVS JCL  EASYTRIEVE  CONTROL-M, CONTROL-D    CICS/VSAM  <label type="Tech Tools">COBOL</label> ,76, II, 85  ENDEVOR  DB2, FILEAID  ASP/ACCESS , <label type="Tech Tools">IIS</label>  <label type="Tech Tools">SQL SERVER 7</label>  Consumer Transaction (PC)    PROFESSIONAL EXPERIENCE  <label type="Companies worked at">ANZ</label>  <label type="Years of Experience">May 2005 to March 2006</label>  <label type="Designation">Contract Senior Analyst Programmer</label> - Tandem Batch / BASE24 POS to CTM Project  Project to collect and deliver EFTPOS merchant, acquirer and issuer settlement totals to IBM host  system.  Responsibilities/Achievements:  \xef\x82\xa7 Develop batch settlement summary and transaction detail reports in COBOL and TAL  \xef\x82\xa7 Develop TEST DIRECTOR scripts and perform Unit and DR testing  \xef\x82\xa7 Develop complex batch processing job stream, including CONNECT:DIRECT file transfer under  BATCHCOM, using TACL routines and extended memory segments  \xef\x82\xa7 System, ETE and DR test environment batch processing installation and support  BENDIGO BANK LIMITED  Contract Senior Analyst Programmer    February to April 2005    Responsibilities/Achievements:  \xef\x82\xa7 Install latest Carreker Fraudlink ON US Cheque and Deposit application upgrades into ENDEVOR,  applied BBL customisation, compiled and unit tested to schedule  \xef\x82\xa7 Specification, coding and unit testing tasks as member of RFS 5.3 enhancements projects team.  Projects included:  - Cashcard AS2805 interface fallback voucher modifications differential analysis and specification  - introduced Elders accounts new pro-rata quarterly fees modifications, code and extensive batch  cycle unit testing  <label type="Companies worked at">ACI WORLDWIDE</label> (PACIFIC)  <label type="Years of Experience">October 2002 to September 2004</label>  <label type="Companies worked at">ACI WORLDWIDE</label> (PACIFIC) is the <label type="Location">Australian</label> subsidiary of <label type="Companies worked at">Applied Communications Inc</label> (ACI). ACI  supply HP Nonstop based BASE24 EFT products to 60% of the world EFT market. BASE24 consists  of online transaction processes written in TAL and screen requester/servers written in ScreenCOBOL  and COBOL.  <label type="Designation">Technical Consultant</label> / <label type="Designation">Senior Analyst Programmer</label> - BASE24 6.0  Responsibilities:  \xef\x82\xa7 Upgrade ACI Asia / Pacific specific code to run under  the newest release of BASE24 (Release 6.0) and make use of latest enhancements  \xef\x82\xa7 Support ACIP client base in migration to BASE24 Release 6.0  Achievements:  \xef\x82\xa7 Migrated BASE24 Prepaid to release 6.0, including AS2805 f120 token enhancement  \xef\x82\xa7 Enhanced SAA TDES, supported variable length Public keys, restored data key support and  developed ESM MKII Transaction Security Services (TSS) support (refer diagram at end)  \xef\x82\xa7 Migrated BASE24 POS AS2805 device handler to release 6.0  \xef\x82\xa7 Included TDES support in VPRO SAA and ATM components    <label type="Name">Adelaida Kozey</label>  Resume    <label type="Email Address">Enoch16@khab.biz</label>    Page 2 of 6    \xef\x82\xa7  \xef\x82\xa7  \xef\x82\xa7    Merged AMBCOM and SECUCOM (MKII) ESM command interfaces and included TDES software  support  Specified and developed BASE24 Gift Voucher enhancements for eTREND  Installed BASE24 Release 6.0, TCP/IP, SAA, CPF, CAF/PBF    Senior A/P Customer Projects  Achievements in italics  \xef\x82\xa7 HUECU - developed and installed XPNET API to connect FDR acquirer with Pathway Authorisation  system, replacing redundant ASYNCH protocol with X25  (rescued project after initial sales blunder, by quickly developing and installing API to sit between  XPNET stations, assisted customer in resolving FDR protocol and message format issues outside  of ACIP project scope)  \xef\x82\xa7 BP - migrated BASE24 POS from offsite D Series to onsite S Series, included XPNET/BASE24  installation, assessment of capability to perform production level of performance against existing  BP applications (VPRO stress test) and integration testing of BASE24 with in house and external  systems through a new communications network  (troubleshooted a number of communications problems and facilitated their resolution between  external parties, which threatened to delay implementation)    <label type="Companies worked at">ACI WORLDWIDE</label> (PACIFIC)  <label type="Designation">Help Desk Support</label>, <label type="Job Specific Skills">Software Distribution</label>    <label type="Years of Experience">November 1997 to September 2002</label>    Responsibilities:  \xef\x82\xa7 Provide <label type="Job Specific Skills">1st and 2nd Level Help Desk support</label> for the ACI BASE24 ATM, POS and Switching  products throughout <label type="Location">Australia</label> and <label type="Location">New Zealand</label>. Gather information, analyse and resolve  problems, liase with support staff in <label type="Location">Melbourne</label> and <label type="Location">Omaha, Nebraska</label>  \xef\x82\xa7 Distribute software fixes and updates to clients.  \xef\x82\xa7 Train up on new ACI products Extricator/Replicator and eCourier to provide ANZ and HPA with first  level support  Achievements:  \xef\x82\xa7 Provided reliable and responsive direct contact with client technical resources  \xef\x82\xa7 Solicited detailed, precise and specific case information to expedite speedy problem resolution  from <label type="Location">Omaha</label> based resources in non overlapping time zone  \xef\x82\xa7 Gained in depth knowledge of XPNET and BASE24 applications while productively involved  resolving pressing customer issues  \xef\x82\xa7 Installed eCourier customer email billing system on LINUX in <label type="Location">Edmonton, Canada</label>    <label type="Name">Adelaida Kozey</label>  Resume    <label type="Email Address">Enoch16@khab.biz</label>    Page 3 of 6    <label type="Designation">Senior A/P Special Projects</label>  Responsibilities:  \xef\x82\xa7 BASE24 Inventory/PrePaid SAA development for OPTUS  \xef\x82\xa7 Customer Information System (CIS) design, development and support - MS IIS, ASP, JScript,  SQLServer7, JavaScript  \xef\x82\xa7 ACIP Intranet Development &amp; Support - scoped, designed and developed on web server platform  (MS IIS, ASP, ACCESS)  \xef\x82\xa7 ACIP External Website Support - FrontPage  \xef\x82\xa7 HELP24 Clarify Database rollout for Asia Pacific  \xef\x82\xa7 Installed and customised the ACI BASE24 Telebanking/Billpay system  \xef\x82\xa7 Upgraded and tested the Help Service problem resolution database to be Y2K compliant.  Achievements:  \xef\x82\xa7 Completed Post Graduate CSE Web Development subject at RMIT (High Distinction) during own  time  \xef\x82\xa7 Produced proof of concept document and developed prototype of browser based Intranet site, then  developed application and built ACIP Intranet  \xef\x82\xa7 Produced feasibility report into replacing Tandem based Asia Pacific BASE24 problem tracking  system with Omaha based Clarify system, with local client and co-ordinated rollout of new system  to Asia Pacific  \xef\x82\xa7 Replicated parent company third party CIS VB client application functionality (used by ACIP sales  and marketing staff, but support for product retired) to run on web server, with browser client  <label type="Companies worked at">ACI PACIFIC/ANZ</label>  <label type="Designation">Interchange Testing Co-Ordinator</label>/<label type="Designation">System Tester</label>    <label type="Years of Experience">November 1996 to October 1997</label>    Project to upgrade ANZ's EFTPOS software to the 5.1.2 release of ACI's Base24 product  Responsibilities:  \xef\x82\xa7 Co-ordinate system testing and re-certification of all ANZ's EFTPOS Interchanges.  \xef\x82\xa7 Develop testing schedule, distribute test plans &amp; cards, tailor test plans, interface with interchange  parties and internal ANZ system test leaders  \xef\x82\xa7 Lead a team of up to five interchange system testers and personally perform considerable testing  during the actual testing phase.  Achievements:  Re-certification of MasterCard APC and VISA AVS Interchanges and successful testing of all POS  Interchanges, within critical project timeframes    <label type="Companies worked at">TANDEM AUSTRALIA DEVELOPMENT</label>  <label type="Designation">Senior Developer (A/P)</label>    <label type="Years of Experience">July 1996 to October 1996</label>    Commenced development of the Auto install and Japanese localisation components of Release 1.5 of  Tandem's PTP Services for the CICS API product (MICROFOCUS UNIKIX COBOL code adapted to  the Tandem).  Japanese Localisation involved connecting PTP through SNAX to IBMs 3270 Personal  Communications Manager on Windows 95. This required installation and configuration of Japanese  versions of the comms manager and windows.    <label type="Name">Adelaida Kozey</label>  Resume    <label type="Email Address">Enoch16@khab.biz</label>    Page 4 of 6    EMPLOYMENT HISTORY  The following projects/roles were performed for a single employer under the changing business  names CONTINUUM, PAXUS, IDAPS, ADAPS &amp; DATA CENTRE.    Position    Project/Role    Date    <label type="Designation">Project Leader</label>/  <label type="Designation">Senior A/P</label>    Converted Victorian Workcover Authority  ADABAS/NATURAL and IMSD/COBOL Customer,  Payables and Receivables sub-systems to  DB2/CICS/COBOL General Insurance/Workcover  Full SDLC project on Sandhurst Trustees and Capital  Building Society accounts conversion &amp; customisation  to RFS for Bendigo Building Society  (Easytrieve+ conversion code interfacing to Online  CICS/COBOL add functions)  Developed a new intelligent workstation delivery  system (IBM CICS) for RFS to support the Consumer  Transaction (CT) message  formats.(CICS/COBOL/ASSEMBLER)  involved in ANZ TBS90 back office banking terminal  software development using CT  (IBM PC DOS, OS/2)  Developed and installed a new EFT Delivery System  supporting STRATUS ON/2 Host/2 message formats  for Co-Op Building Society (IBM CICS)  Managed and lead a small Project team to assist with  the installation of TESS switch and POS Terminal and  ATM Managers for SBNSW. Team developed ESM  support for the switch &amp; a Burroughs 1810 POS  terminal and produced an AS2805 Dynamic Key  Management system. (Tandem/COBOL/TAL)  EFT/88 project, converting Switch, POS and ATM  Manager systems from Tandem to the IBM System  88/STRATUS. (COBOL/TAL to COBOL)  Set up the Idaps Building Society Switch, establishing  interchange links with CCATM's Base24 network,  AUSTNET, VISA Base1, ANZ, NAB &amp; (COBOL/TAL)  Developed Library Circulation, Acquisitions and Online  Cataloguing systems (CICS, COBOL and  ADABAS/Natural.  Projects to develop, Sales Forecasting and Analysis  system for a major retailer, General Accounting System  for a direct outlet wholesaler,  A parts Implosion/Explosion System  Responsible for operation of three Honeywell 200s and  managed transition to Honeywell 2050s, establishing  operating procedures and training other Operations  staff.    <label type="Years of Experience">1995-96</label>    <label type="Designation">Project Leader</label>/  <label type="Designation">Technical Analyst</label>    <label type="Designation">Technical Analyst</label>    <label type="Designation">Senior A/P</label>    <label type="Designation">Project Leader</label>  /<label type="Designation">Senior A/P    Project Leader</label>/  <label type="Designation">Applications  Consultant </label> <label type="Designation">Senior A/P    Project Leader</label>/  <label type="Designation">A/P  Programmer    Operator</label>/  <label type="Designation">Shift leader</label>    <label type="Name">Adelaida Kozey</label>  Resume    <label type="Email Address">Enoch16@khab.biz</label>    <label type="Years of Experience">1992-94    1991    1990    1988-90    1987-88    1985-66    1976-84    1973-76    1970-73</label>    Page 5 of 6    WEB SITES  The following Web Sites developed using HTML, server side includes, ASP and ACCESS as  appropriate:  Australian Neuroscience Nursing Association  - http://anna.asn.au/  Victoria Manor - http://victoriamanor.com.au  Nicolet - http://nicolet.com.au  Friends of Bellarine Rail Trail  http://fbrt.com.au  Dynamic Communities - http://dynacomm.info    DIAGRAMS  The following diagram illustrates the BASE24 online processing configuration used to test SAA ESM  TDES under TSS:    VPRO02    Gateway Path    VPRO01  STM    Device Handler    ATM    SAA03    ICFE  PSTM    SAA01    KEYF    Interchange    Ichange    STM  (BC TKN)    SAA02  P/STM  (BC TKN)    ISL01    SAA04  STM  (BC TKN)    AUTH/  RTAU    ISL02    KEYS  TSS  KEYS  P/ATD  P/ATD  HSM    REFERENCES  Details provided on request    <label type="Name">Adelaida Kozey</label>  Resume    <label type="Email Address">Enoch16@khab.biz</label>    Page 6 of 6"
</cv>
