<?xml version="1.0" encoding="UTF-8"?>
<cv>
"<label type="Name">Derek Kub</label>    1255 University, <label type="Location">Montreal, QC</label>    123 345-7890    PROFILE  I am a competent analyst <label type="Designation">programmer</label> with a solid expertise in the information technology industry, mainly  under <label type="Tech Tools">Windows</label> platform, using <label type="Tech Tools">C</label>/<label type="Tech Tools">C++</label>/<label type="Tech Tools">C#</label> languages and <label type="Tech Tools">MFC</label>, <label type="Tech Tools">.Net</label>, <label type="Tech Tools">.Net mobile</label>, <label type="Tech Tools">ASP.NET</label> frameworks. I  have strong skills in <label type="Job Specific Skills">object-oriented programming</label> and also have experience <label type="Job Specific Skills">managing projects</label> with the  <label type="Job Specific Skills">versioning system</label> like <label type="Tech Tools">Visual Source Safe</label> from Microsoft. I also analyzed and developed for radio frequency  mobile units under <label type="Tech Tools">Windows CE</label> and<label type="Tech Tools"> .NET CF 2.0</label> framework. I evolved within a high tech environment such  as aeronautical and radiology industries. <label type="Tech Tools">SQL database</label>, <label type="Tech Tools">DIS</label>, <label type="Tech Tools">HLA</label> <label type="Job Specific Skills">networking protocols</label> and <label type="Tech Tools">UNIX</label> platform  are also part of my curriculum. I also completed an extensive <label type="Tech Tools">SharePoint</label> training.  EDUCATION      <label type="Graduation Year">August 1994</label>  <label type="Degree">Bachelor of Science (B.Sc.)</label>  <label type="College Name">University of Montreal</label>        <label type="Graduation Year">May 1988</label>  <label type="Degree">DEC professional in information technologies</label>  <label type="College Name">Vanier College</label>, <label type="Location">Montreal</label>    ADDITIONAL <label type="Degree">CERTIFIED TRAINING      50064 - Advanced SharePoint 2007 Development</label> (5 days, Microsoft Certified, <label type="College Name">AFI</label> <label type="Graduation Year">2009</label>)        <label type="Degree">Microsoft Office SharePoint Designer</label> (2 days, <label type="College Name">AFI</label> <label type="Graduation Year">2008</label>)        <label type="Degree">Mastering MFC Fundamentals Using MS Visual C++ 6</label> (Microsoft Certified, Versalys <label type="Graduation Year">2001</label>)        Analysis and object oriented conception with <label type="Tech Tools">UML</label> (Technologia Training - 2001)        Advanced object conception with designs patterns (Technologia Training -2001)        Introduction to <label type="Tech Tools">JAVA</label> (ABC training - 2000)        <label type="Tech Tools">C++</label> primer on <label type="Tech Tools">UNIX</label> (ABC training - 1997)        <label type="Tech Tools">C</label> language (ABC training - 1995)        Programming with <label type="Tech Tools">X et UIMX</label> (CRIM training - 1995)        Military access level NATO/secret    PROFESSIONNAL EXPERIENCE  <label type="Companies worked at">ABC Group</label>, an <label type="Companies worked at">IBM</label> company  since <label type="Years of Experience">January 2007</label>  <label type="Companies worked at">XYZ Client Inc</label>.  <label type="Years of Experience">February 2008 to January 2009</label>  <label type="Years of Experience">12 months</label>  <label type="Designation">Web development</label> and <label type="Designation">applications support  Development</label>, maintenance and support of web applications for international sites.      Develop new functionalities,        Support key customer for web applications around the globe,        Debug the web applications,    Page 1    <label type="Name">Derek Kub</label>    1255 University, <label type="Location">Montreal, QC</label>        Improve existing functionalities,        Create <label type="Tech Tools">SQL</label> scripts for data extraction and custom reports.    123 345-7890    Environment: <label type="Tech Tools">Microsoft</label>, <label type="Tech Tools">Windows XP</label>, Language: <label type="Tech Tools">C#</label>, <label type="Tech Tools">JavaScript</label>, <label type="Tech Tools">.NET 1.1 and 2.0</label>, <label type="Tech Tools">SQL Server 2000</label>.  ABC M\xc3\xa9tro  <label type="Years of Experience">November to December 2007</label>  <label type="Years of Experience">9 weeks</label>  <label type="Designation">Architecture and infrastructure audit</label>  Audit of architecture and infrastructure to identify data flow problems in the application mobility.      Review and document the architecture in place,        Develop a presentation to demonstrate deficient architecture for the IT customer and to allow IBM  architects to identify the problems,        Prepare and present a weekly progress report to the customer,        Coordinate meetings,        Work with management team to provide solutions,        Prepare and present solutions to the customer.    Environment: <label type="Tech Tools">SAP</label>, <label type="Tech Tools">NetWeaver 6.4</label>, <label type="Tech Tools">Hibernate</label>, <label type="Tech Tools">DB2</label>, <label type="Tech Tools">ClickSchedule</label>, <label type="Tech Tools">SQL Server 2005</label>, <label type="Tech Tools">IIS</label>,<label type="Tech Tools"> .Net CF</label>.  <label type="Companies worked at">Air Canada</label>  <label type="Years of Experience">September to November 2007</label>  <label type="Years of Experience">9 weeks</label>  <label type="Designation">Analyst Programmer</label>  Analysis and documentation of an application that builds complex <label type="Tech Tools">XML</label> requests. It is used in the changes of  flights pre/post departure      Analysis and breakdown of the application functions,        Production of a \xc2\xab High level design document \xc2\xbb,        Production of a \xc2\xab Software design document \xc2\xbb.    Environment: <label type="Tech Tools">Microsoft</label>, <label type="Tech Tools">Windows 2000</label>, language <label type="Tech Tools">C</label>, <label type="Companies worked at">XML  Consultants Canada</label>  <label type="Years of Experience">January to August 2007</label>  <label type="Years of Experience">31 weeks</label>  <label type="Designation">Analyst Programmer</label>  Programming of a radio frequency mobile device (Symbol WT4090) using <label type="Tech Tools">Windows CE 5.0</label>. The goal of this  application is to replace paper picking, reduce the error rate, allow real-time database updates, monitor the  efficiency of the pickers and eliminate a quality control position:      Implement and manage a version system using \xc2\xab<label type="Tech Tools">Microsoft Visual Source Safe</label> (v8.0)\xc2\xbb        Programmed a client application  multithreading - <label type="Tech Tools">C#</label> with <label type="Tech Tools">.NET CF 2.0</label> for a <label type="Tech Tools">Windows CE 5.0</label>  platform        Participated in the creation and implementation of the mobile device framework        Created \xc2\xab <label type="Job Specific Skills">Data Access Object (DAO)</label> \xc2\xbb for communication between the mobile device and the  request management system TIBCO  Page 2    <label type="Name">Derek Kub</label>    1255 University, <label type="Location">Montreal, QC</label>        Generated <label type="Job Specific Skills">unit testing</label> utilizing \xc2\xab <label type="Tech Tools">NUnit</label> <label type="Tech Tools">.Net 2.0</label> \xc2\xbb        Trained programmers in the RF support team    123 345-7890    Environment: <label type="Tech Tools">Microsoft</label>, <label type="Tech Tools">Windows CE 5.0</label>, <label type="Tech Tools">C#</label>, <label type="Tech Tools">.NET CF 2.0</label>  <label type="Companies worked at">XYZ Group Ltd</label>.  <label type="Years of Experience">October 2005 to January 2007</label>  <label type="Designation">Analyst Programmer</label>      Implementation and management of a control system, version <label type="Job Specific Skills">Visual Source Safe (v6.0)</label>;        Development of the Radiology Information System (RIS) interface functionality;        Analysis and programming of functions relating to the communication of medical reports by fax and email, using COM objects;        Analysis and development of an appointment software for medical clinics;        Creation and implementation of a Framework for the development team;        Implementation of a 3 tier architecture;        Installation and client support.    Environment: Microsoft, <label type="Tech Tools">C++</label>, <label type="Tech Tools">MFC</label>, <label type="Tech Tools">SQL</label>  <label type="Companies worked at">Swimsuits Inc.</label>  <label type="Years of Experience">April to June 2005 </label> Short term contract  Creation of a <label type="Tech Tools">Microsoft SQL 2000</label> database and generation of different reports. The original database came  from a sophisticated security system and required adaptation. It was necessary to determine the relationship  between the <label type="Tech Tools">SQL</label> tables from the product level, to create various reports using Microsoft Report Generator  and then incorporate the reports into the company intranet site. <label type="Tech Tools">C#</label> code was added to specific reports when  customization was required. Also devised and created <label type="Tech Tools">C#</label> applications that provided department-specific  information. Software version was controlled by <label type="Tech Tools">Microsoft Visual Source Safe (v6.0)</label>  Environment: Microsoft, <label type="Tech Tools">MSSQL</label>, <label type="Tech Tools">C#</label>, <label type="Tech Tools">.Net</label>    <label type="Companies worked at">Aeronautic Inc.</label>  <label type="Years of Experience">March 1995 to February 2005</label>  <label type="Designation">Military division  Software developer</label> level III  <label type="Companies worked at">ASSIT group</label> - <label type="Years of Experience">January 2002 to February 2005</label>      Create and develop in <label type="Tech Tools">C#</label> control user interfaces of a simulation exercise, in partnership with ABC  USA;        Debug the framework of the ASSIST product in <label type="Tech Tools">C#</label>;        Develop product adapters, making the connection between unmanaged <label type="Tech Tools">C++</label> and <label type="Tech Tools">C#</label>;        Create, in partnership with ABC Germany, an application in <label type="Tech Tools">C#</label> that allowed the display of simulation  in 2D and 2.5D;    Page 3    <label type="Name">Derek Kub</label>    1255 University, <label type="Location">Montreal, QC</label>    123 345-7890        Develop and integrate a plug-in <label type="Tech Tools">C++</label>, keeping the simulation towards an <label type="Tech Tools">SQL database</label>;        Create user interfaces and applications in <label type="Tech Tools">C++ (MFC)</label> to show various clients the capacity of the  simulation software;        Create applications and make reverse engineering with Borland Together version 6;        Develop with <label type="Tech Tools">MS Visual Studio</label> and <label type="Tech Tools">MS Studio .NET</label>.    Environment: Microsoft, <label type="Tech Tools">C#</label> and <label type="Tech Tools">C++</label>.  <label type="Companies worked at">Network Group</label> - <label type="Years of Experience">June 1998 to June 2000</label>      Develop with <label type="Tech Tools">C++</label> and integrate on site Protocol Data Unit. Management of migration from protocol  DIS towards protocol HLA;        Creation and development of a network sniffer which allows saving of all PDU from various  simulations originating from different sites in order to replay the scenario;        Development of client/server interfaces in real time under the protocol TCP/IP and UDP/IP for interconnection of various simulations.    Environment: <label type="Tech Tools">UNIX</label>, <label type="Tech Tools">C</label> and <label type="Tech Tools">C++</label>.    <label type="Companies worked at">DBMS Group</label>  <label type="Years of Experience">March 1995 to December 2002 </label>     Create, develop and maintain user interfaces specialized in X-Windows for updating the simulation  database, using system version CVS;        Maintain and update various project documents;        Maintain and update, using Fortran, the simulation database charger;        Create, develop and maintain control interfaces in real time of simulation products;        Modify and update development tool libraries in X-Windows used by the department;        Training of new employees and international employees on user interface development, specialized in  <label type="Tech Tools">X-Windows</label>;        Integrate on site and off site (clients) various simulation software;        <label type="Job Specific Skills">Client support</label>.    Environment: <label type="Tech Tools">UNIX</label>, <label type="Tech Tools">C</label> and <label type="Tech Tools">FORTRAN</label>.  Environment <label type="Location">Canada</label>, <label type="Companies worked at">Saint-Laurent Center</label>  <label type="Years of Experience">June 1990 to march 1995</label>  <label type="Designation">Computer technician</label>  Technical support within the computer division (over 125 stations), including implementation of an inventory  system. Also, trained and supervised two employees and participated in the budget planning process.    Page 4    <label type="Name">Derek Kub</label>    1255 University, <label type="Location">Montreal, QC</label>    123 345-7890    <label type="Companies worked at">Mutual Insurance Group</label>  <label type="Years of Experience">Mai to October 1989</label>  <label type="Designation">Computer technician</label>  Development, <label type="Job Specific Skills">customer database management</label>, a range of computer and terminal support tasks.    TECHNOLOGY KNOWLEDGE  Programming Languages  Professional:      <label type="Tech Tools">.NET</label>, <label type="Tech Tools">.NET CF</label>, <label type="Tech Tools">C#</label>, <label type="Tech Tools">C++ (MFC)</label>, <label type="Tech Tools">C</label>, <label type="Tech Tools">Fortran</label>, <label type="Tech Tools">Cobol</label>, <label type="Tech Tools">Motif</label>, <label type="Tech Tools">Xlib</label>, <label type="Tech Tools">Xtoolkit</label>, <label type="Tech Tools">Transact SQL</label>    Academic:      <label type="Tech Tools">Modula II</label>, <label type="Tech Tools">Pascal</label>, <label type="Tech Tools">Assembler</label>    Environment and OS      <label type="Tech Tools">Windows</label>        <label type="Tech Tools">DOS</label>, <label type="Tech Tools">Unix</label>, <label type="Tech Tools">VMS    Machines</label>      PC and compatibles, Work station SGI, IBM series rx6000, VAX, DEC Alpha    Page 5"
</cv>
