<?xml version="1.0" encoding="UTF-8"?>
<cv>
"<label type="Name">Ernestine Mertz</label>  1405 Columbia Ave., Apt. #17 | <label type="Location">Sometown, OH</label> 43085 | (123)345-7890  <label type="Email Address">TCarter@yahoo.com</label> | BeFound Profile | @twitterhandle | LinkedIn | Portfolio Lin    <label type="Designation">Web Developer</label>        <label type="Designation">Junior Web developer</label> able to build a Web presence from the ground up -- from  <label type="Job Specific Skills">concept</label>, <label type="Job Specific Skills">navigation</label>, <label type="Job Specific Skills">layout</label> and <label type="Job Specific Skills">programming</label> to <label type="Job Specific Skills">UX</label> and <label type="Job Specific Skills">SEO</label>.\xe2\x80\x94        <label type="Soft Skills">Fast learner</label>, <label type="Soft Skills">hard worker</label> and <label type="Soft Skills">team player</label> who is proficient in an array of scripting  languages and multimedia Web tools.    Technical Toolbox  Languages: Proficient in <label type="Tech Tools">JavaScript</label>, <label type="Tech Tools">CSS</label>, <label type="Tech Tools">HTML</label>, <label type="Tech Tools">XHTML</label>, <label type="Tech Tools">Java</label>, <label type="Tech Tools">.Net</label> and <label type="Tech Tools">Python</label>.  <label type="Tech Tools">Adobe Suite</label>: Skilled in <label type="Tech Tools">Adobe CS5.5</label> <label type="Tech Tools">Web Premium</label> -- <label type="Tech Tools">Dreamweaver</label>, <label type="Tech Tools">Flash Catalyst</label>,  <label type="Tech Tools">Flash Professional</label>, <label type="Tech Tools">Flash Builder</label>, <label type="Tech Tools">Photoshop</label>, <label type="Tech Tools">Illustrator</label>, <label type="Tech Tools">Acrobat X Pro</label>, <label type="Tech Tools">Fireworks</label>,  Contribute, Bridge, Device Central and Media Encoder.  Additional Web Tools: Skilled in Rich <label type="Job Specific Skills">Internet Applications</label> including <label type="Tech Tools">Flash</label>, <label type="Tech Tools">Flex</label>, <label type="Tech Tools">AIR</label>  and <label type="Tech Tools">JavaFX</label>. Experienced in using <label type="Tech Tools">REST</label>, <label type="Tech Tools">SOAP</label> and <label type="Tech Tools">XML</label>. Familiar with <label type="Tech Tools">FrontPage</label>,  <label type="Tech Tools">Webtrends</label> and validation tools.  Education  <label type="College Name">ABC UNIVERSITY</label> -- <label type="Location">Sometown, OH</label>  <label type="Degree">BS, Information Technology</label>, Concentration in <label type="Job Specific Skills">Web Site Development</label>, degree  expected <label type="Graduation Year">6/2012</label>    Courses:      <label type="Job Specific Skills">Web &amp; Multimedia Development</label>        <label type="Job Specific Skills">Web Content Management</label>        <label type="Job Specific Skills">Digital &amp; Interactive Design</label>        <label type="Job Specific Skills">Internet Technologies</label>        <label type="Job Specific Skills">Graphic &amp; GUI Design</label>        <label type="Job Specific Skills">Compression Formats</label>        <label type="Job Specific Skills">Search Engine Optimization (SEO)</label>        <label type="Job Specific Skills">Audio/Video Editing</label>        <label type="Job Specific Skills">3D Animation</label> &amp; <label type="Job Specific Skills">Agile Methodologies</label>     <label type="Job Specific Skills">System Security</label>    Web Development Experience  <label type="Companies worked at">ABC CHARITY</label>, Sometown Chapter -- <label type="Location">Sometown, OH</label>  <label type="Designation">Web Developer</label>, <label type="Years of Experience">Summers 2009-2011</label>  Volunteered as a <label type="Designation">Web developer</label> for newly opened animal shelter.        Co-developed a dynamic, secure Web site from scratch. Launched visually  appealing, user-friendly Webscape with interactive features to optimize traffic,  page views, site ""stickiness"" and <label type="Job Specific Skills">user experience (UX)</label>.        Used <label type="Job Specific Skills">SEO</label> best practices to elevate organization\'s Web presence.        Created online surveys, contests and donation forms that boosted funding and  organizational visibility. Helped drive $38K in ecommerce revenues.        Engineered innovative ""Adopt-a-Pet"" Web application customized for mobile  devices. Honored with ""Volunteer of the Year"" award as a result.    .."
</cv>
