<?xml version="1.0" encoding="UTF-8"?>
<cv>
"Professional Summary  Exceptionally focused and reliable <label type="Designation">Entry Level Java Developer</label> with an outstanding  <label type="Soft Skills">work ethic</label> and computer language knowledge base. Adept at explaining complex  computer development concepts and processes to a variety of professional and lay  audiences in a clear and accessible manner. Able to work well independently or as  part of a professional computer program development team.  Core Qualifications      Extensive familiarity with <label type="Tech Tools">PL/SQL</label>, <label type="Tech Tools">Oracle</label> and <label type="Tech Tools">MySQL</label> <label type="Job Specific Skills">database management</label>        Strong expertise in <label type="Tech Tools">JBuilder</label>, <label type="Tech Tools">XML</label>, <label type="Tech Tools">Flash</label>, <label type="Tech Tools">PHP</label>, <label type="Tech Tools">Apache</label>, <label type="Tech Tools">Java Servlet</label>, <label type="Tech Tools">JavaScript</label>,  <label type="Tech Tools">Swing</label>, <label type="Tech Tools">ASP</label>, <label type="Tech Tools">CSS</label> and <label type="Tech Tools">HTML</label>        Excellent proficiency in <label type="Tech Tools">Tomcat</label>, <label type="Tech Tools">Apache</label> and <label type="Tech Tools">IIS</label> web servers        Outstanding knowledge of <label type="Tech Tools">SOAP</label>, <label type="Tech Tools">TCP/IP</label>, <label type="Tech Tools">HTTP</label>, <label type="Tech Tools">UDP</label> and <label type="Tech Tools">FTP</label> protocols        High skills in <label type="Tech Tools">Ajax</label>, <label type="Tech Tools">VB</label>, and <label type="Tech Tools">Shell</label> scripting languages        Exceptional abilities in using <label type="Job Specific Skills">source code analysis</label> tools, automated build process  and <label type="Job Specific Skills">unit testing</label>        Good <label type="Soft Skills">oral and written communication abilities</label>    Internship Experience <label type="Years of Experience">June 2013 to Present</label> <label type="Companies worked at">AbleTech Solutions, Inc.</label>, <label type="Location">Minneapolis,  MN</label> <label type="Designation">Java Developer</label>      Contributed to servlet based application development.        Assisted in maintaining and updating existing applications and modules.        Helped design form validation programs using <label type="Tech Tools">HTML</label> and <label type="Tech Tools">JavaScript</label>.        Contributed to development of client side and server side codes for external and  internal web applications.        Provided assistance and support to programming team members as required.    Experience  <label type="Years of Experience">June 2013 to Present</label> <label type="Companies worked at">AbleTech Solutions, Inc.</label>, <label type="Location">Minneapolis, MN</label> <label type="Designation">Java Developer</label>      Contributed to servlet based application development.        Assisted in maintaining and updating existing applications and modules.        Helped design form validation programs using <label type="Tech Tools">HTML</label> and <label type="Tech Tools">JavaScript</label>.        Contributed to development of client side and server side codes for external and  internal web applications.        Provided assistance and support to programming team members as required.    Education  <label type="Graduation Year">2013</label> <label type="College Name">University of Minnesota</label>, <label type="Location">Minneapolis, MN</label> <label type="Degree">Bachelor's Degree in Computer  Science Engineering</label> GPA3.71 on a 4.0 scaleAwards, Honors and Certifications2013  <label type="Degree">Sun Certified Developer for Java Web Services (SCDJWS)</label> <label type="Graduation Year">2013</label> <label type="Degree">Sun Certified Java  Developer (SCJD)</label> 2009-13 Dean's List"
</cv>
