<?xml version="1.0" encoding="UTF-8"?>
<cv>
"To work in an environment that provides ample opportunities for my career to expand  my skills and knowledge and to be an asset to the organization by constantly adding  value to it.  Work Experience  Need for <label type="Designation">Java/J2ee Developer</label>  <label type="College Name">MAASMIND Java Training Institute</label>  <label type="Location">Chennai, Tamil Nadu</label>  <label type="Years of Experience">June 2014 to Present</label>  <label type="Years of Experience">4 Years</label> Worked as a Software Faculty.  Currently Working as a <label type="Designation">Java/J2ee Trainer</label> in <label type="College Name">MAASMIND Java Training Institute</label>.    JOB RESPONSIBILITY  \xe2\x9d\x96 <label type="Soft Skills">Hard work</label>    \xe2\x9d\x96 <label type="Soft Skills">Smart work</label>    \xe2\x9d\x96 <label type="Soft Skills">Team Work</label>    \xe2\x9d\x96 <label type="Soft Skills">Good Relationship</label>    \xe2\x9d\x96 <label type="Soft Skills">Leadership</label>  Education  <label type="Degree">Master Of Computer Applications</label>  <label type="College Name">University Of Madras</label> <label type="Location">Chennai, Tamil Nadu</label>  <label type="Graduation Year">May 2010</label>  <label type="Degree">Bachelor Of Computer Applications</label>  <label type="College Name">University Of Madras</label> <label type="Location">Chennai, Tamil Nadu</label>  <label type="Graduation Year">May 2007</label>  <label type="Degree">Diploma in Computer Technology</label>  <label type="College Name">Central Polytechnic College</label>  <label type="Graduation Year">July 2005</label>  J.G.G.G.Hr.Sec.School  April 2003    Skills  Core <label type="Tech Tools">Java</label>/<label type="Tech Tools">J2ee</label>, <label type="Tech Tools">Struts</label>, <label type="Tech Tools">Spring</label>, <label type="Tech Tools">Html</label>, <label type="Tech Tools">Css</label>, <label type="Tech Tools">Java Script</label>, <label type="Tech Tools">C</label>, <label type="Tech Tools">C++</label>, <label type="Tech Tools">Oracle</label> (4 years)  Additional Information  TECHNICAL SKILLS    Operating System <label type="Tech Tools">WINDOWS 98/xp/7</label>  Programming Language <label type="Tech Tools">Core Java</label>, <label type="Tech Tools">J2EE</label>, <label type="Tech Tools">C</label>, <label type="Tech Tools">C++</label>  FrameWork <label type="Tech Tools">Struts</label>, <label type="Tech Tools">Spring</label>  Scripting Language <label type="Tech Tools">Java Script</label>  DataBase <label type="Tech Tools">Oracle 10G</label>  Designing Environment <label type="Tech Tools">HTML</label>, <label type="Tech Tools">CSS</label>"
</cv>
