<?xml version="1.0" encoding="UTF-8"?>
<cv>
"<label type="Name">Hal Schmeler</label>, MS (CS), MS (TPP), CSM, <label type="Degree">PMP</label>  232 Olive Ave, <label type="Location">North York, ON</label>, M2N 4P6  (123)345-7890, <label type="Email Address">uHowe@kjat.biz</label>  Profile  <label type="Name">Hal Schmeler</label> has a strong background in technology complemented with <label type="Soft Skills">leadership</label> positions in  regional and provincial <label type="Job Specific Skills">healthcare projects</label>. He has served in leadership positions for healthcare  projects with budgets ranging from $2 million to $55 million. He is experienced visioning, costing  and executing projects from inception to launch and is able to provide a structured framework to  analyze complex situations into simple strategic imperatives. As a <label type="Degree">PMP</label> and <label type="Designation">CSM</label>, <label type="Name">Hal Schmeler</label> is  certified in both <label type="Job Specific Skills">agile</label> and traditional <label type="Job Specific Skills">project management</label>.    Areas of Expertise                  <label type="Soft Skills">Leadership</label> and <label type="Soft Skills">innovation</label>  <label type="Soft Skills">Strategic thinking</label>  <label type="Job Specific Skills">IT implementations</label>  <label type="Job Specific Skills">Project management</label>  <label type="Job Specific Skills">Business analysis</label> and <label type="Job Specific Skills">process redesign</label>  <label type="Job Specific Skills">Procurement</label> and RFPs  <label type="Job Specific Skills">Performance management</label> and scorecards    Education  <label type="Graduation Year">2003-2006  2003-2006  2003-2005  1995-2000</label>    <label type="College Name">MIT</label>  <label type="College Name">MIT</label>  <label type="College Name">Harvard</label>  <label type="College Name">Waterloo</label>    <label type="Degree">MS</label>  <label type="Degree">MS  RA</label>  Honors <label type="Degree">BASc</label>.    <label type="Degree">Technology &amp; Policy  Computer Science  Medical Informatics</label>  <label type="Job Specific Skills">Computer Engineering</label>    (<label type="Degree">Health Informatics Specialty</label>)  (<label type="Job Specific Skills">Health Informatics Specialty</label>)    <label type="Companies worked at">Employment  Courtyard Group</label>, <label type="Designation">Consultant</label>, <label type="Years of Experience">2006-Present</label>  \xe2\x80\xa2  \xe2\x80\xa2  \xe2\x80\xa2    Designated \xe2\x80\x9cExpert\xe2\x80\x9d in <label type="Job Specific Skills">Hospital and Health Information Systems</label>  Authored company wide-methodology for implementing <label type="Job Specific Skills">hospital and health information systems</label>.  Regularly ranked within top 10 of 100+ consultants for Corporate Development    Selected projects:      Ontario Baseline Diabetes Dataset Initiative (Client: <label type="Companies worked at">eHealth Ontario</label>) <label type="Years of Experience">2008-Present</label>    The goals of this project are to analyze OHIP billing data to:  (1) Identify the 900,000 diabetics in Ontario and their Primary Care Providers.  (2) Provide reports to all 9,000 family physicians in Ontario outlining the patients in their  practice who require additional labs and procedures to guidelines for diabetes care.  My role:  \xe2\x80\xa2  \xe2\x80\xa2  \xe2\x80\xa2    Developed strategy, marketing materials, and project plan required to get the necessary  approvals and stakeholder buy-in  Served as project control officer and technical specialist  Created technology to optically read responses from 9000 family physicians concerning  900,000 patients    \xe2\x80\xa6 /2        Ontario Diabetes Registry    (Client: <label type="Companies worked at">Ministry of Health and Long Term Care</label>) <label type="Years of Experience">2008-Present</label>    The goal of this project is to:      Provide the 9,000 family physicians in Ontario with a web-based portal to help  them identify the gap between the care patients receive and the care recommended by  evidence based guidelines based on lab (OLIS) and OHIP data.    My role:                      <label type="Designation">Senior Business Analyst</label> and <label type="Designation">Procurement Lead</label>  Wrote and defended $55 million budget  Lead author RFEI, RFQ, and RFP functional requirements  Defined scope of first release of Diabetes Registry  Reviewed and evaluated vendor responses to RFEI  Negotiated and wrote documentation to release provincial data (OLIS, OHIP, CAPE)  Led team of 5 business analysts to develop business scenarios used in procurement,  requirements and architecture  Validated requirements with clinicians, and other stakeholders    Cardiology Transformation Project (Client: <label type="Companies worked at">William Osler Health Sciences</label>) <label type="Years of Experience">2007-2008</label>  Project: to transform 3 Cardiology departments at 3 hospitals from:    Paper to Paperless    Wired to Wireless    Disconnected silos to a common EMR  Scope              of this project:  3 hospitals  8 new medical device modalities  30 HL7 interfaces  1 data warehouse connected to 6 information systems  3 new information systems (for ECG management, PACS and a Cardiology EMR)    My role:                      <label type="Designation">Technical lead</label> (led team of 8 business analysts, testers, and HL7 specialists).  Developed high-level architecture and requirements for 30 HL7 Interfaces  Wrote Master Patient Index (MPI) criteria used to unify records at 3 hospitals.  Developed data warehouse to connect 6 information systems  Developed performance management reports  Automated tests saving more than 2000 man-hours  Daily clinician engagement and organization of clinical working groups  Daily management of 3 vendors    Critical Care Information System (Client: University Health Network) <label type="Years of Experience">2006-2007</label>              <label type="Designation">Technical lead</label> of a $16 million dollar provincial project used by 100+ hospitals  Led team of 8 people including business analysts, testers, HL7 and network specialists  Project managed 21 hospitals  Coordinated user acceptance testing at 7 hospitals  Daily vendor management including negotiation of fixes/releases, acceptance criteria and  security testing contract with <label type="Companies worked at">KPMG</label>.    Resume  <label type="Name">Hal Schmeler</label>, MS (TPP), MS (CS), <label type="Designation">CSM</label>, <label type="Degree">PMP</label>    \xe2\x80\xa6 /3    <label type="Companies worked at">PharmAchieve</label>, <label type="Designation">Founder</label> and <label type="Designation">CEO</label>, <label type="Years of Experience">2009-Present</label>  \xe2\x80\xa2  \xe2\x80\xa2  \xe2\x80\xa2  \xe2\x80\xa2  \xe2\x80\xa2    Co-founded organization to train foreign pharmacists to pass oral licensing examinations  Hired 17 employees including professional actors to serve as \xe2\x80\x9cstandardized patients\xe2\x80\x9d and  pharmacists to serve as assessors  Edited more than 100 case scenarios that students must practice  Acquired Yonge Street location  Achieved stellar satisfaction ratings    <label type="College Name">Harvard Medical School</label>, Decision Systems Group, 2004-2006  \xe2\x80\xa2    Developed toolkit used to anonymize more than 1 million patient records at Beth Israel  Hospital, Boston (thus exempting them from HIPAA privacy requirements and freeing the  records for medical research)  The graduate thesis resulting from this work, \xe2\x80\x9cA Theory and Toolkit for the Mathematics of  Privacy\xe2\x80\x9d won 1st Runner up for MITs Best Technology &amp; Policy Thesis Prize        Developed predictive healthcare models and predicted future year costs    Harvard Medical School, INDIVO Health Record Project at Childrens Hospital Boston, 2004-2006  \xe2\x80\xa2    Trained personnel in PMO methodology used to manage $30 million in projects    \xe2\x80\xa2    Developed strategies and technologies used to integrate medical records of Harvardaffiliated hospitals into a common multi-institution record that:  \xe2\x80\xa2  \xe2\x80\xa2  \xe2\x80\xa2    Maintains records based on the latest HL7 standards  without requiring the  participating hospitals to internally adopt those standards  Allows records to be upgraded to new standards that may emerge at low cost  Support records that are both human readable (via the web) and computer  understandable (for data mining)    These ideas are summarized in the following paper:  Katirai, H, and Sax, U. (PhD), Unlocking the Value of Clinical Information: What you need to  do now to enjoy benefits in the future, in Knowledge Management for Medicine 2005.  Available online at: http://www.mit.edu/~hooman/papers/katirai_kmm2005.pdf  \xe2\x80\xa2    Developed a patient-centered system for Harvard hospitals that allows patient to control  access to their medical records via (1) a 1-800 number (2) the web or (3) or a cell phone    \xe2\x80\xa2    Received offer for a \xe2\x80\x9c<label type="Designation">Head of Information Technology</label>\xe2\x80\x9d position at the <label type="Companies worked at">Harvard Center for  Biomedical Informatics (CBI)</label>    <label type="Companies worked at">Microsoft</label>, <label type="Designation">Product Manager</label>, <label type="Location">Redmond, WA</label> <label type="Years of Experience">2006</label>  \xe2\x80\xa2  \xe2\x80\xa2    \xe2\x80\xa2    Internship as <label type="Designation">Product Manager</label> in <label type="Tech Tools">Visual Basic.NET</label> group resulting in full time offer  Authored 80+ Page Value Proposition and Vision Document for Microsofts Visual Studio  line. Work included customer personas, a competitive analysis, positioning  frameworks (for media interviews and branding), a value proposition for 8 products in their  product line and market share, growth projections, and future opportunities.  Created strategy for upgrading small VARs (the 2nd largest segment of previously untapped  customers) to the <label type="Tech Tools">.NET platform</label>.    Resume  <label type="Name">Hal Schmeler</label>, MS (TPP), MS (CS), CSM, PMP    \xe2\x80\xa6 /4    \xe2\x80\xa2  \xe2\x80\xa2  \xe2\x80\xa2    Designed performance incentives for sales channels.  Solicited support from other departments by focusing on how the strategy would benefit  them in areas where they were measured and paid.  Wrote Visual Basic user survey (costing $80,0000) conducted once every 2 years to guide  product development and to measure competitive threats and user satisfaction    <label type="Companies worked at">Veristage</label>, <label type="Designation">Senior Consultant</label>, <label type="Years of Experience">2000-2001</label>  \xe2\x80\xa2  \xe2\x80\xa2  \xe2\x80\xa2    Consultant in a software and professional service consultancy specializing in predictive  models, business intelligence and software that can learn by example  Product manager of the Categorica suite of automatic text categorization software  Project manager of automated foreign exchange trading software    <label type="Companies worked at">Zero-Knowledge Systems</label>, <label type="Designation">Enterprise Product Manager</label>, <label type="Years of Experience">2000-2001</label>  \xe2\x80\xa2    Product manager chiefly responsible for technology vision behind a 300-person companys  product used by large finance and online advertising companies.    \xe2\x80\xa2    Designed service that reformed and repositioned the privacy practices of large companies.  The first customer was DoubleClick (the worlds largest online advertising firm at the time).    \xe2\x80\xa2    Travelled to 5 cities to engage influential analysts, privacy activists, large accounting firms  and academics likely to be interviewed by the media prior to a product launch.    \xe2\x80\xa2    Represented company at technical standards bodies including OASIS and CPExchange.    Additional Technology Experience  \xe2\x80\xa2    Published one of the first papers outlining how machine learning can be used to filter junk email. This paper is cited in 2 US patents (from IBM and AOL) and 44 publications:  Katirai, H., Filtering Junk E-mail: A Comparison between Genetic Programming and Naive  Bayes, 1999, available online: http://www.mit.edu/~hooman/papers/katirai99filtering.pdf    Internships (1995-2000):  \xe2\x80\xa2  \xe2\x80\xa2  \xe2\x80\xa2  \xe2\x80\xa2    <label type="Companies worked at">Nortel Networks</label>  <label type="Companies worked at">Texas Instruments</label>  <label type="Companies worked at">WebSENSE</label>,  <label type="College Name">Carnegie Mellon University</label>    <label type="Designation">Backbone Network Specialist</label>  <label type="Designation">Windows Developer</label>  <label type="Designation">Artificial Intelligence Developer</label>  <label type="Designation">Research Scholar</label>, <label type="Designation">Business Intelligence</label>    Certifications    \xe2\x80\xa2  \xe2\x80\xa2  \xe2\x80\xa2    <label type="Degree">Project Management Professional (PMP)</label>, <label type="College Name">Project Management Institute</label>  <label type="Degree">Certified Scrum Master (CSM)</label>, <label type="College Name">Agile Alliance</label>  ITIL Foundation Certificate (Expected Completion Date: <label type="Graduation Year">Aug 2009</label>)    Memberships    \xe2\x80\xa2    Member, Project Management Institute and the following SIGs:  \xe2\x80\xa2 Healthcare SIG  \xe2\x80\xa2 Information Systems (PMI-ISSIG)  \xe2\x80\xa2 Southern Ontario Chapter    \xe2\x80\xa2  \xe2\x80\xa2    Member, COACH: Canadas Informatics Association  Member, Boston Product Managers Association (BPMA) f    Resume  <label type="Name">Hal Schmeler</label>, MS (TPP), MS (CS), <label type="Designation">CSM</label>, <label type="Degree">PMP</label>"
</cv>
