<?xml version="1.0" encoding="UTF-8"?>
<cv>
"<label type="Name">Ivan Renner</label>  2901 Pine Street, <label type="Location">Manchester, CT</label> 53431  (123)345-7890, Email    OBJECTIVE: Seeking a position as a <label type="Designation">Web Developer</label> at AT Tech utilizing expertise in <label type="Job Specific Skills">developing high  quality websites</label> in order to manage a smooth flow of online operations for the company.  KEY QUALIFICATIONS  \xe2\x80\xa2 <label type="Years of Experience">2 years extensive experience</label> in creation and maintenance of high-quality websites  \xe2\x80\xa2 Functional knowledge of building easy-to-navigate <label type="Job Specific Skills">landing pages</label> and <label type="Job Specific Skills">blogs</label>  \xe2\x80\xa2 In-depth know-how of bringing innovative technology to the company  \xe2\x80\xa2 Track record of offering insight and executing ideas for <label type="Job Specific Skills">social media marketing</label>  \xe2\x80\xa2 Highly experienced in producing and editing <label type="Job Specific Skills">creative graphical content</label> for end users  TECHNICAL SKILLS  <label type="Job Specific Skills">Web Programming</label> Technologies: <label type="Tech Tools">HTML</label>/<label type="Tech Tools">XHTML</label>/<label type="Tech Tools">DHTML</label>, <label type="Tech Tools">CSS</label>, <label type="Tech Tools">ASP.NET</label>, <label type="Tech Tools">SQL</label> And <label type="Tech Tools">XML</label>  Web Authoring Software Tools: <label type="Tech Tools">SharePoint</label> <label type="Tech Tools">Designer</label>, <label type="Tech Tools">ColdFusion</label>, and <label type="Tech Tools">Dreamweaver</label>  Graphic Design: <label type="Tech Tools">Photoshop</label>, <label type="Tech Tools">Fireworks</label>, and multimedia development tools.  Scripting Languages: <label type="Tech Tools">PERL</label> and <label type="Tech Tools">PYTHON</label>  <label type="Tech Tools">Microsoft SharePoint</label> and <label type="Tech Tools">Durpal</label>  <label type="Tech Tools">AJAX</label> and push technologies  <label type="Job Specific Skills">Web Server Management</label>  MAJOR ACHIEVEMENTS  \xe2\x80\xa2 Demonstrated excellence in web development acumen by placing a system that worked with available data  to manage online navigation activities  \xe2\x80\xa2 Devised an anti-virus program for the website which works with new virus definitions to ensure bug free  websites and safe surfing  WORK EXPERIENCE  <label type="Companies worked at">Calgary Page Inc.</label>  <label type="Location">Manchester, CT</label> | <label type="Years of Experience">March 2014  Present</label>  <label type="Designation">Web Developer</label>  \xe2\x80\xa2 Manage programming and scripting duties  \xe2\x80\xa2 Create applications and dynamic content for internet users  \xe2\x80\xa2 Integrate databases with web content management systems  \xe2\x80\xa2 Administrate SEOs and related marketing programs  \xe2\x80\xa2 Modify and manage web content for end users  \xe2\x80\xa2 Manage documentation for usability and application solutions  \xe2\x80\xa2 Debug errors and problems within databases and applications  EDUCATIONAL BACKGROUND  <label type="Companies worked at">University of Manchester</label>  <label type="Location">Manchester, CT</label>  <label type="Graduation Year">2013</label>  <label type="Degree">Bachelors Degree in Computer Science</label>  GPA: 3.7  ADDITIONAL CAPABILITIES  \xe2\x80\xa2 Thorough knowledge of Internet browsers  \xe2\x80\xa2 Excellent interpersonal and communication skills    \xe2\x80\xa2 <label type="Soft Skills">High attention to detail</label>  \xe2\x80\xa2 Demonstrated ability to work well under pressure, <label type="Soft Skills">follow instruction</label> and <label type="Soft Skills">multitask</label>"
</cv>
