<?xml version="1.0" encoding="UTF-8"?>
<cv>
"<label type="Name">Julio Lebsack</label>  4449 Scheuvront Drive  <label type="Location">Littleton, CO</label> 80126  (123)345-7890  [email]  Objective Looking for a position as an <label type="Designation">Entry Level Network Administrator</label> where I can maximize my training  experience.  ACADEMIC QUALIFICATIONS  <label type="Degree">B.S. in Computer Science</label>, <label type="Graduation Year">2010</label>  <label type="College Name">Princeton University</label>, <label type="Location">Princeton, NJ</label>  GPA Score 3.6 on a 4.0 scale  Relevant Skills:  Familiar with <label type="Tech Tools">LAN/WAN</label>, <label type="Tech Tools">TCP/IP </label>and <label type="Tech Tools">VPN</label>.  Excellent knowledge in <label type="Job Specific Skills">IP Networking</label> and <label type="Job Specific Skills">Routing Protocols</label>.  Wide knowledge of <label type="Job Specific Skills">operating systems</label> and applications.  Sound knowledge of <label type="Job Specific Skills">hardware and software troubleshooting</label>.  Well-versed with <label type="Job Specific Skills">Cisco Routers</label>, <label type="Job Specific Skills">Active Directory</label>, <label type="Job Specific Skills">Switches</label>, <label type="Job Specific Skills">Firewall/Proxy Administration</label>, <label type="Tech Tools">IIS</label> and <label type="Tech Tools">Surf</label>  Control/Websense Administration.  Familiar with <label type="Job Specific Skills">Network Security</label>, <label type="Job Specific Skills">Monitoring Tools</label>, <label type="Job Specific Skills">Enterprise Tools and Protocols</label>.  Internship/Experience:  <label type="Companies worked at">Telecommunication Systems</label>  <label type="Location">Annapolis, MD</label>  From <label type="Years of Experience">Jan 2009 to May 2009</label>  <label type="Designation">Network Administrator</label>  Configured, maintained and troubleshot complex networks.  Installed, supported and maintained servers and other computer systems.  Maintained network infrastructure such as switches and routers.  Installed Hard disks, CD Drives, CPU, Memory, Power supply unit, Network card, Video graphics card, and  Hard disk controller card on PC systems.  Awards/Honors/Certifications    Horst Betz Prize.  Network Administrator Certification"
</cv>
