<?xml version="1.0" encoding="UTF-8"?>
<cv>
<label type="Name">Wallace Schuster</label>
Offshore SAP <label type="Designation">CRM Functional Consultant</label>

<label type="Location">Bengaluru, Karnataka</label> - Email me on Indeed: <label type="Email Address">Deckow.Moshe@hgas.info</label>

To understand the organization and to identify its needs and correlate them with my goals so as
to apply myself to responsibility with total dedication and dynamism so as to grow along with
the organization.

Past Organization: <label type="Companies worked at">Tata Consultancy Services</label> as <label type="Designation">SAP CRM functional consultant</label> (<label type="Years of Experience">July 2014 - Jan
2016</label>), <label type="Companies worked at">SAP Labs</label>, <label type="Location">India</label> (<label type="Years of Experience">from Feb 2011-June 2014</label>), <label type="Companies worked at">Cognizant Technology Solutions</label> (<label type="Years of Experience">May 2010-
October 2010</label>)

WORK EXPERIENCE

<label type="Designation">Offshore SAP CRM Functional Consultant</label>

<label type="Companies worked at">SAP AG</label> -

<label type="Years of Experience">July 2014 to January 2016</label>

Description: The project involves SAP IT support with respect to AGS and SAP Cloud Process .SAP
IT support involves handling incident and service requests from SAP CRM users and customers
across the globe.

Responsibilities:
• Problem Analysing and Handling Tickets of SAP CRM (AGS and Cloud process)
• Handling incident and providing solution with in SLA time frame.
• Configuring the system to resolve the issues.
• Worked on changes to the functional specifications required as per the clients
requirement.
• Preparing test cases and taking approval from client before moving new changes to production.
• Coordinated with the technical team in solving the tickets.

<label type="Designation">Quality Engineer</label>

<label type="Companies worked at">SAP Labs</label> -

<label type="Years of Experience">July 2002 to January 2014</label>

Responsibilities:

Worked in configuring and testing different areas of Framework:

• Nav. Bar profile
• Role Config key
• Business Roles and UI Config tool
• Creating A Business Role

<label type="Designation">Functional Consultant</label>

https://www.indeed.com/r/wallace-schuster


<label type="Companies worked at">SAP Labs</label> -

<label type="Years of Experience">March 2012 to June 2013</label>

Description:

Mobile Client Technology is client technology designed for Microsoft Windows-based, occasionally
server-connected CRM field applications. These applications offer a rich function set, such as
SAP CRM Mobile Sales and SAP CRM Mobile Service. Mobile Sales for SAP CRM allows users to
access all their accounts, contacts, leads, opportunities, and activities from a single point. All
relationships between these business objects are automatically mapped in the application, which
allows for fast and easy navigation.

Responsibilities:
Testing the various business objects:
Opportunities, Quotation, Sales orders, Activities.
Worked on system set up (creation of sites, subscriptions), opportunity, quotation, order
management.

5. CRM Sales ( CRM 7.01, CRM 7.02, CRM 7.03) -<label type="Years of Experience">Feb '2011-June 2014</label>

Client: <label type="Companies worked at">SAP Labs India</label>
Role: <label type="Designation">Functional Consultant</label>
Description:

This area in SAP Customer Relationship Management (SAP CRM) enables you to manage your
sales cycle, starting with creating appointments and business opportunities, through to managing
sales orders, contracts, and invoicing. It also allows you to organize and structure your sales
territories according to your business requirements.

Responsibilities:
Was involved in customizations and testing of:

• Territory management
• Account and contact management
• Activity management, visit Planning
• opportunity planning, opportunity management
• quotation and order management
• Pricing
• Organizational Management and Billing
• Customizations of Surveys

EDUCATION

<label type="Degree">B.E</label> in <label type="College Name">CSE

Padmanava College of Engineering</label>

<label type="Graduation Year">2009</label>

St. Joseph's convent school



2003

SKILLS

<label type="Job Specific Skills">CRM</label> (10+ years), <label type="Soft Skills">CUSTOMER RELATIONSHIP MANAGEMENT</label> (10+ years), <label type="Job Specific Skills">TESTING</label> (10+ years),
<label type="Job Specific Skills">UI</label> (10+ years), <label type="Job Specific Skills">USER INTERFACE</label> (10+ years)

ADDITIONAL INFORMATION

Other Skills:

<label type="Job Specific Skills">CRM</label> <label type="Job Specific Skills">Middleware</label>:

• Worked on downloading initial and delta download between ECC and CRM,
CRM and MSA.
• Monitoring middleware data between ECC and CRM.
• Monitoring Queues and error handling of BDocs.
• Worked on subscriptions and Publications, Replication Objects.

SAP ECC Sales and Distribution:

• Strong Understanding of <label type="Tech Tools">SAP</label> Customizing and Detailed knowledge of core SD functions such
as Item Categories, Text Determination, output determination, taxes
• Customer Master and Material Master data, item proposal, variant configuration, Product
hierarchy
• <label type="Job Specific Skills">Sales document types</label> (Orders, Returns, CMR, DMR)
• Billing and Pricing concept, worked on bill plans
• <label type="Job Specific Skills">Sales Enterprise structure</label>
• Copy control, Incompletion log, Material listing and Exclusion
• Partner determination, Customization of Account groups
• Worked with cross-functional teams during development and configuration activities to ensure
impact to other SAP modules and processes is considered.

<label type="Tech Tools">SAP CRM</label> Skills:
• CRM Sales and Service order management (Extensive experience in configuration for Text
Determination Procedures, Status Profile, Org. Data Determination and Transaction Types)

• <label type="Tech Tools">SAP Fiori</label> (creation of test data and application testing in different landscapes including browser
testing)
• <label type="Tech Tools">SAP Mobile Sales</label> (creation of test data and system set up)
• Well versed in base customizing and WEBUI configuration along with CRM Tables.
• Hands on experience in CRM middleware (creation of sites, subscription, publication, checking
bdocs, idocs, download objects) and trouble shooting.
• In depth knowledge in CRM One Order Framework.
• Extensive experience in the configuration of Web UI for multiple Business Roles, Actions,
Navigation Bar Profile.

Competencies and Skills:



• CR-100 (BP, Product, Org model, Partner/Text determination, Transaction type, Item categories,
Territory)
• CR-300
• CRM Mobile Sales
• CRM Middleware Basics
• <label type="Job Specific Skills">Basic Debugging</label> (<label type="Tech Tools">ABAP</label>)
• Knowledge on <label type="Tech Tools">Idocs</label> (set-up, filtration, reprocessing)

Testing:
• Experience in SAP CRM Module (sales and service) with testing
• Good understanding of application <label type="Job Specific Skills">testing process</label>.
• Coordinated with SAP CRM technical team members to understand testing functionalities
• Written Test cases for different CRM modules (Account Management, opportunity, activity
management, sales order creation) Sales &amp; Service.
• Managed issue logs / defects and subsequent closures.

<label type="Job Specific Skills">Basic Debugging</label>:
Knowledge of <label type="Tech Tools">ABAP</label> <label type="Job Specific Skills">Debugging</label>, Basic <label type="Tech Tools">ABAP</label> (Tables, data elements, Working with Table
Maintenance Generator, Creating a Transaction Variant, Creating an <label type="Tech Tools">SAP</label> Area Menus, Find the
SAP IMG Customizing Activity from the Table Name, basic knowledge of Smartforms)
</cv>
