<?xml version="1.0" encoding="UTF-8"?>
<cv>
"Your Name  CAMPUS:    PERMANENT:    123 Your Dorm  Collegedale, TN 37315  123-345-7890  <label type="Email Address">Gaylord24@hotmail.com</label>    456 Your Street  Your Town, ST 01234  123-345-7890  <label type="Email Address">Gaylord24@hotmail.com</label>    OBJECTIVE:    <label type="Designation">Software Engineering</label> position in the <label type="Location">Silicon Valley</label>.    SUMMARY:    \xe2\x80\xa2 <label type="Designation">Software engineering internship</label> with <label type="Companies worked at">Hewlett-Packard</label>.  \xe2\x80\xa2 Magna Cum Laude graduate with <label type="Degree">BS in Computer Science</label>.  \xe2\x80\xa2 Proficient with <label type="Tech Tools">Java</label>/<label type="Tech Tools">J2EE</label>, <label type="Tech Tools">C</label>, <label type="Tech Tools">C++</label>, <label type="Tech Tools">.NET</label>, <label type="Tech Tools">Unix</label>, <label type="Tech Tools">Linux</label> and <label type="Tech Tools">HTML</label>/Internet.    EDUCATION:    <label type="Degree">Bachelor of Science in Computer Science</label>, <label type="Graduation Year">May 2008</label>  <label type="College Name">Illinois State University</label>, Normal, <label type="Location">Illinois</label>  Graduated Magna Cum Laude with a GPA of 3.6 on a 4.0 scale  Courses taken included:  <label type="Job Specific Skills">Software Engineering</label> <label type="Job Specific Skills">Design</label>  <label type="Job Specific Skills">Operating Systems</label> Design  <label type="Tech Tools">Java</label> Development  <label type="Tech Tools">C</label>/<label type="Tech Tools">C++</label> <label type="Job Specific Skills">Programming</label>    EXPERIENCE:    <label type="Job Specific Skills">Artificial Intelligence</label>  <label type="Job Specific Skills">Object-Oriented Development</label>  <label type="Job Specific Skills">Relational Database</label> Theory  <label type="Job Specific Skills">Network</label> <label type="Job Specific Skills">Programming</label>    <label type="Designation">Software Engineering Internship</label>, <label type="Years of Experience">May 2007 to August 2007</label>  <label type="Companies worked at">Hewlett-Packard Corporation</label>, <label type="Location">Palo Alto, California</label>  \xe2\x80\xa2 Team member of the Open Enterprise Solutions Group.  \xe2\x80\xa2 Tested enhancements to A+ software for distributed systems management.  \xe2\x80\xa2 Served as departmental <label type="Designation">Linux Systems Administrator</label>.  \xe2\x80\xa2 Developed prototype of new product enhancement for A+ which serves as an  extension of the off-site system management modeling tool. Programs were  written in <label type="Tech Tools">Java</label> and <label type="Tech Tools">C++</label>.  <label type="Designation">Computer Lab Assistant</label>, <label type="Years of Experience">August 2007 to Present</label>  <label type="College Name">Illinois State University</label>, <label type="Location">Normal, Illinois</label>  \xe2\x80\xa2 Assisted students with programming and software questions  \xe2\x80\xa2 Supported <label type="Tech Tools">Microsoft Office</label>, Internet Explorer, and a variety of internally  developed programs and tools.    ACTIVITIES:    \xe2\x80\xa2 <label type="Designation">President</label>, Association for Computing Machines, Student Chapter, 2007-2008  \xe2\x80\xa2 Member, Association for Computing Machines, Student Chapter, 2005-2008    \xc2\xa92008 CollegeGrad.com, Inc. All rights reserved. For personal, individual use only. Templates available for download at www.collegegrad.com/resumes"
</cv>
