<?xml version="1.0" encoding="UTF-8"?>
<cv>
"<label type="Name">Geoffrey Ferry</label>  4719 Adams Drive  <label type="Location">San Angelo, TX</label> 76903  (123)345-7890  <label type="Email Address">dSmitham@wg.net</label>    Job Objective: Seeking a position as a <label type="Designation">PHP Web Developer</label>.    Highlights of Qualifications:    Huge experience with <label type="Job Specific Skills">web development</label> frameworks and technologies  Good expertise in integrating <label type="Job Specific Skills">E-commerce</label> and other systems, including but not  limited to integrating with <label type="Job Specific Skills">3rdparty APIs</label>  Thorough knowledge of integrating <label type="Job Specific Skills">dynamic data feeds</label> and <label type="Job Specific Skills">database content</label> into  web pages  Proficient in hand-coding <label type="Tech Tools">PHP</label> and other current <label type="Job Specific Skills">backend web technologies</label> to create  clean, maintainable, and technically solid web sites  Advanced skills with <label type="Tech Tools">LAMP</label> (<label type="Tech Tools">Linux</label>, <label type="Tech Tools">Apache</label>, <label type="Tech Tools">MySQL</label>, and <label type="Tech Tools">PHP</label>)  Expert skills in use of <label type="Tech Tools">PC</label> and <label type="Tech Tools">Mac</label> operating systems    Professional Experience:    <label type="Designation">PHP Web Developer</label>  <label type="Companies worked at">AMD, Inc.</label>, <label type="Location">San Angelo, TX</label>  <label type="Years of Experience">July 2006 - Present</label>    Designed and developed new web and back-end functionality to optimize customer  experience, analyze behavior and promote customer loyalty.  Maintained website and ancillary sites.  Ensured robust web analytics are in place for the web site and customer  communications; provided analysis and recommendations.  Created requirements, <label type="Job Specific Skills">architect</label>, developed and managed development of new web  site, with robust <label type="Job Specific Skills">e-commerce</label>, <label type="Job Specific Skills">analytics</label>, <label type="Job Specific Skills">customer-centric systems</label>, etc.  Identified, researched and interfaced with 3rdparty outside vendors.  Assisted in executing a best-practice customer communications plan, including  building, emailing and tracking email-style customer newsletters.    <label type="Designation">PHP Web Developer</label>  <label type="Companies worked at">Polo Corporation</label>, <label type="Location">San Angelo, TX</label>    <label type="Years of Experience">May 2002 - June 2006</label>    Assisted in maintaining existing <label type="Email Address">dSmitham@wg.net</label> system. Integrate existing or new ecommerce system as required with future Business Information (Accounting) System  deployment\xc3\xa2\xc2\x80\xcb\x98  Completed special assignments and projects.  Managed the development of applications on web sites including the <label type="Job Specific Skills">development of  functional specifications</label>, <label type="Job Specific Skills">interface design</label>, <label type="Job Specific Skills">coding</label>, and <label type="Job Specific Skills">testing</label>.  Provided ongoing support for web site applications including ongoing programming  support for enhancing web site applications and technical support to members with  web site application issues.  Followed and administered all company policies and acted as a role model in the  adherence to policies.  Built and maintained <label type="Tech Tools">SQL</label> and <label type="Tech Tools">Access</label> database applications.  Programed and tested online web FORMS.    Education:    <label type="Degree">Bachelor's Degree in Computer Science</label>  <label type="College Name">LaGrange College</label>, <label type="Location">Georgia, GA</label>  View More    Oracle PL SQL <label type="Designation">Developer</label> Pega Developer Resume  Resume    Peoplesoft <label type="Designation">Developer</label>    <label type="Designation">Oracle SQL Developer</label>    Resume    Resume    <label type="Designation">Perl Developer</label> Resume    <label type="Designation">PHP Developer</label> Resume    Portal <label type="Designation">Developer</label> Resume    PL <label type="Designation">SQL Developer</label>  Resume"
</cv>
