<?xml version="1.0" encoding="UTF-8"?>
<cv>
"Objective    I am seeking a career to lead me towards management in a software engineering or  web development environment that will continually challenge my problem solving and  <label type="Soft Skills">analytical</label> skills across a broad spectrum of technologies.    Skills    <label type="Job Specific Skills">Programming</label> Languages: <label type="Tech Tools">C#</label>, <label type="Tech Tools">C</label>/<label type="Tech Tools">C++</label>, <label type="Tech Tools">Java</label>, <label type="Tech Tools">Smalltalk</label>, <label type="Tech Tools">Assembly</label>    Scripting Languages: <label type="Tech Tools">PHP</label>, <label type="Tech Tools">JavaScript</label>, <label type="Tech Tools">Action Script 2/3</label>, <label type="Tech Tools">Python</label>, <label type="Tech Tools">Mat Lab</label>  <label type="Job Specific Skills">Web Technologies</label>: <label type="Tech Tools">Flash</label>, <label type="Tech Tools">AJAX</label>, <label type="Tech Tools">XML</label>, <label type="Tech Tools">SOAP</label>, <label type="Tech Tools">Applets</label>, <label type="Tech Tools">ActiveX</label>, <label type="Tech Tools">DHTML</label>, <label type="Tech Tools">XHTML</label>,  <label type="Tech Tools">CSS</label>  <label type="Job Specific Skills">Operating Systems/Servers</label>: <label type="Tech Tools">Windows</label>, <label type="Tech Tools">UNIX</label>/<label type="Tech Tools">LINUX</label>, <label type="Tech Tools">Mac OS</label>  Databases: <label type="Tech Tools">SQL Server</label>, <label type="Tech Tools">MySQL</label>  Applications: <label type="Tech Tools">Visual Studio</label>, <label type="Tech Tools">Flash</label>, <label type="Tech Tools">Visio</label>, <label type="Tech Tools">Dreamweaver</label>, <label type="Tech Tools">Photoshop</label>  Concepts: Algorithms, Automata, <label type="Job Specific Skills">Data Structures</label>, <label type="Job Specific Skills">Design Patterns</label>  Mathematics: Linear Algebra, Multidimensional Calculus, Numerical Analysis    Experience <label type="Companies worked at">Disney Interactive Media Group</label> <label type="Years of Experience">January 2008  Present</label>    <label type="Designation">Sr. Web Developer</label> <label type="Location">North Hollywood, CA</label>    Facilitate the localization efforts to rapidly deploy Disney websites in international  markets. Create project plans and technical specs for outsourcing. Lead 2 Flash  developers in the development of games and localization. Build internal applications  for production workflow.    <label type="Companies worked at">Xylin</label> <label type="Years of Experience">August 2003  December 2007</label>    <label type="Designation">Owner</label>/<label type="Designation">Web Developer</label> <label type="Location">West Hills, California</label>    Sole proprietor of a <label type="Job Specific Skills">web design</label>, <label type="Job Specific Skills">development</label>, and <label type="Job Specific Skills">hosting</label> firm. Primary role as <label type="Designation">Web  Developer</label> in <label type="Tech Tools">C#</label>, <label type="Tech Tools">ASP.NET</label>, <label type="Tech Tools">PHP</label>, <label type="Tech Tools">C++</label>, <label type="Tech Tools">Flash</label>, <label type="Tech Tools">ActionScript</label>, <label type="Tech Tools">JavaScript</label>, <label type="Tech Tools">SQL Server</label>,  <label type="Tech Tools">MySQL</label>, <label type="Tech Tools">(D/X)HTML</label>, and<label type="Tech Tools">AJAX</label>. Maintain Windows and Linux hosting servers in  remote datacenter. Primarily create custom <label type="Job Specific Skills">CMS and E-Commerce solutions</label> for  small to medium sized businesses and design firms/ad agencies. Handle all client  interaction and scheduling. Subcontract design, multimedia, <label type="Job Specific Skills">SEO/SEM</label>, and <label type="Job Specific Skills">QA  services</label>. Clients include <label type="Companies worked at">Lions Gate</label>, <label type="Companies worked at">Paramount</label>, <label type="Companies worked at">Universal Music</label>, and <label type="Companies worked at">Caesarstone</label>.    <label type="Companies worked at">McElroy Advertising Agency</label> <label type="Years of Experience">July 2004  January 2007</label>    <label type="Designation">Sr. Web Developer</label> <label type="Location">Marina Del Rey, California</label>    <label type="Designation">Freelance contractor</label> brought in when needed to assist in the completion of highpriority websites for several Nestl\xc3\xa9 brands. <label type="Job Specific Skills">Web Development</label> and <label type="Job Specific Skills">graphic  integration</label> in <label type="Tech Tools">Visual Studio</label>, <label type="Tech Tools">C#</label>, <label type="Tech Tools">SQL Server</label>, <label type="Tech Tools">DHTML</label>, <label type="Tech Tools">JavaScript</label>, and <label type="Tech Tools">SOAP</label>.  Integrated websites with Nestl\xc3\xa9 s proprietary Content Management System.    <label type="Companies worked at">Bason Computer</label> <label type="Years of Experience">May 2003  August 2003</label>    <label type="Designation">Web Developer</label> <label type="Location">Chatsworth, California</label>    Developed public web applications and internal web/desktop applications with <label type="Tech Tools">Visual  Studio</label>, <label type="Tech Tools">C#</label>, <label type="Tech Tools">SQL Server</label>, <label type="Tech Tools">DHTML</label>, and <label type="Tech Tools">JavaScript</label>.    <label type="Companies worked at">Cyberspace HQ Software</label> <label type="Years of Experience">March 2003  May 2003</label>"
</cv>
