<?xml version="1.0" encoding="UTF-8"?>
<cv>
"<label type="Name">Linda Gutkowski</label>  1234 Cobblestone Drive  <label type="Location">Piccadilly, Ohio</label>  Home: 123-345-7890  Cell: 123-345-7890  Email: <label type="Email Address">Bobbie90@si.io</label>    <label type="Soft Skills">Objective</label>  <label type="Soft Skills">Creative</label>, dedicated <label type="Designation">Java Developer</label> seeking a full-time, permanent position with a  company that will utilize and further enhance my knowledge of IT, and offer  advancement opportunity.    Qualifications Summary      Extremely solid <label type="Tech Tools">Java</label> <label type="Job Specific Skills">development</label> experience with more than <label type="Years of Experience">5 years</label> in the IT  field.        Wide experience using <label type="Job Specific Skills">Open Source frameworks</label> and other areas of the J<label type="Tech Tools">2EE  stack</label>.        Extensive understanding of the following broad technologies: <label type="Tech Tools">XML</label>, <label type="Tech Tools">XSL</label>, <label type="Tech Tools">JSP</label>,  <label type="Tech Tools">Velocity</label>,<label type="Tech Tools"> Java i18n</label>, PDF, I<label type="Job Specific Skills">nternet protocols</label>, <label type="Tech Tools">JDBC</label> and <label type="Job Specific Skills">relational databases</label>.        Expertise in handling large volumes of email and IM communication.        Worked on business process modeling and process re-engineering in different  ABN AMRO Global Transaction Services projects.        Planned, directed, and coordinated activities of different projects to ensure that  goals/objectives were accomplished within prescribed time frames and budget.    Education  <label type="College Name">University of Cleveland</label>, <label type="Location">Cleveland, Ohio</label>  <label type="Degree">Bachelor of Science in Computer Science</label> (<label type="Graduation Year">June 2001</label>)    Work Experience  <label type="Designation">Java Technology Consultant</label>: <label type="Years of Experience">Dec. 2004 - Present</label>, <label type="Companies worked at">Eurokas</label>, <label type="Location">Cleveland, OH</label>      Responsible for end of day modules and system set-up modules for the  detailed design of application in <label type="Tech Tools">UML</label> with 5 other teams working on different  parts.        Created dynamic XSL to transform <label type="Tech Tools">XML</label> to target platform language such as  <label type="Tech Tools">HTML</label>.        Developed Notification and Customer Classes.        Developed server-side code for internal and external web applications.        Write unit tests, automated regression tests and tracking defects as they  occur.        Support and assist customers from around the globe using our products to  further their businesses.    <label type="Designation">Java Developer</label>: <label type="Years of Experience">Jan. 2000 - Nov. 2004</label>, <label type="Companies worked at">MJ Design</label>, <label type="Location">Cleveland, OH</label>      Designed full <label type="Job Specific Skills">life cycle development</label> of new web applications and modification  of existing applications to add new components and features emphasizing  maintainability, reliability, scalability and performance.        Performed estimation and capacity planning work with the project manager  and product development teams to create and implement projects.        Provided technical guidance to client services, product management and  professional service groups.        Participated in ongoing initiatives to improve processes and establish best  practices. Supervised new technologies and evaluated how they could be  integrated and utilized to better serve our clients.    Computer Skills      <label type="Tech Tools">J2EE</label>, <label type="Tech Tools">PL</label>/<label type="Tech Tools">SQL</label>(<label type="Tech Tools">Oracle 9</label>), <label type="Tech Tools">C++</label>/<label type="Tech Tools">C# </label>       Markup: <label type="Tech Tools">HTML</label>, <label type="Tech Tools">XML</label>, <label type="Tech Tools">XSD</label>, <label type="Tech Tools">XSLT</label>        Scripting: <label type="Tech Tools">Shell</label>, <label type="Tech Tools">JavaScript</label>, <label type="Tech Tools">OOP        Java</label> based programming frameworks, engines, and tools: <label type="Tech Tools">J2EE</label>(<label type="Tech Tools">Sevlets</label>, <label type="Tech Tools">JSP</label>,  <label type="Tech Tools">EJB</label>),<label type="Tech Tools">Eclipse</label>, <label type="Tech Tools">MyEclipse</label>, <label type="Tech Tools">Sun JDK/JRE</label>, <label type="Tech Tools">Regex</label>, <label type="Tech Tools">JNI</label>, <label type="Tech Tools">ant</label>, <label type="Tech Tools">Velocity</label>, <label type="Tech Tools">WebWork</label>,  <label type="Tech Tools">Struts</label>, <label type="Tech Tools">MVC</label>, <label type="Tech Tools">Quartz</label>, <label type="Tech Tools">JDBC</label>, <label type="Tech Tools">JavaMail</label>, <label type="Tech Tools">Spring</label>, <label type="Tech Tools">HttpClient (Apache)</label>, <label type="Tech Tools">Lucene</label>,  <label type="Tech Tools">JavaCC</label>, <label type="Tech Tools">log4j</label>,<label type="Tech Tools">Castor</label>, <label type="Tech Tools">xmlBean</label>, <label type="Tech Tools">Axis</label>, <label type="Tech Tools">xml</label> (<label type="Tech Tools">JDOM</label>, <label type="Tech Tools">SAX</label>), <label type="Tech Tools">Hibernate</label>, <label type="Tech Tools">SWING</label>,  <label type="Tech Tools">AWT</label>, <label type="Tech Tools">GWT</label>, <label type="Tech Tools">.NET</label> based, frameworks, engines, tools, <label type="Tech Tools">.NET 1.1</label>, <label type="Tech Tools">ASP.NET</label>,  <label type="Tech Tools">Atlas</label>, <label type="Tech Tools">ADO.NET</label>, <label type="Tech Tools">NUnit</label>        <label type="Tech Tools">Visual Studio 2005</label>    *References available upon request."
</cv>
