<?xml version="1.0" encoding="UTF-8"?>
<cv>
"Your Name  Curriculum Vitae    PERSONAL DETAILS  Birth  Address  Phone  Mail    January 1, 1980  111 First St, <label type="Location">New York</label>  (123)345-7890  <label type="Email Address">Hoeger.Mckenzie@yahoo.com</label>    EDUCATION  <label type="Degree">MSc</label>. Name of Education  Name of University    <label type="Graduation Year">2010-2012</label>    Descriptive text goes here. In order to maintain a stylish look, try to fill this description  with a few lines of text. Do the same for the other entries in the education section.    <label type="Degree">BSc.</label> Name of Education  Name of University    <label type="Graduation Year">2007-2010</label>    Descriptive text goes here. In order to maintain a stylish look, try to fill this description  with a few lines of text. Do the same for the other entries in the education section.    WORK EXPERIENCE  Job name  Company Name inc., Full-time    <label type="Years of Experience">2011-present</label>    Job description goes here. To maintain a stylish look, try to fill this description with a few  lines of text. Do the same for the other entries in this section.    Job name  <label type="Companies worked at">Company Name inc.</label>, Part-time    <label type="Years of Experience">2010-2011</label>    Job description goes here. To maintain a stylish look, try to fill this description with a few  lines of text. Do the same for the other entries in this section.    SKILLS  Languages    Software    <label type="Soft Skills">Dutch</label> (mother tongue)  <label type="Soft Skills">English</label> (fluent)  <label type="Soft Skills">German</label> (fluent)  <label type="Tech Tools">Matlab</label>, <label type="Tech Tools">LATEX</label>, <label type="Tech Tools">Ansys</label>, <label type="Tech Tools">Comsol</label>    REFERENCES  Available upon request"
</cv>
