<?xml version="1.0" encoding="UTF-8"?>
<cv>
"Sample resume  I.T. graduate  DO NOT COPY: You are advised not to copy this sample, but to  use it to generate ideas to create your own resume.    <label type="Name">Buddy Zemlak</label>  35 Hill Crescent, <label type="Location">Rowville VIC</label> 3178  Ph: 03 9771 6770 (H) / 0415 559 629 (M)  E: <label type="Email Address">iProsacco@yahoo.com</label>  EDUCATION  <label type="Graduation Year">Feb 2013   current</label>    <label type="Degree">Bachelor of Information Technology and Systems</label>  <label type="College Name">Monash University</label>, Clayton  <label type="Degree">Major in Multimedia   Distinction</label> average achieved to date   Expected completion date: <label type="Graduation Year">November 2015</label>  Achievement  Award for \xe2\x80\x9cBest Design\xe2\x80\x9d in website competition, <label type="College Name">Monash University</label>, 2014    Nov 2012    Victorian Certificate of Education (VCE)  Princeton Secondary High, Heyington   ENTER/ATAR: 89.4    KEY COURSE RELATED PROJECTS  June 2014    IT for the next Generation (2nd Year group project)  \xe2\x80\xa2 Design and implementation of Multimedia Systems  Blackrock Inc  \xe2\x80\xa2 Negotiated and problem solved technical issues  \xe2\x80\xa2 Researched and presented findings in an easy to understand format  \xe2\x80\xa2 Result: High Distinction    PROFESSIONAL DEVELOPMENT  <label type="Years of Experience">March 2014</label>    Essential Digital <label type="Designation">Project Management</label>  <label type="Companies worked at">Australian Interactive Media Industry Association</label>    ICT RELATED EXPERIENCE  <label type="Years of Experience">Mar 2014   current</label>    <label type="Designation">Website Developer</label>  <label type="Companies worked at">Rosies Antique Shop</label>, <label type="Location">Canterbury</label>  Responsibilities  \xe2\x80\xa2 Manage and maintain the company website (www.rosies_antiques.com)  \xe2\x80\xa2 <label type="Job Specific Skills">Design and implementation of a website</label> to cater for online customers and to  provide general information for investors  \xe2\x80\xa2 Resolve IT queries from staff within 24 hour timeframe including successfully  troubleshooting application problems  Achievements  \xe2\x80\xa2 Redesigned the website to make more user friendly increasing number of visitors  by 30% as well as providing an option for customers to buy online    <label type="Years of Experience">Aug 2012   current</label>    <label type="Designation">Customer Service Assistant</label>  <label type="Companies worked at">Computers R Us</label>  Responsibilities  \xe2\x80\xa2 Engage in <label type="Job Specific Skills">sales</label> to provide appropriate products to meet customer requirements  \xe2\x80\xa2 Provide technical support to customers post sales  \xe2\x80\xa2 Handle cash transactions and operate registers and participate in quarterly stock  takes  Achievements  \xe2\x80\xa2 Staff Member of the Month Award  <label type="Years of Experience">March 2014    Jun 2012   Jul 2012</label>    <label type="Designation">Applications Support</label>  <label type="Companies worked at">Helptech Australia</label>  Responsibilities  \xe2\x80\xa2 Participated in one months work experience involving IT phone support for  Helptech clients, domestic and global.  \xe2\x80\xa2 Troubleshooting and circuit board testing  \xe2\x80\xa2 Dealing with basic customer problems and enquiries  Achievements  \xe2\x80\xa2 Work experience manager provided excellent reference in support of application  for Computers R Us role.    DEMONSTRATED SKILLS  <label type="Soft Skills">Communication</label>  \xe2\x80\xa2  \xe2\x80\xa2    \xe2\x80\xa2  \xe2\x80\xa2    Received positive feedback regarding style and delivery of presentations at  university, demonstrating robust oral communications skills  The role of <label type="Designation">Website Developer</label> showcased effective business writing skills when  translating technical reports to ensure clarity and brevity for a non-technical  audience  Quickly built strong customer links resulting at <label type="Companies worked at">Computers R Us</label>, shown by  increased sales proving ability to listen and understand customer needs  Fluent in spoken and written <label type="Soft Skills">Japanese</label>    Adaptability  \xe2\x80\xa2    \xe2\x80\xa2    Ability to adapt to different working environments evidenced by having been  exposed to a range of businesses needs working in <label type="Companies worked at">Computers R Us</label> business  support team  Having travelled extensively in SE Asia and Europe developed insights into  different cultures, increasing my capacity to adapt well to new environments    Time Management  \xe2\x80\xa2 Proven facility to manage timelines and prioritise workload in order to meet and  extra-curricular commitments shown by juggling two casual roles while studying  \xe2\x80\xa2 Experience in project management through role in Monash Information  Technology Club (MITC) , which involved organising and managing the annual  university ball within a tight timeframe and a budget of $40,000    Initiative and Creativity  \xe2\x80\xa2 Developed highly creative skills by designing and implementing a small business  website for access by customers and investors (www.rosies_antiques.com)    <label type="Name">Buddy Zemlak</label> Page 2    monash.edu/careers  <label type="Email Address">iProsacco@yahoo.com</label>  +61 3 9905 4170  Facebook.com/MonashECD    Technical  \xe2\x80\xa2 Proficient in <label type="Tech Tools">3D Studio Max</label>, <label type="Tech Tools">Javascript</label>, <label type="Tech Tools">Maya 8.0</label>, <label type="Tech Tools">Adobe Photoshop</label>, <label type="Tech Tools">C++</label>, <label type="Tech Tools">MS  Office</label> (<label type="Tech Tools">Excel</label>, <label type="Tech Tools">Access</label>, <label type="Tech Tools">Word</label>, <label type="Tech Tools">Powerpoint</label>, <label type="Tech Tools">Publisher</label>)  VOLUNTARY WORK/EXTRA-CURRICULAR ACTIVITIES  2014  2013  2012    Participated in Mothers Days Run to raise funds for cancer research  Selected as Open Day Ambassador, Faculty of IT, Monash University  Volunteered for Red Cross Door Knock Appeal    MEMBERSHIPS  2014  2012  2012  2011    Project Management Officer, Monash Information Technology Club (MITC)  Student Member of the Design Institute of Australia  Student Member of the Australian Institute of Technology  Elected Committee Member of Monash Student Representative Council    INTERESTS  \xe2\x80\xa2  \xe2\x80\xa2  \xe2\x80\xa2  \xe2\x80\xa2    Reading: crime novels, technology magazines  Keeping abreast of computer game developments through technology blogs  Sport: indoor cricket, black belt karate, skiing  Travel: SE Asia, Europe    REFEREES  Ms <label type="Name">Buddy Zemlak</label>  Manager (Current <label type="Designation">Manager</label>)  <label type="Companies worked at">Computers R Us</label>  Tel: 9876 6677  Email: <label type="Email Address">iProsacco@yahoo.com</label>  Dr <label type="Name">Buddy Zemlak</label>  <label type="Designation">Head of Faculty of Information, Technology &amp; Systems</label> (Tutor on degree course)  <label type="College Name">Monash University</label>, Berwick Campus  Tel: 9800 1334  Email: <label type="Email Address">iProsacco@yahoo.com</label>    <label type="Name">Buddy Zemlak</label> Page 3    monash.edu/careers  <label type="Email Address">iProsacco@yahoo.com</label>  +61 3 9905 4170  Facebook.com/MonashECD"
</cv>
