<?xml version="1.0" encoding="UTF-8"?>
<cv>
"<label type="Name">Pablo Reichert</label>  2260 Arbor Court  <label type="Location">Wheatland, WY</label> 82201  Tel# (123)345-7890  E-mail: <label type="Email Address">Buck01@tl.net</label>  Objective : Experienced <label type="Designation">IT Assistant Manager</label> looking for position with reputable organization.  Summary of Qualifications  Vast working experience in Computers and <label type="Job Specific Skills">Windows support</label>  Profound knowledge of <label type="Job Specific Skills">project management</label>  Proficient with <label type="Tech Tools">Microsoft Office</label>  Familiarity with <label type="Job Specific Skills">call center related applications</label>  Ability to handle <label type="Soft Skills">multi tasks</label>  Ability to <label type="Soft Skills">communicate</label> effectively  Experience  <label type="Designation">IT Assistant Manager</label>, <label type="Years of Experience">2010 - Present</label>  <label type="Companies worked at">Veredus Corporation</label> - <label type="Location">Durham, NC</label>  Recommended and implemented approved LAN/WAN policies and standards.  Supported Office personnel on corporate applications.  Created and executed proper backup and disaster recovery procedures.  Managed IT within the regionally approved budget.  Maintained baseline of IT security standard and policies.  Provided IT solution and costing for RFP/RFQ submissions and system upgrades.  Educational Background  <label type="Degree">Bachelor's Degree in Computer Science</label>, <label type="Graduation Year">2010</label>  <label type="College Name">Mills College</label>, <label type="Location">Oakland, CA</label>  GPA 3.23 (on scale of 4.0)"
</cv>
