<?xml version="1.0" encoding="UTF-8"?>
<cv>
"<label type="Name">Samual Michele Kuvalis</label>  <label type="Location">Sometown, GA</label> 30082  (123)345-7890 | <label type="Email Address">Kunze.Samella@nc.name</label> | LinkedIn URL  <label type="Designation">Director of Software Development  Engineering</label> robust, <label type="Soft Skills">user-focused</label> solutions driving breakthrough efficiency and bottom-line results  Dynamic leader of software development teams offering <label type="Years of Experience">11 years of experience</label> managing multimilliondollar, mission-critical projects.  Skilled in all phases of the <label type="Job Specific Skills">software development lifecycle</label>; expert in translating <label type="Job Specific Skills">business requirements</label> into  technical solutions; and fanatical about <label type="Job Specific Skills">quality</label>, <label type="Job Specific Skills">usability</label>, <label type="Job Specific Skills">security</label> and <label type="Job Specific Skills">scalability</label>.  Professional Experience  <label type="Companies worked at">ABC Inc.</label> (<label type="Years of Experience">2005 to Present</label>) / <label type="Companies worked at">DEF Inc.</label> (<label type="Years of Experience">2004 to 2008</label>) -- <label type="Location">Sometown, GA</label>  ABC is a global financial services firm that acquired DEF in 2008.  <label type="Designation">Director of Software Development</label>, <label type="Years of Experience">2010 to Present</label>  <label type="Designation">Senior Software Developer</label>, <label type="Years of Experience">2008 to 2010</label>  <label type="Designation">Software Developer</label> / <label type="Designation">Tester</label>, <label type="Years of Experience">2004 to 2008</label>    Advanced through several promotions, culminating in present director-level role overseeing firms software  development activities. Manage a $4.5M R&amp;D budget and a 12-member developer team. Provide cradle-tograve oversight of software project management, leading the research, design, development, documentation,  testing and rollout of enterprise applications.  Accomplishments:  Designed dozens of <label type="Job Specific Skills">software solutions</label> driving continuous improvement to processes, systems, work flow  and customer responsiveness.  Mentored development teams in <label type="Job Specific Skills">Agile</label> SDLC and RAD best practices. Ensured the release of premiumquality applications that provided intuitive and secure experiences for users.  Delivered new or enhanced developments  Web-based customer data-entry applications  software that automated customer loan data collection and processing functions  systems for securely handling electronic funds transfers  browser plug-ins enabling fail-safe recovery of Internet file transfers    Drove all phases of enterprise integration and process improvement projects to successful completion,  including application availability initiatives (e.g., Oracle RAC, WebLogic clustering, data replication) and the  implementation of single site fail-over and recovery options.  Reduced R&amp;D budget from $6M to $4.5M while increasing service levels and improving product stability.  Project Results  Served as <label type="Designation">project manager</label>, <label type="Designation">lead developer</label> and/or team member on dozens of application development  projects. Delivered technology solutions that\xe2\x80\xa6  Automated processes to resolve business challenges, such as ever-fluctuating currency exchange and bank  interest rates (15+ countries), complex bank reconciliation interfaces and ACH/wire-fraud detection.  Minimized system outages, saving an estimated $1.2M annually.  Equipped sales force with Web-accessible sales/CRM tools that helped elevate assets under management by  37% from 2003 to 2004.  Accelerated the lending approval process by 35%.  Reduced payroll by hundreds of thousands of dollars by automating functions that previously required  manual data entry.  Heightened security of electronic funds transfers and securities pooling.  Decreased monthly error rates to all-time lows (from 1.2% to 0.02%).  Streamlined the underwriting and review of government loans.  Technology Summary  Languages: <label type="Tech Tools">C++</label>, <label type="Tech Tools">C#</label>, <label type="Tech Tools">Java</label>, <label type="Tech Tools">Delphi</label>, <label type="Tech Tools">Visual Basic</label>  Development Tools, Methodologies &amp; Environments: <label type="Job Specific Skills">Rapid Application Design (RAD)</label>, <label type="Job Specific Skills">Object-Oriented  Analysis &amp; Design (OOAD)</label>, <label type="Job Specific Skills">Waterfall Approach</label>, <label type="Job Specific Skills">Spiral Approach</label>, <label type="Job Specific Skills">Prototyping Approach</label>, <label type="Job Specific Skills">Integrated  Software Development</label>, <label type="Tech Tools">Microsoft Visual Studio</label>  Software: <label type="Tech Tools">TIBCO</label>, <label type="Tech Tools">IBM WebSphere MQ</label>, <label type="Tech Tools">Apache</label>, <label type="Tech Tools">Business Objects</label>, <label type="Tech Tools">JBoss</label>, <label type="Tech Tools">Oracle WebLogic</label> Server  Systems: <label type="Tech Tools">Unix</label>, <label type="Tech Tools">Windows</label>, <label type="Tech Tools">VAX/VMS</label>, <label type="Tech Tools">NeXTStep</label>, <label type="Tech Tools">.Net</label> Framework  Databases: <label type="Tech Tools">Oracle</label>, <label type="Tech Tools">Sybase</label>, <label type="Tech Tools">Access</label>  EDUCATION  <label type="College Name">ABC UNIVERSITY</label> - <label type="Location">Sometown, GA</label>  <label type="Degree">MS in Information Systems</label>  <label type="College Name">XYZ COLLEGE</label> - <label type="Location">Sometown, AL</label>  <label type="Degree">BS in Computer Science</label>  CERTIFICATIONS    <label type="Degree">MCSD, Microsoft Certified  Solution Developer</label>  <label type="Degree">MCAD, Microsoft Certified  Applications Developer</label>  <label type="Degree">CMST, Certified Manager  of Software Testig</label>  <label type="Degree">CST, Certified Software Tester</label>"
</cv>
