<?xml version="1.0" encoding="UTF-8"?>
<cv>
"Name  Mobile: XXXXXXXXXX  E-Mail: <label type="Email Address">wBlock@dbaq.org</label>    Seeking challenging assignments as <label type="Designation">Software Development</label> (<label type="Tech Tools">JAVA</label> / <label type="Tech Tools">ORACLE</label>) in IT /  Telecom sector    SYNOPSIS  -An erudite professional with zeal to make a winning career in <label type="Tech Tools">JAVA</label> &amp; <label type="Tech Tools">ORACLE</label>  technologies.  -Completed <label type="Degree">B.E. (Information Science)</label> from XXXXXXXXXX  -Well versed with <label type="Tech Tools">C</label>, <label type="Tech Tools">C++</label>, <label type="Tech Tools">JAVA</label>, <label type="Tech Tools">Applets</label>, <label type="Tech Tools">Servlet</label>, <label type="Tech Tools">Oracle 9i</label>, <label type="Tech Tools">SQL</label> and <label type="Tech Tools">JAVA</label>  Fundamentals.  -Proficiency at <label type="Soft Skills">grasping new technical concepts quickly</label> &amp; utilizing it in a productive  manner.  -Believes in <label type="Soft Skills">continuous learning</label> and possesses an innovative approach.  -Possess <label type="Soft Skills">analytical thinking</label> and <label type="Soft Skills">innovation</label> &amp; <label type="Soft Skills">problem solving</label> ability.  -A quick learner with the ability to work under pressure and meet deadlines.    EDUCATION    <label type="Graduation Year">2010</label> <label type="Degree">B.E. (Information Science)</label> from XXXXXXXx  2004 Higher Secondary from XXXXXXXXX  2002 Matriculation from XXXXXXXXX    Certifications    -<label type="Degree">Oracle Certified Associate (OCA 1z0-007)</label> with 90%.  -<label type="Degree">Java Standard Edition 6 certified Professional Exam (310-65)</label> with 89%    PROFESSIONAL QUALIFICATION    -Completed 6 months <label type="Degree">Diploma Course In Java Technology (DJVT)</label> from <label type="College Name">NIIT</label>,  <label type="Location">Hyderabad</label> on:    Modules Covered    Oracle SQL:    -Programming logic and Technique (data type and identification, decision flowcharts,    operators)  -Implementing <label type="Job Specific Skills">Database design</label> using <label type="Tech Tools">Oracle 9i</label> (Query ,Retrieve DB, Functions And  Joins, Sub Queries, Table Creation, Database Maintain, Indexes, Views, Transaction)    <label type="Tech Tools">JAVA</label> fundamentals and Programming Language:    -Concept and features of <label type="Job Specific Skills">OOP</label>, variables, arrays  -Create classes and objects and add methods to a class  -Encapsulation, inheritance and polymorphism  -Application execution from command line  -Implement <label type="Job Specific Skills">error handling techniques</label> using exception handling  -Create event driven <label type="Job Specific Skills">GUI</label> using GUI components  -Implement I/o functionality  -Create<label type="Tech Tools"> TCP/IP client</label> that communicates through sockets  -<label type="Tech Tools">UML</label>"
</cv>
