<?xml version="1.0" encoding="UTF-8"?>
<cv>
"<label type="Name">Malcolm Vandervort</label>  Contact  Information    Education    Address: Frydenlundbakken 12, 3474 A\xcc\x8aros, <label type="Location">Norway</label>  Mobile: +47 9288 6333  Email: <label type="Email Address">AAbshire@gmail.com</label>  Born:  16. December 1978  WWW: Private: http://www.larsstrand.no/  Marital Status: Married  Children: Marius (b. 2012)  August 2007  <label type="Graduation Year">July 2011 </label> <label type="Degree">Ph.D. in Computer and Network Security</label>  <label type="Companies worked at">Norwegian Computing Center</label> / <label type="College Name">University of Oslo</label>  <label type="Designation">Research fellow</label> for a <label type="Degree">PhD degree</label> at <label type="Companies worked at">Norwegian Computing Center</label> (at 75% capacity), within the research  area of network security and VoIP, with special focus on the SIP protocol. Thesis title: \xe2\x80\x9dAdvancement  towards secure authentication in the Session Initiation Protocol\xe2\x80\x9d.  <label type="Graduation Year">January 2003  November 2004</label>  <label type="Degree">M.Sc. in Computer Security</label>  <label type="College Name">University of Oslo</label>  I completed a <label type="Degree">M.Sc</label>. at the <label type="College Name">Department of Informatics, University of Oslo</label>, <label type="Location">Norway</label>. In my thesis I focused  on network security and implemented a distributed firewall in close cooperation with the Norwegian Defence  Research Establishment (FFI). Full title: \xe2\x80\x9dAdaptive distributed firewall using intrusion detection\xe2\x80\x9d.  <label type="Graduation Year">August 2000  December 2002</label>  <label type="Degree">B.Sc. in Programming and Computer Networks</label>  <label type="College Name">University of Oslo</label>  I completed a <label type="Degree">B.Sc.</label> at the <label type="College Name">University of Oslo</label> with courses in computer networks and programming.  <label type="Graduation Year">August 1997  May 2000</label>  <label type="Degree">Minor degree in Philosophy</label>  <label type="College Name">University of Oslo</label>  I completed a minor degree in philosophy with two years philosophy and one year political science. In my  thesis I compared Buddhist ethics with western consequentialism. Full title (Norwegian): \xe2\x80\x9dEr buddhistisk  etikk konsekvensialistisk?\xe2\x80\x9d.    Work Experience  Remunerated    <label type="Years of Experience">Januar 2012  present</label>  <label type="Designation">Chief Project Manager</label> ICT  <label type="Companies worked at">Nofas AS</label>  Responsible for evaluation of our clients R&amp;D projects and describing the new technology in applications  or project plans. My client portfolio consist of innovative R&amp;D companies within the ICT industry. I also  have the professional responsibility for our ICT group at <label type="Companies worked at">Nofas</label>.  <label type="Years of Experience">September 2013  present</label>  <label type="Designation">Board Member</label>  Board member elected by the employees of the company.  <label type="Years of Experience">Januar 2012  present</label>  <label type="Designation">Owner</label>/<label type="Designation">Consultant</label>  Various freelance/consulting work.    <label type="Companies worked at">Nofas AS</label>    Strand Konsulenttjenester    <label type="Years of Experience">September 2008  December 2011</label>  <label type="Designation">Senior System Consultant</label>  <label type="Companies worked at">Redpill Linpro AB</label>  <label type="Designation">Senior technical free and open source (Linux) consultant</label> and <label type="Designation">course instructor</label>. Core member of both  Network and Security Technical Excellence Area (TEA) groups. Worked at 25 % capacity while taking my  PhD.  <label type="Years of Experience">April 2006  May 2008</label>  <label type="Designation">Board Member</label>  Board member elected by the employees of the company.    <label type="Companies worked at">Linpro AS</label>    <label type="Years of Experience">November 2004  August 2008</label>  <label type="Designation">Systems Consultant</label>  <label type="Companies worked at">Linpro AS</label>  <label type="Designation">Technical free and open source (Linux) consultant</label> and <label type="Designation">course instructor</label>. I was responsible for keeping  several sysadmin courses up to date and created several courses from scratch. I worked with the network and  infrastructure (Linux) for customers like \xe2\x80\x9cThe Government Pension Fund of Norway\xe2\x80\x9d, \xe2\x80\x9c<label type="Companies worked at">Siemens Business  Services</label>\xe2\x80\x9d and \xe2\x80\x9cErgo\xe2\x80\x9d.  1    Updated: 10. <label type="Years of Experience">August 2014    2003  2004</label>  <label type="Designation">Research Assistant</label> (summer internship)  <label type="Companies worked at">Thales Communications AS</label>  Development of a prototype for authentication of nodes in a ad-hoc network using 802.1X, 802.11i, OSLR  and MobilIPv6 in a <label type="Tech Tools">Linux</label> environment.  <label type="Years of Experience">September 2000  November 2004</label>  <label type="Designation">System Administrator</label> (20 % part time)  <label type="College Name">University of Oslo</label>  I worked on the <label type="Tech Tools">Linux</label>/<label type="Tech Tools">Unix</label> systems at the <label type="College Name">University of Oslo</label> on a part time basis. <label type="Job Specific Skills">Programming</label> in <label type="Tech Tools">PHP</label>,  <label type="Tech Tools">MySQL</label> and <label type="Tech Tools">scripting</label>.  <label type="Companies worked at">June 2000  July 2001</label>  <label type="Designation">Support Engineer</label> (40 % part time)  <label type="Companies worked at">Telenor Nextra AS</label>  I worked part time as a support engineer solving customer problems related to Internet connection and  popular Internet services.  <label type="Designation">Voluntary</label>    <label type="Years of Experience">2000  present</label>  <label type="Designation">FTP System Administrator</label>  <label type="College Name">University of Oslo</label>  Im member of the sysadmin team responsible for maintaining Norway largest public ftp server ftp.  uninett.no/ftp.uio.no.  <label type="Years of Experience">June 2003  August 2004</label>  Author  Linux Documentation Project  As part of the Linux Documentation Project, I wrote and maintained the Mobile IPv6 HOWTO, Optimized  Link State Routing Protocol (OLSR) IPv6 HOWTO and the 802.1X Port-Based Authentication HOWTO.  <label type="Years of Experience">April 2002  Januar 2003</label>  <label type="Designation">Board Member</label>  <label type="Designation">Founding member</label>, and board member of <label type="Companies worked at">OLUG</label>.    <label type="Companies worked at">Oslo Linux User Group (OLUG)</label>    1998  2004  Student Activities  University of Oslo  I was involved in various student activities/societies on all levels of my higher education. Both professional  and social.  Teaching  Experience    April 2014  Guest <label type="Designation">Lecturer</label>  <label type="College Name">University of Oslo</label>  I gave a guest lecture at the master course \xe2\x80\x9cINF5050  Protocols and routing in the internet\xe2\x80\x9d on the topic  VoIP using SIP.  2007  2011  Course Instructor  I created and teached numerous courses during my years in Linpro/Redpill Linpro.    <label type="Companies worked at">Linpro</label>    Autumn 2003 and 2004  <label type="Designation">Teaching Assistant</label> and examiner  <label type="College Name">University of Oslo</label>  I worked as a teaching assistant and examiner at a programming course in Python, Perl and shell scripting.  <label type="Years of Experience">March 2003</label>  <label type="Designation">Guest Lecturer</label>  <label type="College Name">University of Oslo</label>  I gave a two-hour guest lecture on free and open source software and its consequences for government  administration at a Department of Political Science master course.  <label type="Years of Experience">July 2001</label>  <label type="Designation">Lecturer</label>  <label type="Companies worked at">Telenor Internett</label>  I created and held a two day course in Linux and Linux networking for the technical staff at <label type="Companies worked at">Telenor  Internett</label>.  Certifications    <label type="Degree">MySQL Core Certification</label>, http://www.mysql.com  <label type="Degree">MySQL Professional Certification</label>, http://www.mysql.com  <label type="Degree">Red Hat Certified Technician (RHCT)</label>, http://www.redhat.com  Red Hat Certified Engineer (RHCE), http://www.redhat.com  Linux Professional Institute level 1 (LPIC1), http://www.lpi.org    2    Updated: 10. August 2014    Skills    Ive been in interested in computers as long as I can remember. I vividly remember when I bought my  first computer in 1993. I stumbled across Linux in the late 90ies and have used it daily ever since. I will  claim my Linux and network skills are thorough. My programming experience are primarily <label type="Tech Tools">Perl</label>, <label type="Tech Tools">Python</label>  and <label type="Tech Tools">Bash</label>.  Languages: <label type="Soft Skills">Norwegian</label>, <label type="Soft Skills">English</label>.    Publications    All conference papers were presented and defended at the respective scientific conference.    2011    Lars Strand and Wolfgang Leister. \xe2\x80\x9dAdvancement towards secure authentication in the Session Initiation  Protocol\xe2\x80\x9d International Journal on Advances in Security, ISSN 1942-2636. vol. 4, no. 3&amp;4, 2011.  Lars Strand, Wolfgang Leister and Alan Duric. \xe2\x80\x9dMigration towards a more secure authentication in the  Session Initiation Protocol\xe2\x80\x9d Accepted for publication at The 5th International Conference on Emerging  Security Information, Systems and Technologies, (SECURWARE2011), Aug 2011, Nice, France.  Awarded best paper.  Lars Strand, Josef Noll and Wolfgang Leister. \xe2\x80\x9dGeneric Security Services API authentication support  for the Session Initiation Protocol\xe2\x80\x9d The 7th Advanced International Conference on Telecommunications  (AICT2011), Mar 2011, St. Maarten, The Netherlands Antilles.  Lars Strand and Wolfgang Leister. \xe2\x80\x9dImproving SIP authentication\xe2\x80\x9d The 10th International Conference on  Networks (ICN2011), Jan 2011, St. Maarten, The Netherlands Antilles.    2010    Lars Strand. \xe2\x80\x9dVoIP lab as a research tool in the EUX2010SEC project\xe2\x80\x9d Norwegian Computing Center  Technical Report DART/08/10, April 2010.  Lars Strand and Wolfgang Leister. \xe2\x80\x9dA Survey of SIP Peering\xe2\x80\x9d NATO ASI  Architects of secure Networks  (ASIGE10), May 2010, Genova, Italy.  Invited paper.  Anders Moen Hagalisletto and Lars Strand. \xe2\x80\x9dDesigning Attacks on SIP Call Setup\xe2\x80\x9d International Journal  of Applied Cryptography, ISSN 1753-0563, Volume 2, Number 1, July 2010.    2009    Lothar Fritsch, Arne-Kristian Groven, Lars Strand, Wolfgang Leister and Anders Moen Hagalisletto. \xe2\x80\x9dA  Holistic Approach to Open Source VoIP Security: Results from the EUX2010SEC Project\xe2\x80\x9d International  Journal on Advances in Security, ISSN 1942-2636, vol. 2, no. 2&amp;3, 2009.  Elin Sundby Boysen and Lars Strand. \xe2\x80\x9dSecurity analysis of the SIP Handover Extension\xe2\x80\x9d The 2nd Norwegian  Information Security Conference (NISK2009), Nov 2009, Trondheim, Norway.  Anders Moen Hagalisletto, Lars Strand, Wolfgang Leister and Arne-Kristian Groven. \xe2\x80\x9dAnalysing Protocol  Implementations\xe2\x80\x9d The 5th Information Security Practice and Experience Conference (ISPEC2009), Apr  2009, Xian, China.  Lothar Fritsch, Arne-Kristian Groven and Lars Strand. \xe2\x80\x9dA holistic approach to Open-Source VoIP security: Preliminary results from the EUX2010SEC project\xe2\x80\x9d The 8th International Conference on Networks  (ICN2009), Mar 2009, Cancun, Mexico.  Awarded best paper.    2008    Anders Moen Hagalisletto and Lars Strand. \xe2\x80\x9dFormal modeling of authentication in SIP registration\xe2\x80\x9d  The 2nd International Conference on Emerging Security Information, Systems and Technologies (SECURWARE2008), Aug 2008, Cap Esterel, France.    Talks    I have given several talks over the years, with topics ranging from computer and network security, free and  open source software, software quality, network protocols and databases. For a selection, please consult:  http://larsstrand.no/index.php?action=writings    Professional  Activities    Technical Program Committee, The International Conference on Networks (ICN), 2010, 2011, 2012, 2013.  Technical Program Committee, The International Conference on Emerging Security Information, Systems  and Technologies (SECURWARE), 2009, 2010, 2011, 2012, 2013.  Session chair, The 8th International Conference on Networks (ICN), 2009, 2011.  Session chair, The 2th International Conference on Emerging Security Information, Systems and Technologies (SECURWARE), 2008.    3    Updated: 10. August 2014    Interests    When Im not in front of my computers, I like to exercise cycling and running. I try to attend several  cycling and running competitions each year, including \xe2\x80\x9cGrenserittet\xe2\x80\x9d, \xe2\x80\x9cOslos Bratteste\xe2\x80\x9d, \xe2\x80\x9cLandfallhytta  opp\xe2\x80\x9d. My newest challenge this year was competing in \xe2\x80\x9c\xc3\x98stfold Triatlon\xe2\x80\x9d.  Whenever I have the time, I blog about my technical experiences here http://blog.larsstrand.no/. I  also brew a considerate amount of wine each year.  Im also interested in philosophy of mind and -religion. But most of all, I enjoy spending time with my  wife and son.    References    Available on request.    4    Updated: 10. August 2014"
</cv>
