<?xml version="1.0" encoding="UTF-8"?>
<cv>
"<label type="Name">Maximo Graham</label>  5574, Chipmunk Lane, Dalhousie Avenue  <label type="Location">San Jose, California</label> 40119  Contact: 123-345-7890  Email: <label type="Email Address">Hermila.Schmeler@lr.org</label>  Career Objective:  Seeking the position of <label type="Designation">Core Java developer</label> in a reputed IT organization on basis of  an advanced <label type="Degree">certification in Core Java development</label> and extensive working  knowledge in complete <label type="Tech Tools">Java</label> <label type="Job Specific Skills">programming</label>.  Technical and Personal Skills:      Excellent knowledge and working experience in complete <label type="Tech Tools">Java</label> Package        Proficient in a number of programming languages, graphic designing  applications, post production editing applications, etc.        Well developed skills in testing, debugging and troubleshooting all types of  technical issues        Ability to work on different projects simultaneously        Ability to handle the most stressed situations confidently and patiently        Passionate to create a positive and fruitful association with clients and  colleagues        Willing to update my skills and knowledge and increase my productivity    Work Experience:  <label type="Designation">Core Java Developer</label>  <label type="Companies worked at">U-BICS Technologies</label>, <label type="Location">San Jose</label>  <label type="Years of Experience">April 2013 - Present</label>  Job functions and responsibilities:      Developed batch data processing applets for the database systems used in  corporate and educational organizations using Java applets        Designed ""Attest"" application for State Water Supply Department to track  water supply route failure and other tasks where automated reporting of  failure is crucial to the department        Created multi threaded connector for <label type="Email Address">Hermila.Schmeler@lr.org</label> application on ETrade.Com        Designed animated graphics for gaming and social networking sites on <label type="Tech Tools">J2EE</label>    <label type="Designation">Core Java Developer</label>  <label type="Companies worked at">Seamless Technologies</label>, <label type="Location">San Jose</label>    <label type="Location">August 2010 - March 2013</label>  Job functions and responsibilities:      Built several Java components for flash based games on Android platform        Developed safety components for JSP pages in electronic banking websites        Added tasks for Income Tax Payment website using <label type="Tech Tools">Core Java</label>        <label type="Job Specific Skills">Tested</label>, <label type="Job Specific Skills">debugged</label> and <label type="Job Specific Skills">troubleshot</label> different applications and components  developed by the team and ensured effective resolution    Academic Qualifications and Certifications:      <label type="Degree">Advanced Program in Core Java Applications</label>, <label type="College Name">St Mary Institute of  Programming</label> Studies        <label type="Degree">Master\'s Degree in Computer Science</label>, Department of Technical Studies,  <label type="College Name">California University</label>    Reference:  Will be furnished upon request."
</cv>
