<?xml version="1.0" encoding="UTF-8"?>
<cv>
"Sample resume  information  technology postgraduate  DO NOT COPY: You are advised not to  copy this sample, but to use it to generate  ideas to create your own resume.    <label type="Name">Blanda</label> Applicant    11 Cruz Avenue  Clayton VIC 3204  Home - 8945 6731  Mobile - 1239456789  Email: <label type="Email Address">Josiah.Pollich@sas.name</label>    Education  <label type="Graduation Year">2014 - Current</label>    <label type="College Name">Monash University</label>, OffCampus / Distance Learning  Course: <label type="Degree">Master of Business Information Systems</label>    <label type="Graduation Year">2011</label>    <label type="College Name">Monash University</label>, Clayton Campus  Course: <label type="Degree">Bachelor of Arts</label> (Honours)   Political and Social Inquiry Honours thesis completed on defence policy within the  European Union   Awarded Scholarship in 2011 to write research up into journal article.    <label type="Graduation Year">2008  2010</label>    <label type="College Name">Monash University</label>, Clayton Campus  Course: <label type="Degree">Bachelor of Arts</label> (Global)   Major: <label type="Job Specific Skills">Politics</label>   Minors: in <label type="Soft Skills">German</label> &amp; <label type="Job Specific Skills">Philosophy</label>    Skills Summary  <label type="Job Specific Skills">Project Management</label>        <label type="Job Specific Skills">Business Acumen</label>              Highly developed <label type="Soft Skills">research</label> and <label type="Soft Skills">analytical</label> skills with a strong capacity to conduct  independent <label type="Soft Skills">research</label>  Demonstrated ability to develop goals, objectives and implement strategies  enhanced through lesson planning and teaching experience  Proven ability to conceptualise problems and develop well-reasoned and  integrated solutions, as demonstrated throughout Masters and Honours research  First-hand understanding of the relationship between shareholder value and  business performance acquired through work at <label type="Companies worked at">TRE Bank</label>, <label type="Companies worked at">ZiNc</label> and <label type="Companies worked at">NAB Banks</label>  Experience of <label type="Job Specific Skills">change management</label> and <label type="Job Specific Skills">strategic management</label> of mergers and  acquisitions working for <label type="Companies worked at">ZiNc</label> throughout its integration with <label type="Companies worked at">TRE Bank</label>  Demonstrated a commitment to provision of superior customer experience in a  number of demanding, high-pressure customer-contact roles, consistently  exceeding customer and workplace expectations  Acquired small business skills through the Young Achievers Australia program    <label type="Soft Skills">Communication</label> / <label type="Soft Skills">Teamwork</label>   Fostered <label type="Soft Skills">communication skills</label> through teaching, volunteer and extra-curricular  environments, <label type="Soft Skills">public speaking</label> and debating and convening roles in workshops  and discussions  monash.edu/careers  <label type="Email Address">Josiah.Pollich@sas.name</label>  +61 3 9905 4170  Facebook.com/MonashECD    Sample Resume  Information  Technology Postgraduate  Internationalism    Technical Skills          Proficiency in spoken and written <label type="Soft Skills">German</label>  High level <label type="Soft Skills">intercultural</label> <label type="Soft Skills">negotiation</label> skills attained through extensive travel, study  and living in both developed and developing countries        Conversant in the terminology and competent in the use of modern office  technologies such as <label type="Tech Tools">Word</label>, <label type="Tech Tools">Excel</label>, <label type="Tech Tools">PowerPoint</label>    Employment History  <label type="Years of Experience">2013-current</label>  <label type="Years of Experience">2009-2011</label>    <label type="Companies worked at">ZiNc</label> Telephone Banking, <label type="Location">Melbourne</label>  Position: <label type="Designation">Customer Service Advisor</label> (part time to 2011, full time from 2013)  Responsibilities   Providing a consistently high level of <label type="Job Specific Skills">customer service</label> to both internal and  external customers of the Bank, in a constantly-changing, dynamic environment,  incorporating the mastery of a variety of Information Technology applications and  the constant updating of information and resources   Participated in a number of committees and workgroups examining best business  practices, <label type="Job Specific Skills">change management</label>, <label type="Job Specific Skills">merger implementation</label>, <label type="Job Specific Skills">technology testing</label> and  enhancement and <label type="Job Specific Skills">quality assurance</label>  Achievements   Entrusted with the more complex aspects of the business such as handling  international and business transactions, customer complaints and lending queries   Received several customer service awards, including being named Customer  Service Representative of the Month for the Centre on three occasions, as well as  receiving Customer compliments and outstanding results in <label type="Job Specific Skills">Quality Assurance</label>  Assessment    <label type="Years of Experience">2011</label>    <label type="College Name">Monash University</label>, Clayton Campus, <label type="College Name">School of Political and Social Inquiry</label>  Position: <label type="Designation">Tutor</label> (five contact hours per week)  Responsibilities   Taught Australian Politics and Government and Introduction to International  Relations to first-year level students  Achievements   Adapted teaching methods to suit students from a variety of academic, ethnic,  linguistic and ability backgrounds   Delivered a high quality learning experience to students which was met with  consistently positive feedback when independently evaluated by the Faculty    <label type="Years of Experience">2008-2009</label>    <label type="Companies worked at">David Jones</label>, <label type="Location">Melbourne</label>  Position: <label type="Designation">Sales Assistant</label> (casual)  Responsibilities  \xef\x82\xa7 <label type="Job Specific Skills">Cash register sales</label> &amp; <label type="Job Specific Skills">customer Service</label>  \xef\x82\xa7 Liaison with other stores for customer orders  \xef\x82\xa7 Shop Maintenance  \xef\x82\xa7 Receiving &amp; arranging of stock  Achievements   Promoted from entry-level position to a position that incorporates a higher level  of autonomy and self-management, with the authority to make independent  decisions  monash.edu/careers  <label type="Email Address">Josiah.Pollich@sas.name</label>  +61 3 9905 4170  Facebook.com/MonashECD    Personal Development  2014    Elected by Postgraduate students to represent them at Faculty of Information  Technology and Departmental Board &amp; Committee meetings at Monash University    2012    Travelled overseas to 21 countries, spending most time in Eastern Europe    2011    Participant (<label type="Designation">Marketing Director</label>), Young Achievement Australia  Small Business program    2010    Represented <label type="College Name">Monash University</label>, World Intervarsity Debating  Captain, Victoria Schools Debating Team  Editor of School Magazine (Prefect)    2009    Spent 2 months in <label type="Location">Germany</label> as an Exchange Student    Publications / Presentations      ""Arms Control and International Security within European Union policy"". Journal of  Human Security , Volume 5, Issue 3, <label type="Location">Melbourne</label>, October 2012    Hobbies / Interests          Arts: cinema, writing, theatre, jazz music  Sports: cycling, tennis &amp; indoor soccer  Leisure: studying languages, cooking and travel    Referees  Ms <label type="Name">Blanda</label>  <label type="Designation">Centre Manager</label>  <label type="Companies worked at">ZiNc</label> Telephone Banking  Tel: 8671 3456  <label type="Email Address">Josiah.Pollich@sas.name</label>  (Work supervisor)  <label type="Designation">Professor</label> <label type="Name">Blanda</label>  <label type="College Name">School of Political &amp; Social Inquiry</label>  <label type="College Name">Monash University</label>  Tel: 9905 3456  <label type="Email Address">Josiah.Pollich@sas.name</label>  (<label type="Designation">Honours Supervisor</label>)  <label type="Name">Blanda</label>  <label type="College Name">School of Political &amp; Social Inquiry</label>  <label type="College Name">Monash University</label>  Tel: 9905 3366  <label type="Email Address">Josiah.Pollich@sas.name</label>  (Chief Examiner of Unit)    monash.edu/careers  <label type="Email Address">Josiah.Pollich@sas.name</label>  +61 3 9905 4170  Facebook.com/MonashECD"
</cv>
