<?xml version="1.0" encoding="UTF-8"?>
<cv>
"Title  <label type="Designation">Sr. Java J2ee Developer</label>    Primary Skills  <label type="Tech Tools">Java</label> <label type="Tech Tools">J2ee</label>, <label type="Tech Tools">spring</label>, <label type="Tech Tools">hibernate</label>, <label type="Tech Tools">jsp</label>, <label type="Tech Tools">servlet</label>    Location  <label type="Location">US-NJ-Jersey City</label> (will consider relocating)    Posted  Jan-28-10    Summary  \xe2\x80\xa2 Over <label type="Years of Experience">10 years of experience</label> <label type="Job Specific Skills">developing applications</label> using <label type="Tech Tools">Java</label>/<label type="Tech Tools">J2EE</label> technologies  in <label type="Job Specific Skills">Financial</label>, <label type="Job Specific Skills">Banking</label>, <label type="Job Specific Skills">Insurance</label>, and <label type="Job Specific Skills">Healthcare</label> domains.  \xe2\x80\xa2 Expertise through all parts of <label type="Job Specific Skills">Software Development Life Cycle (SDLC)</label> in  developing <label type="Job Specific Skills">web applications</label> using <label type="Tech Tools">JAVA</label>, <label type="Tech Tools">J2EE</label>, <label type="Tech Tools">EJB</label>, <label type="Tech Tools">Web services</label>, <label type="Tech Tools">SOA</label>, <label type="Tech Tools">SOAP</label>  etc.  \xe2\x80\xa2 Expertise in <label type="Soft Skills">analysis</label>, <label type="Job Specific Skills">design</label>, <label type="Job Specific Skills">development</label>, <label type="Job Specific Skills">testing</label> and maintenance of large scale  object oriented applications.  \xe2\x80\xa2 Extensive experience using <label type="Tech Tools">JSP</label>, <label type="Tech Tools">Servlets</label>, <label type="Tech Tools">JDBC</label>, <label type="Tech Tools">JMS</label>, <label type="Tech Tools">XML</label>, <label type="Tech Tools">Struts</label>, <label type="Tech Tools">Spring</label>,  <label type="Tech Tools">Hibernate</label>, <label type="Tech Tools">Oracle</label> and <label type="Tech Tools">SQL Server</label>.  \xe2\x80\xa2 Extensive hands on experience deploying applications on <label type="Tech Tools">Weblogic8.1</label>, <label type="Tech Tools">Websphere  4.0/ 5.1/6.1</label>, <label type="Tech Tools">Oracle 9i</label> application servers.  \xe2\x80\xa2 Strong in back end development and design using Oracle, triggers and stored  procedure (PL/SQL).  \xe2\x80\xa2 Extensive knowledge of <label type="Job Specific Skills">OOPS</label>, <label type="Job Specific Skills">OOAD</label>, <label type="Tech Tools">UML</label> concepts (<label type="Job Specific Skills">Use Cases</label>, <label type="Job Specific Skills">Class  Diagrams</label>, <label type="Job Specific Skills">Sequence Diagrams</label>, <label type="Job Specific Skills">Deployment Diagrams</label> etc), <label type="Job Specific Skills">SEI-CMMI</label> and <label type="Job Specific Skills">Six  Sigma</label>.  \xe2\x80\xa2 Extensive experience in using development tool like <label type="Tech Tools">Eclipse 3.1.1</label>/<label type="Tech Tools">My Eclipse</label>.  \xe2\x80\xa2 Extensive experience in <label type="Tech Tools">Client Server</label>, <label type="Tech Tools">J2EE</label> technologies and <label type="Tech Tools">MVC</label> frameworks.  \xe2\x80\xa2 Good Management, Execution, <label type="Job Specific Skills">Documentation skills</label> and good exposure to <label type="Job Specific Skills">QA</label>  procedures.  \xe2\x80\xa2 Highly motivated, results oriented and <label type="Soft Skills">leadership</label> skills with great <label type="Soft Skills">team ethics</label>.  \xe2\x80\xa2 Good <label type="Soft Skills">Communication</label>, <label type="Soft Skills">interpersonal</label> skills and <label type="Soft Skills">problem solving</label> skills.  \xe2\x80\xa2 Well focused and can meet the expected deadlines    EDUCATION    <label type="Degree">M.Tech</label>. <label type="College Name">Visveswariah Technogical University</label>, <label type="Location">India</label>.  <label type="Degree">B.E. (Electronics and Communication)</label>, <label type="College Name">Karnataka University</label>, <label type="Location">India</label>.    TECHINAL SKILLS    <label type="Job Specific Skills">Software Modelling Language</label> <label type="Tech Tools">UML</label>, <label type="Tech Tools">MS-Office</label>, <label type="Tech Tools">Visio</label>, Enterprise Architect  Methodologies <label type="Tech Tools">OOPS</label>, <label type="Tech Tools">OOAD</label>  Internet Technology <label type="Tech Tools">J2EE</label>, <label type="Tech Tools">EJB1.1 / 2.0 / 3.0</label>, <label type="Tech Tools">fast4j EJBBridge</label>, <label type="Tech Tools">MDB</label>, <label type="Tech Tools">Java</label> (<label type="Tech Tools">JDK  1.2/1.3/1.4/1.5</label>), <label type="Tech Tools">JFC (Swing)</label>, <label type="Tech Tools">JSP</label>, <label type="Tech Tools">Servlets</label>, <label type="Tech Tools">SSL</label>, <label type="Tech Tools">JDBC</label>, <label type="Tech Tools">Beans</label>, <label type="Tech Tools">RMI</label>, <label type="Tech Tools">Java Script</label>,  <label type="Tech Tools">JSF</label>, <label type="Tech Tools">XML</label>, <label type="Tech Tools">JAXB</label>, <label type="Tech Tools">XSL</label>, <label type="Tech Tools">XSLT</label>, <label type="Tech Tools">HTML</label>, <label type="Tech Tools">Hibernate</label> (Open source ORM  framework),<label type="Tech Tools">HQL</label>, <label type="Tech Tools">SOA</label>, <label type="Job Specific Skills">Web Services,</label> <label type="Job Specific Skills">Web Processing Service (WPS)</label>, <label type="Tech Tools">BPEL</label>, <label type="Tech Tools">WS-I</label>,  <label type="Tech Tools">REST</label>, <label type="Tech Tools">SOAP</label>, <label type="Tech Tools">MTOM</label>, <label type="Tech Tools">TCPIP</label>, <label type="Tech Tools">TLS</label>, <label type="Tech Tools">PKI</label>, <label type="Tech Tools">WSDL</label>, <label type="Tech Tools">SAML</label>, <label type="Tech Tools">XSD</label>, <label type="Tech Tools">XPath</label>, <label type="Tech Tools">UDDI</label>, <label type="Tech Tools">AJAX</label>,  <label type="Tech Tools">JTA</label>, <label type="Tech Tools">DOJO</label> Library, <label type="Tech Tools">JMS</label>, <label type="Tech Tools">MQ</label> Series , MDB  RI Applications <label type="Tech Tools">Adobe flex</label>, <label type="Tech Tools">Yahoo UI</label>  Databases <label type="Tech Tools">Oracle 7.x/8.x/10 g</label>, <label type="Tech Tools">SQL Server 7.0</label>, <label type="Tech Tools">SQL2000</label>, <label type="Tech Tools">Sybase ASA 9.0</label>, <label type="Tech Tools">SQL  Query Analyzer</label>, <label type="Tech Tools">DB2 (UDB)</label>, <label type="Tech Tools">MS-Access</label>-97/2000  Operating Systems <label type="Tech Tools">Windows XP</label>, <label type="Tech Tools">Windows 2000</label>, <label type="Tech Tools">Windows NT</label>, <label type="Tech Tools">Windows 98/95</label>,  <label type="Tech Tools">UNIX</label>, <label type="Tech Tools">Solaris 9</label> and <label type="Tech Tools">MSDOS</label>  Application server <label type="Tech Tools">WebLogic 5.1/6.0/8.1 </label>(Administration, Workshop, Portal),  <label type="Tech Tools">Websphere</label> 4.0, 5.1,6.1 and <label type="Tech Tools">Oracle9i</label> / 10g, <label type="Tech Tools">Sun Application Server</label> (Sun Java  System Application Server Platform Edition 8.2)  Web Server <label type="Tech Tools">Java Web Server</label>, A<label type="Tech Tools">pache-tomcat-6.0.10</label>  Tools / IDE <label type="Tech Tools">Eclipse</label> 3.1.1, <label type="Tech Tools">IBM RAD</label> 6/7, <label type="Tech Tools">Jdeveloper</label>, <label type="Tech Tools">TOAD</label> 7.6.0.11, <label type="Tech Tools">Crystal  Reports9.0</label>, <label type="Tech Tools">JReport4.5.0</label>, <label type="Tech Tools">Rational Rose 7.0.1.1</label> (ClearCase, <label type="Tech Tools">Pentaho</label>, <label type="Tech Tools">SAS</label>,  <label type="Tech Tools">ClearQuest</label>, <label type="Tech Tools">SoDA</label>, <label type="Tech Tools">RequisitePro</label>, <label type="Tech Tools">TestManager</label>), <label type="Tech Tools">Rational Software Architect (RSA)</label>,  <label type="Tech Tools">VSS</label>, <label type="Tech Tools">LDAP</label> configuration, site Minder, Vantage Analyzer , Mail Server, <label type="Tech Tools">Apache</label> <label type="Tech Tools">Ant</label>,  <label type="Tech Tools">Log4j</label>, <label type="Tech Tools">Jtest</label>, <label type="Tech Tools">JUnit</label>, <label type="Tech Tools">Jacobe</label>, <label type="Tech Tools">Macromedia Dreamweaver</label> 3.0, <label type="Tech Tools">Editplus</label>, <label type="Tech Tools">Jcreator Pro</label>,  <label type="Tech Tools">JIRA</label> for Bugtracking, <label type="Tech Tools">RallyDev</label> for <label type="Job Specific Skills">Project Management</label>, <label type="Tech Tools">SSH 3.2.9</label>, <label type="Tech Tools">Aqua Data  Studio</label> 4.7, 6.5, 7.0, <label type="Tech Tools">Maven</label> 2.0.9 (pageant, puttygen, plink, pscp, putty), Business  Objects, Autosys job scheduler, <label type="Tech Tools">Control-M</label> job scheduler  Version Control Tools Rational Rose Clearcase 7.0.1.1, <label type="Tech Tools">VSS</label>, <label type="Tech Tools">WinCVS</label>  Other <label type="Tech Tools">Perl</label> scripting, <label type="Tech Tools">Shell</label> Scripting, <label type="Tech Tools">C++</label>, <label type="Tech Tools">C</label>, <label type="Tech Tools">PASCAL</label>, <label type="Tech Tools">FORTRAN</label>, <label type="Tech Tools">Intel Assembly </label> Languages 8085 and 8086/88  Frameworks Model View Controller (<label type="Tech Tools">MVC</label>), <label type="Tech Tools">Struts</label>, <label type="Tech Tools">Tiles</label>, <label type="Tech Tools">Spring</label>, <label type="Tech Tools">Cleveland</label> and  <label type="Tech Tools">Chops</label>  Miscellaneous Knowledge of SDLC and ISO 9001, CMM Level 5, PCMM standards"
</cv>
