<?xml version="1.0" encoding="UTF-8"?>
<cv>
"<label type="Name">Melvin Boyer</label>  4 Architecture Drive, SDE 01-02 Department of Real Estate,  <label type="College Name">School of design and environment  National University of Singapore</label>  [+65-93804857]  <label type="Email Address">Raye.O'Connell@vl.io</label>  [http://www.rst.nus.edu.sg/programme/graduate/researchstudents.html]    EDUCATION  Department of Real Estate, <label type="College Name">National University Of Singapore (NUS)</label>, Kent Ridge Campus,  <label type="Location">Singapore</label>.  <label type="Degree">PhD Candidate</label>  Currently Pursuing my doctoral thesis titled \xe2\x80\x9cAn Agent Based approach to Design the  Knowledge Based Urban Development: The case of \xe2\x80\x9eOne north\xe2\x80\x9f in Singapore\xe2\x80\x9d  [Outstanding CAP : 4.3]    [2010-2014]    <label type="College Name">Sathyabama University</label>, <label type="Location">Jeppiaar Nagar, Chennai, India</label>.  <label type="Degree">Bachelor of Technology [B.Tech]</label> Specialization: <label type="Degree">Bio-Informatics</label>  Thesis: \xe2\x80\x9cThe Development of METDAT (Metabolomics Data Analysis Tool)\xe2\x80\x9d  [Aggregate score :74%]    [2005-2008]    Anna Gem Science Park Higher secondary School, Anna University Campus, Chennai,  India.  Major: Biology  [Aggregate score :77%]    [2003-2005]    AWARDS  Recipient Of doctoral scholarship by <label type="College Name">National University Of Singapore</label>  Received Scholarship of excellence as an intern at <label type="Companies worked at">Singapore Delft Water  Alliance Company</label>    2010-2015    2008 (Nov.)  2009 (Mar)    TECHNICAL EXPERIENCE  Have good experience in performing <label type="Job Specific Skills">Advance Econometric analysis</label> using software\xe2\x80\x9fs such as <label type="Tech Tools">Eviews</label>, <label type="Tech Tools">SPSS</label> &amp; <label type="Tech Tools">SAS</label>.  Sufficient experience in performing <label type="Job Specific Skills">financial risk management</label> and analysis using <label type="Tech Tools">@risk</label> and  <label type="Tech Tools">vose</label>\xe2\x80\x9fs model risk software\xe2\x80\x9fs.  Have good knowledge in handling <label type="Job Specific Skills">Geographic Information Systems</label>. Can perform data  acquisition, modeling and analysis using <label type="Tech Tools">ArcGIS</label> platforms.  Proficient in building system dynamic and agent based models using  \xe2\x80\x9cithink\xe2\x80\x9d/\xe2\x80\x9cvenism\xe2\x80\x9d/\xe2\x80\x9cAnylogic professional\xe2\x80\x9d for performing complexity <label type="Job Specific Skills">modeling and analysis</label>.  Proficient with software applications like <label type="Tech Tools">Ms office</label>, <label type="Tech Tools">Gnuplot</label>, <label type="Tech Tools">Adobe Photoshop</label>, <label type="Tech Tools">Macromedia  Flash</label>. Have worked on <label type="Tech Tools">windows</label> and <label type="Tech Tools">Linux</label> platforms. Good knowledge of data structures and  computer algorithms.  1    <label type="Name">Melvin Boyer</label>  4 Architecture Drive, SDE 01-02 Department of Real Estate,  <label type="College Name">School of design and environment  National University of Singapore</label>  [+65-93804857]  <label type="Email Address">Raye.O'Connell@vl.io</label>  [http://www.rst.nus.edu.sg/programme/graduate/researchstudents.html]    RELATED EXPERIENCE  <label type="Companies worked at">Institute of Real Estate Studies</label> (IRES-NUS) , <label type="Location">Singapore</label>  [<label type="Designation">Research Assistant</label>]  Performed GIS data collection and analysis. Regression analysis and manuscript editing for a  research project studying the effect of school proximity of property values.    <label type="Years of Experience">2012</label>    <label type="Companies worked at">Centre For Sustainability Asian Cities (CASC)</label>, <label type="Location">Singapore</label>.  [<label type="Designation">Research Assistant</label>]  Involved during final stages of the Green Plot Ratio Project (Gnpr) where i was in charge of  developing building designs for quantitatively calculated green plot ratio\xe2\x80\x9fs and editing final  research reports.  <label type="Companies worked at">Department of Real Estate</label>, NUS.  [<label type="Designation">Research Assistant</label>]  Assisted in a Real estate auction research study to develop a computer program using <label type="Tech Tools">Matlab</label>  to validate results that were obtained through formal econometric analysis.  <label type="Companies worked at">Tropical Marine Science Institute (TMSI)</label>, NUS.  [<label type="Designation">Research Assistant</label>]    <label type="Years of Experience">2012    2011    2010</label>    In charge of collecting and managing global climate data for analysis by senior scientists  <label type="Companies worked at">Singapore Delft Water Alliance Company (SDWA)</label>  [<label type="Designation">Research Intern</label>]  Assisted in <label type="Job Specific Skills">programming</label> work of subroutines for a powerful Stand Alone Visualization Tool for  Data Processing and Data Analysis called \xe2\x80\x9eMetDat\xe2\x80\x9f research project jointly conducted with the  Department of Biological sciences, <label type="College Name">National University of Singapore</label>.    <label type="Years of Experience">2008</label>  PUBLICATIONS AND PAPERS  \xe2\x80\x9cA new approach to design the Knowledge Based Urban Development (KBUD) using Agent  Based Modeling.\xe2\x80\x9d  Authors: Rengarajan, Satyanarain ; Ho, Kim Hin / David    [Forthcoming]    \xe2\x80\x9cIndustrial Real Estate Market Dynamics in Singapore: A VAR Approach.\xe2\x80\x9d  Authors: Ho, Kim Hin / David ; Rengarajan, Satyanarain    [Forthcoming]    [Paper presented at the AsRES-AREUEA Joint International Conference 2012]  \xe2\x80\x9cStrategic industrial real estate in the new economy: the biopolis, the Singapore  experience.\xe2\x80\x9d  Authors: Ho, Kim Hin / David Rengarajan, Satyanarain  2    [Forthcoming]    <label type="Name">Melvin Boyer</label>  4 Architecture Drive, SDE 01-02 Department of Real Estate,  <label type="College Name">School of design and environment  National University of Singapore</label>  [+65-93804857]  <label type="Email Address">Raye.O'Connell@vl.io</label>  [http://www.rst.nus.edu.sg/programme/graduate/researchstudents.html]    LANGUAGES  <label type="Soft Skills">English</label>- speak fluently and read/write with high proficiency  <label type="Soft Skills">Tamil</label>  speak fluently and read/write with medium proficiency  <label type="Soft Skills">French</label> speak, read, and write with basic competence    MEMBERSHIPS  Real Estate graduate Research club ,NUS (<label type="Designation">President</label>)    REFERENCES  References available upon request    3"
</cv>
