<?xml version="1.0" encoding="UTF-8"?>
<cv>
"Curriculum Vitae  <label type="Name">Lurline Bartell</label>  <label type="Designation">Interim Director</label> of Information Technology  <label type="College Name">University of Minnesota</label> <label type="Location">Duluth</label>  386 Kirby Plaza  1208 Kirby Drive  <label type="Location">Duluth, MN</label> 55812-3095  123-345-7890  <label type="Email Address">Santos59@gmail.com</label>    <label type="Designation">Information Technology Professional</label> Experience  <label type="Designation">Interim Director</label>, Information Technology  <label type="College Name">University of Minnesota</label> <label type="Location">Duluth</label> <label type="Companies worked at">Information Technology Systems and Services</label> (<label type="Years of Experience">May 2014 Present</label>)  Oversee administrative and operational activities of <label type="Job Specific Skills">Information Technology Systems  and Services</label> at the <label type="College Name">University of Minnesota</label>, <label type="Location">Duluth</label>.  Direct a complex annual budget in excess of $5.5 Million and including recurring and  nonrecurring funds, restricted funds, capital equipment replacement funds, internal  sales, and external sales.  Cultivate a rewarding and engaging work environment to encourage innovation and  continuous improvement in information technology services.  Define and accomplish goals to meet business needs, overseeing the work of 40  information technology professionals.  Provide <label type="Soft Skills">strategic vision</label> and direction through the supervision of 4 information technology  managers and several cascading work and project teams.  Advocate UMD campus priorities as a leader in system-wide communities of practice  and at UMN IT <label type="Soft Skills">Strategic Leadership</label> activities.  <label type="Designation">Manager of Academic Technology and Finance</label>, Information Technology  <label type="College Name">University of Minnesota</label> <label type="Location">Duluth</label> <label type="Companies worked at">Information Technology Systems and Services</label> (<label type="Years of Experience">2012 - 2014</label>)  Managed academic technology applications and support, classroom technology,    student computing labs, audio-visual services, the MultiMedia Hub, and  departmental finances, including supervision of staff in each area.  Managed a complex annual budget in excess of $5.5 Million and including  recurring and nonrecurring funds, restricted funds, capital equipment replacement  funds, internal sales, and external sales.  Contributed to strategic planning and implementation of campus-wide information  technology initiatives.  Performed needs assessment, planning, budgeting, asset acquisition, and  implementation for general purpose learning spaces, including 90 classrooms and  15 computer labs.  <label type="Designation">Manager of Classroom Technology and Customer Service</label>, Information Technology  <label type="College Name">University of Minnesota</label> <label type="Location">Duluth</label> <label type="Companies worked at">Information Technology Systems and Services</label> (<label type="Years of Experience">2003 - 2012</label>)  Managed data entry services, classroom technology, student computing labs,  information technology help desk, audio-visual services, the MultiMedia Hub, and the  Visual and Digital Imaging Lab, including supervision of staff in each area.  Managed a complex annual budget in excess of $1.4 Million and including recurring and  nonrecurring funds.  Developed and wrote human resource policies for a staff of 40 information technology  professionals and acted as human resources liaison for the department.  Contributed to strategic planning and implementation of campus-wide information  technology initiatives.  Performed needs assessment, planning, budgeting, asset acquisition, and  implementation for general purpose learning spaces, including 90 classrooms and 15  computer labs.  <label type="Designation">Computer Lab Coordinator</label>, Information Technology  <label type="College Name">University of Minnesota</label> <label type="Location">Duluth</label> <label type="Companies worked at">Information Technology Systems and Services</label> (<label type="Years of Experience">1996 - 2003</label>)  Managed over 100 student computer lab and web development consultants including  hiring, training, scheduling, and evaluations.  Coordinated fourteen computer labs including <label type="Tech Tools">Windows</label>, <label type="Tech Tools">Macintosh</label>, and <label type="Tech Tools">Unix</label> platforms.  Worked with faculty, staff, and students to adapt computing services as needs evolved  and technology changed.  <label type="Designation">Computer Lab Consultant</label> (Temporary Office Service), Information Technology    <label type="College Name">University of Minnesota</label> <label type="Location">Duluth</label> <label type="Companies worked at">Information Technology Systems and Services</label> (<label type="Years of Experience">1996</label>)  Provided front line support for faculty and students in a cross platform lab.  Resolved hardware and software problems for end users across <label type="Tech Tools">Windows</label>, <label type="Tech Tools">Macintosh</label>,  and <label type="Tech Tools">Unix</label> platforms.    Selected Information Technology Projects:  ITSS Culture &amp; Values, Work Prioritization, and Appraisal Process (2014) Redefined the  culture, values, and work prioritization methodology as part of a new merit pay appraisal  process. Used World Cafe style meetings, one-on-one meetings, modeling, online  collaboration, and extensive consultation and collaboration with other <label type="College Name">University of Minnesota</label>  units to determine the best available solutions.  Request for Proposal (RFP) Security Assessment (2014) Served on the team to choose a  qualified external vendor to perform an objective assessment of the University\xc3\xa2\xc2\x80\xc2\x99s information  security program strategy, implementation, and maturity, using the university\xc3\xa2\xc2\x80\xc2\x99s selected  information security standard (ISO 27123/456789).  Campus Cash system replacement Debitek to CBORD (2014) Updated a campus-wide  declining balance cash payment system to pay for printing, parking, and other services using  the UCard, cash value ports, and an automated notification system to notify users of declining  balance rules and timelines.  Active Learning Video Conferencing Classroom Lib 410 (2013) Collaborated with the College  of Pharmacy on both the Twin Cities and <label type="Location">Duluth</label> campuses from needs assessment through  implementation. Built the first active learning classroom optimized for video collaboration to  support a new curriculum for the <label type="College Name">College of Pharmacy</label>.  Request for Proposal (RFP) UMD Ticketing System (2013) Served on the team to design the  IT security and usability portions of the RFP and to choose the best vendor to provide the  service across several units including Athletics, Glensheen, and the <label type="College Name">School of Fine Arts</label>.  Academic Program Prioritization (2013) Worked with a team of staff from non-academic units  to design a rubric measuring each of 241 units\' alignment with the UMD Strategic Plan.  Measured each of 241 programs to assess alignment and equip Chancellor\'s Cabinet to make  decisions. (Outstanding Service Award Honorable Mention)  Active Learning Classrooms (2011 - present) Conducted literature search, faculty needs  assessment and vendor reviews. Collaborated with Classroom Technology Services to design  and build Active Learning Classrooms on the <label type="Location">Duluth</label> campus.  <label type="Companies worked at">Google</label> Transition (2009 - 2014) Served on the system-wide Google Steering Committee.  Planned and implemented a transition to move over 25,000 user accounts from local email,    calendar, and document sharing services into Google Apps. (Outstanding Service Award)  ITSS Unified Task Management (2008) Leveraged Six Sigma Project Management skills to  consolidate seven task management systems into one task management and billing system  for the Information Technology Systems and Services department. Acquired a $10,000 system  grant to fund the project.  <label type="College Name">Labovitz School of Business and Economics</label> Technology Build (<label type="Years of Experience">2006-2008</label>) - Designed  and implemented the technology for a state-of-the-art building, including electronic stock  ticker, digital signs, interactive kiosks, and the most complex classroom technology builds  done on campus at that time. Completed project on time and significantly under budget.  Established what would become the normal course of action to design and build classroom  technology, using ITSS staff, for subsequent buildings on campus.  Classroom Technology Transition (2003-present) Transitioned over 100 general purpose  classrooms into enhanced control systems to simplify use by faculty and presenters and  modernize display and sound systems. (Outstanding Service Award)  Student Computing Scheduling and Staffing Reorganization (1998) Transformed  paper schedules and informal shift coverage system into an online automated scheduling  system. Formalized the system and outsourced it to other <label type="College Name">University of Minnesota</label> <label type="Location">Duluth</label>  departments to simplify their student employment management. (Outstanding Service Award)    Teaching Professional Experience  <label type="Designation">Instructor</label> PE 1615 Jujutsu  <label type="College Name">University of Minnesota</label> <label type="Location">Duluth</label> <label type="Companies worked at">Department of Health Physical Education and Recreation</label>  (<label type="Years of Experience">2012 - Present</label>)  Teach cultural and esoteric aspects of Japanese Jujutsu  Teach applied Judo in a safe, inclusive environment  <label type="Designation">Instructor</label> SSP 1000 UMD Seminar  <label type="College Name">University of Minnesota</label> <label type="Location">Duluth</label> <label type="Companies worked at">Department of Students in Transition</label> (<label type="Years of Experience">2007 - 2012</label>)  Taught students technology, social, and practical skills to adjust to college  Provided IT training and curriculum to fellow instructors  <label type="Designation">Instructor</label> COMP 1120 Composition  <label type="College Name">University of Minnesota</label> <label type="Location">Duluth</label> <label type="Companies worked at">Department of Composition</label> (<label type="Years of Experience">1994-1996, 2001</label>)    Taught writing, research, and computer skills  Created class schedules, teaching plans, and a grading system  <label type="Designation">Instructor</label> Writing Studies  <label type="College Name">Fon du Lac Tribal and Community College</label> (<label type="Years of Experience">1998</label>)  Taught basic writing, grammar, and presentation skills  Created a curriculum to accommodate a diverse student population  <label type="Designation">Instructor</label> English as a Second Language  <label type="College Name">University of Minnesota</label> <label type="Location">Duluth</label> Continuing Education (<label type="Years of Experience">1994-1996</label>)  Taught international graduate students writing, grammar, and conversational English  Worked with colleagues to provide a unique Minnesota cultural experience    Selected Publications and Presentations  Davis, Jason. ""Classroom Spaces and Instructional Design."" Student Learning: Bridging  Research with Practice. Northeast Higher Education District. Hibbing Community  College. Hibbing, MN. 27 September, 2013. Invited Speaker.  Davis, Jason. ""Sutemi in a 1984 Pace Arrow"" Kaia Echo Fall/Winter 2013: 4.  Angelos, Peter, Brad Cohen, Jason Davis, and Brittany Lloyd. ""Shared Leadership: From  IT Silos to IT Alliance."" EDUCAUSE National Conference. Denver Convention  Center Mile High Ballroom. Denver, CO. 8 November, 2012. Speaker.  Davis, Jason. ""Educational Technology."" District V NABP/AACP Meeting. University of  Minnesota Duluth. Life Sciences Building. Duluth, MN. 2 August, 2012. Invited Speaker.  Angelos, Peter, Sally Bradt and Jason Davis. ""Effective Change Management:  Concurrent Rollout of Google Apps and Active Directory at UMD."" EDUCAUSE Midwest  Conference. InterContinental Chicago Hotel. Chicago, IL. 14 March, 2011. Speaker.  Davis, Jason, John G. Henderson, and Beth Schaefer. ""What Happened to the  Computer Lab?"" EDUCAUSE Midwest Conference. InterContinental Chicago Hotel.  Chicago, IL. 5 November, 2009. Speaker.  Davis, Jason. ""Getting Out of Your Comfort Zone."" Kaia Echo Fall 2009: 11.  Davis, Jason. ""Working Smarter Idea."" Quality Fair. University of Minnesota. McNamara  Alumni Center. Minneapolis, MN. 31 January, 2009. Poster Presenter.  Davis, Jason. ""Click into Quality."" Quality Fair. University of Minnesota. McNamara  Alumni Center. Minneapolis, MN. 4 February, 2008. Speaker.    Davis, Jason, John Dowalczyk, Charlene Harkins, Steven Holtz, Joseph Johnson, and  Chad Pierson. ""Click Into Bloom Presentation."" Enhancing Student Learning  Conference. McNamara Alumni Center. Minneapolis, MN. 23 April, 2007. Speaker.  Angelos, Peter and Jason Davis. ""Stake Holders in Learning Spaces."" Classrooms of the  Future XIII. Hamline University. Saint Paul, MN. 22 May, 2007. Speaker.  Davis, Jason. ""Learning Spaces."" EDUCAUSE Midwest Conference. InterContinental  Chicago Hotel. Chicago, IL. 11 March, 2006. Discussion Leader.  Davis, Jason. ""Learning Spaces Implementation: Operationalized Theory in Bidding  Documents."" University of Minnesota, ProQuest, UMI Dissertations Publishing, 2006.  Brill, Richard and Jason Davis. ""The Ipaq Impact."" Academic Lab Management  Conference. Northwestern University. Kellogg Center. Evanston, IL. 23 June,  2002. Speaker.  Davis, Jason. ""Automating Problem Reporting in the Computer Labs."" Great Lakes  Academic Computer Lab Management Conference. Wayne State University. Wayne  State, MI. 3 March, 2000. Speaker.  Davis, Jason. Documentation in the Computer Labs: MLS Project University  of Minnesota Duluth. Web. 12 January, 2000.  Davis, Jason. ""Using Judo to Augment Your Jujutsu."" Kaia Echo Summer 1996: 12.    Professional Service  State / Regional Responsibilities:  Midwestern Higher Education Compact Technology Committee (2014-present)  NorthEast Alliance for Telecommunications (Member 2003 - 2006, Vice Chair 2006 2010, Chair 2010 - 2013)  Learning Network of Minnesota (2010-2013)  University of Minnesota-Wide Responsibilities:  Information Technology Leadership Alliance / Community of Practice (2011 - present)  Google Steering Committee (2009 - 2013)  Customer Support Committee ITLA (2012 - 2013)  Duluth Campus Responsibilities:  University Coordinating Council (2014 - present, Chair)  UMD MIS Advisory Committee (2014 - present)  UMD Staff Council (2013 - present, Chair 2014)    Program Prioritization Committee - Administrative and Service Units (2013)  ePortfolio Replacement Committee (2013 - 2014, Team Leader)  Budget Committee - University of MN Duluth (2010 - 2013, Vice Chair 2013)  Educational Policy Sub-committee on Information Technology and Libraries (2003 present)  Integrated Strategic Advisory Team (2013)  Assistive Technology Team (2009 - 2014, Team Leader)  Information Technology Systems and Services - Facilities Management Coordination  Team (2007 - present, Team Leader)  Information Technology Systems and Services - Library Coordination Team (2003 present)  Information Technology Systems and Services - UMD Stores Coordination Team (2007 present)  Academic Technologists Team (2003 - present, Team Leader)  Administrative Technologists Team (2012-present)  Jujutsu Club Advisor, Sensei (2010 - present)  ITSS Department Responsibilities:  Management Team (2003 - present)  Student Computing Team (1996 - 2014, Team Leader)  Classroom Technology Team (2003 - 2014, Team Leader)  Customer Service Team (2003 - 2013, Team Leader)  Student Supervision Team (2006 - 2013, Sponsor)  Help Desk Team (2003 - 2013, Sponsor)  Faculty Technology Team (2014-present)    Awards  Project Outstanding Service Award (Honorable Mention 2013)  Project Outstanding Service Award (2011)  TLP Project Grant Award (2008)  Project Outstanding Service Award (2003)  Individual Outstanding Service Award (1998)  Undergraduate Research Opportunity Project (1993)    Education    <label type="College Name">University of Minnesota</label>, <label type="Location">Twin Cities</label>  <label type="Degree">Doctor of Education, Educational Policy and Administration</label> (<label type="Graduation Year">2006</label>)  Researched a broad cross-section of technology enhanced classrooms across  peer and aspirational institutions  Coursework and project emphasis on information technology concepts and issues  <label type="College Name">University of Minnesota</label>, <label type="Location">Duluth</label>  <label type="Degree">Master of Liberal Studies</label> (<label type="Graduation Year">2000</label>)  Researched and implemented next generation web design  Emphasis on information technology concepts and issues  <label type="College Name">University of Minnesota</label>, <label type="Location">Duluth</label>  <label type="Degree">Bachelor of Arts, English</label> (<label type="Graduation Year">1994</label>)  Awarded Undergraduate Research Opportunity Project  Dean\'s List eight times (1991-1994)    Selected Professional Development  IT Strategic Leaders Institute UMN Cohort (Planned for January 2015)  Courage to Teach Book Group (2014)  Intercultural Leadership Development (2014)  EDUCAUSE Institute Leadership Program (2014)  MOR Information Technology Leadership Program (2012)  EDUCAUSE Conferences - Midwest and National (2006, 2007, 2009, 2011, 2012)  Undergraduate Library Planning &amp; Revitalization Institute (2007)  Transformational Leadership Program (<label type="Job Specific Skills">Six Sigma</label>-based <label type="Job Specific Skills">Project Management</label>) (2007)  Great Lakes Academic Computer Lab Management Conference (2001-2003, 2005)  Human Resources at the University of Minnesota (2004)  Foundations of Leadership - Keys to Supervision (2003)    Presenting Data and Information (1999)  <label type="College Name">University of Minnesota</label> Student Supervision Training (1997)"
</cv>
