<?xml version="1.0" encoding="UTF-8"?>
<cv>
"<label type="Name">Patricia Marjorie Terry</label>  <label type="Email Address">Ena85@bdad.biz</label> \xe2\x80\xa2 http://louvassilev.awardspace.com/  <label type="Designation">Game Programmer</label>  Executive Summary  \xef\x83\x98  \xef\x83\x98  \xef\x83\x98  \xef\x83\x98  \xef\x83\x98    <label type="Years of Experience">2 years of professional experience</label> <label type="Job Specific Skills">developing videogames</label>, with one released title.  Developed two PC games in <label type="Tech Tools">C#</label> and one in <label type="Tech Tools">Flash 6.0</label> as side projects.  <label type="Job Specific Skills">Programmed gameplay content</label> such as in-game objects behavior and mission progress tracking and  implemented gameplay support systems that meet project requirements.  <label type="Job Specific Skills">Designed and developed Graphical User Interfaces</label> for a number of game systems. Extensive handson experience with <label type="Job Specific Skills">database programming</label>.  Extensive knowledge and job experience with creating <label type="Job Specific Skills">technical specifications for gameplay systems</label>  that meet the requirements of the design and art teams.    Technical Proficiencies  Languages:  <label type="Tech Tools">ActionScript</label>, <label type="Tech Tools">ASP</label>, <label type="Tech Tools">Assembly</label>, <label type="Tech Tools">BASIC</label>, <label type="Tech Tools">C</label>, <label type="Tech Tools">C++</label>, <label type="Tech Tools">C#</label>, <label type="Tech Tools">COBOL</label>, <label type="Tech Tools">ColdFusion</label>, <label type="Tech Tools">CSS</label>, <label type="Tech Tools">HTML</label>,  <label type="Tech Tools">Interactive C</label>, <label type="Tech Tools">Java</label>, <label type="Tech Tools">JavaScript</label>, <label type="Tech Tools">Lua</label>, <label type="Tech Tools">Pascal</label>, <label type="Tech Tools">Perl</label>, <label type="Tech Tools">PHP</label>, <label type="Tech Tools">PL/SQL</label>, <label type="Tech Tools">SQL</label>, <label type="Tech Tools">Tcl</label>, <label type="Tech Tools">UNIX</label> <label type="Tech Tools">Shell Scripting</label>, <label type="Tech Tools">VBScript</label>,  <label type="Tech Tools">Visual Basic.NET</label>  Databases:    <label type="Tech Tools">Microsoft Access</label>, <label type="Tech Tools">MySQL</label>, <label type="Tech Tools">Oracle 8i</label>, <label type="Tech Tools">PostgreSQL</label> 7.3/7.4, <label type="Tech Tools">SQL Server 2000</label>    Platforms/Networking: <label type="Tech Tools">Windows 95/98/NT/2000/XP</label>, <label type="Tech Tools">Linux</label> (<label type="Tech Tools">Red Hat</label>, Yellow Dog), <label type="Tech Tools">TCP/IP</label>, SSH  Tools:  <label type="Tech Tools">Microsoft Visual Studio</label> 6.0/2123/3456/7890, <label type="Tech Tools">Decoda</label>, <label type="Tech Tools">DirectX</label>, <label type="Tech Tools">Ogre</label>, <label type="Tech Tools">RakNet</label>, <label type="Tech Tools">CEGUI</label>  Layout Editor, <label type="Tech Tools">CVS</label>, <label type="Tech Tools">Subversion</label>, <label type="Tech Tools">Adobe Flash</label> and <label type="Tech Tools">Fireworks</label>, <label type="Tech Tools">Adobe Photoshop</label>, <label type="Tech Tools">Case Studio 2.0</label>,<label type="Tech Tools">  CrystalReports</label><label type="Tech Tools">.NET,</label> <label type="Tech Tools">pgAdmin III</label>, <label type="Tech Tools">MySQL</label> Query Browser, <label type="Tech Tools">CygWin</label>, <label type="Tech Tools">UnitTest++</label>  Work Experience  <label type="Designation">Game Programmer</label>  <label type="Years of Experience">6/2007  present</label> <label type="Companies worked at">K20 Center</label>, <label type="Location">Norman, OK</label>  \xef\x82\xa7 <label type="Job Specific Skills">Developed videogames</label> in <label type="Tech Tools">C++</label> and <label type="Tech Tools">Lua</label> for PC and the <label type="Job Specific Skills">Samsung Ultra Mobile Personal Computer  platform</label>. Used <label type="Tech Tools">Ogre</label> for <label type="Job Specific Skills">3D graphics</label>, <label type="Tech Tools">Flash CS3 </label>and <label type="Tech Tools">CEGUI</label> for <label type="Job Specific Skills">user interfaces</label>, <label type="Tech Tools">RakNet</label> for <label type="Job Specific Skills">networking</label>,  and the <label type="Tech Tools">C++ Standard Template Library (STL)</label>.  \xef\x82\xa7 Created <label type="Job Specific Skills">design documents</label> (program <label type="Job Specific Skills">flowcharts</label>, <label type="Job Specific Skills">UML designs</label>, and <label type="Job Specific Skills">ERD database designs</label>) for portions of  the game  according to user specifications.  \xef\x82\xa7 Added and modified tables and stored procedures in <label type="Tech Tools">MySQL 5.0</label> database and developed <label type="Tech Tools">C++</label> code to  interact with it.  \xef\x82\xa7 Worked on Lua scripts to define the behavior of in-game objects and to provide capabilities for interacting  with them. Collaborated with designer to translate game content from storyboards into missions and  gameplay scenarios.  \xef\x82\xa7 Used Subversion for keeping track of source code changes. Performed game testing and used Acunote  and Trac for keeping track of bugs found.  \xef\x82\xa7 Designed and implemented process for caching images on the local machines hard drive to reduce  network traffic. Created task tracking system and weather system for controlling in-game rain.  \xef\x82\xa7  <label type="Job Specific Skills">Designed and developed  GUI</label> (in <label type="Tech Tools">CEGUI</label> and <label type="Tech Tools">Flash</label>/<label type="Tech Tools">Actionscript</label>) and backend for several in-game modules such as Report  Generator, Email, and Interactive Map.  \xef\x82\xa7 Used the <label type="Job Specific Skills">Scrum</label> <label type="Job Specific Skills">project management</label> method for <label type="Job Specific Skills">agile software development</label> to organize and keep track  of tasks to    work on.  <label type="Name">Patricia Marjorie Terry</label> 2  \xef\x82\xa7 Worked in a team of 9 programmers, 3 artists, and 1 designer and collaborated with team members on a  number of tasks.  \xef\x82\xa7 Pushed out new builds of the game (using <label type="Tech Tools">Visual Patch</label>, <label type="Tech Tools">True Update</label>, and <label type="Tech Tools">Setup Factory</label>) and provided  technical support to players.  \xef\x82\xa7 Used <label type="Tech Tools">UnitTest++</label> to implement unit tests for various parts of the code to ensure correct function and  observance of functional specifications.  <label type="Designation">Information Technology Analyst</label>  <label type="Years of Experience">8/2003  6/2007</label> (full-time), <label type="Years of Experience">6/2007  11/2008</label> (part-time)  <label type="Companies worked at">Center for Independent and Distance Learning</label>,  <label type="Location">Norman, OK</label>  \xef\x82\xa7  <label type="Job Specific Skills">Design and development</label>  of a large scale <label type="Job Specific Skills">Windows GUI</label> application in <label type="Tech Tools">Visual Basic.NET/2005</label> connecting to <label type="Tech Tools">Oracle 8i</label> and  <label type="Tech Tools">PostgreSQL</label> 7.3/7.4 databases.  \xef\x82\xa7  Created  design  documents for 3-tiered system architecture consisting of Presentation, Business Logic, and Data Access  layers. Implemented above system in <label type="Tech Tools">Visual Basic.NET</label>.  \xef\x82\xa7  Development of <label type="Tech Tools">ASP</label>  <label type="Job Specific Skills">Web application</label> connecting to <label type="Job Specific Skills">MS Access </label>database.  \xef\x82\xa7  Made extensive use of  <label type="Job Specific Skills">Object Oriented Programming</label> principles in all software systems developed.  \xef\x82\xa7  Gathered  project  requirements and developed software process flowcharts and Graphical User Interface (GUI) design  documents.  \xef\x82\xa7  Prepared  database  design documents, i.e. <label type="Job Specific Skills">Entity Relationship Diagrams (ERD)</label>, in <label type="Tech Tools">Case Studio 2.0 </label>and created <label type="Tech Tools">Oracle 8i</label> and  <label type="Tech Tools">PostgreSQL 7.3</label>/7.4 database objects, i.e. tables, views, stored procedures, functions, triggers, and  sequences.  \xef\x82\xa7  Extensive use of SQL,  DDL scripts, and Shell scripting to interact with and manipulate Oracle and PostgreSQL databases residing  on Linux-based servers.  \xef\x82\xa7  Created  coding  conventions document outlining coding standards to be observed in the development of <label type="Tech Tools">Visual Basic.NET</label>  desktop application as well as during the creation of new database objects.  \xef\x82\xa7  Designed and developed  reports using the <label type="Tech Tools">CrystalReports.NET</label> tools within <label type="Tech Tools">VisualStudio.NET</label> 2003/2005.  \xef\x82\xa7  Worked with and briefly  supervised two other developers to facilitate code and database changes.  <label type="Designation">Information Technology Analyst</label> (Temporary)  <label type="Years of Experience">4/2003 - 8/2003</label> <label type="College Name">University of Oklahoma College of Continuing Education</label>, <label type="Companies worked at">IT Dept.</label>, <label type="Location">Norman, OK</label>  \xef\x82\xa7  <label type="Job Specific Skills">Development of dynamic  web applications</label> in <label type="Tech Tools">Cold Fusion</label> and <label type="Tech Tools">DHTML</label> interfacing with <label type="Tech Tools">Oracle</label> database.  \xef\x82\xa7  Design and development  of <label type="Tech Tools">Perl</label> scripts running in a <label type="Tech Tools">Linux</label> environment and connecting with <label type="Tech Tools">Postgres</label> and <label type="Tech Tools">Oracle database</label> servers.  \xef\x82\xa7  Automated the execution  of <label type="Tech Tools">Perl</label> scripts via <label type="Tech Tools">Crontab</label> shell commands and scripts written in <label type="Tech Tools">Tcl</label> programming language.  \xef\x82\xa7  Software installation and  troubleshooting.    <label type="Designation">Student Web Developer</label>    <label type="Years of Experience">1/2002 - 8/2002</label>  <label type="Companies worked at">Sooner Information Network</label>, <label type="Location">Norman, OK</label>  \xef\x82\xa7  Developed <label type="Tech Tools">DHTML</label> and  <label type="Tech Tools">PHP</label> site modules interfacing with <label type="Tech Tools">MySQL</label> and <label type="Tech Tools">Oracle databases</label> and running on <label type="Tech Tools">Apache Web server</label>.  \xef\x82\xa7  <label type="Job Specific Skills">Software installation and  troubleshooting</label>.  \xef\x82\xa7  Created  design  documents from user defined specifications and developed the corresponding software applications.  <label type="Designation">Intern</label>  <label type="Years of Experience">5/2001 - 12/2001</label>  <label type="Companies worked at">MedUnison, L.L.C.</label>, <label type="Location">Oklahoma City, OK</label>  \xef\x82\xa7  <label type="Job Specific Skills">Development of dynamic  Web applications</label> (<label type="Tech Tools">DHTML</label>, <label type="Tech Tools">ASP</label> with <label type="Tech Tools">VBScript</label>) running on <label type="Job Specific Skills">Internet Information Services Web Server</label> and  communicating with <label type="Tech Tools">SQL Server 2000</label> database.  \xef\x82\xa7  <label type="Tech Tools">SQL  Server  2000</label>  database manipulation.  \xef\x82\xa7  <label type="Job Specific Skills">Audio/Video Multimedia  development and manipulation</label>.  \xef\x82\xa7  Converted  program  designs into appropriate software applications taking into consideration the available resources and current  software and hardware systems.  \xef\x82\xa7 Designed and developed main corporate Web site. (http://www.medunison.com/)    <label type="Name">Patricia Marjorie Terry</label> 3    <label type="Designation">Student Computer Operator</label>  <label type="Years of Experience">5/2000 - 5/2001</label> <label type="College Name">University of Oklahoma</label> <label type="Companies worked at">Library Systems</label>, <label type="Location">Norman, OK</label>  \xef\x82\xa7  <label type="Job Specific Skills">Programming</label>  <label type="Tech Tools">TCP/IP</label>  applications in <label type="Tech Tools">Visual C++</label> and <label type="Tech Tools">ASP</label> with <label type="Tech Tools">VBScript</label>, running on <label type="Tech Tools">Internet Information Services Web  Server</label> and utilizing the <label type="Tech Tools">WinSock API</label> and the <label type="Tech Tools">HTTP protocol</label>.  \xef\x82\xa7  Worked with <label type="Tech Tools">SQL Server  2000</label> database.  \xef\x82\xa7  Assisting  staff  and  students with software and hardware installation and troubleshooting. Installing, modifying and maintaining  University PCs.  \xef\x82\xa7  D<label type="Job Specific Skills">ynamic  Web  applications development</label> (<label type="Tech Tools">CSS</label>, <label type="Tech Tools">HTML</label>, <label type="Tech Tools">JavaScript</label>).  \xef\x82\xa7 Responsible for backing up <label type="Job Specific Skills">Sun Enterprise 3500</label> server.    Projects  \xef\x82\xa7 \xe2\x80\x9cPathways"" (<label type="Job Specific Skills">Programmer</label>)  k20 Center/k20 Center (PC)  a SIMS-like game developed in <label type="Tech Tools">C++</label> and  <label type="Tech Tools">Lua</label>, with <label type="Tech Tools">Ogre</label> for <label type="Job Specific Skills">3D graphics</label>  \xef\x82\xa7 McLarins Adventures\xe2\x80\x9d (Programmer)  k20 Center/k20 Center (UMPC)  a Massive Multiplayer  Online Game (MMOG) developed in <label type="Tech Tools">C++</label> and <label type="Tech Tools">Lua</label>, using <label type="Tech Tools">Ogre</label> for 3D graphics and <label type="Tech Tools">CEGUI</label> for user  interfaces  \xef\x82\xa7 \xe2\x80\x9cMcLarins Adventures Ultimate\xe2\x80\x9d (Programmer)  k20 Center/k20 Center (UMPC)  an upgraded  version of the above game with Flash and Actionscript 3.0 for user interfaces and improved graphics  system (support added for Collision Detection, animals, grass, and shadows)  \xef\x82\xa7 Nettrix  an arcade-type PC game utilizing GDI+ and Collision Detection; clone of popular computer    \xef\x82\xa7  \xef\x82\xa7  \xef\x82\xa7    game Tetris  <label type="Tech Tools">C#</label>, <label type="Tech Tools">Visual Studio.NET 2003</label>  Netterpillars - an arcade-type PC game utilizing <label type="Job Specific Skills">Artificial Intelligence</label> and <label type="Tech Tools">Sprites</label>; clone of popular  computer game Caterpillars  <label type="Tech Tools">C#</label>, V<label type="Tech Tools">isual Studio.NET 2003</label>  <label type="Tech Tools">DirectX</label> Walking Man  Sample <label type="Tech Tools">C#</label> application demonstrating Managed <label type="Tech Tools">DirectX</label> features  Simple space shooting game created in <label type="Tech Tools">Macromedia Flash 6.0</label>    Education  <label type="Degree">Bachelor of Science in Computer Science</label>  <label type="College Name">University of Oklahoma</label> - <label type="Location">Norman, OK</label>"
</cv>
