<?xml version="1.0" encoding="UTF-8"?>
<cv>
"<label type="Name">Lillia Jerde</label>  Graduate <label type="Designation">software engineer</label>  12 Manchester Road Leicester LE1 WS  Tel: 0123 345 7890  Mobile: 07123 345 7890    Email: <label type="Email Address">Zachariah32@hi.com</label>    PERSONAL SUMMARY    AREAS OF EXPERTISE    A versatile and professional software graduate with a commitment  to and experience of <label type="Job Specific Skills">developing innovative and creative software  solutions</label>. Able to perform full <label type="Job Specific Skills">software development life cycle</label>  activates.    <label type="Tech Tools">Microsoft SQL server</label>  <label type="Tech Tools">Microsoft ASP.NET</label> (<label type="Tech Tools">C#</label>)  <label type="Tech Tools">Javascript</label>    Have gained commercial experience during my gap year with  exposure to software development. Including carrying out  straightforward design, testing or support of network design and  solutions following existing methodology set by senior colleagues.  Actively looking for a <label type="Designation">software engineering</label> position with a fastpaced and ambitious company that can offer development training,  project based learning and a mentoring programme.    Software design  Code reviews  Testing  Video Streaming  Technologies    ACADEMIC QUALIFICATIONS  <label type="Tech Tools">C++</label>  2007  2010    2005  2007    2003  2005    <label type="Degree">B.A. (Hons) Computer Science</label>  <label type="College Name">Leicester University</label>  Course modules:  Employment Law, Medical  ethics, European Law,  Consumer Law    2:1    Leicester Sixth Form College  A Levels:  English (A)  Maths (C)  Physics (B)    GCSE:    English (B)  Maths (D)  Geography (B)  Physics (D)    WORK EXPERIENCE  <label type="Companies worked at">Berkshire Software Design</label> - <label type="Location">Berkshire</label>  <label type="Designation">SOFTWARE ENGINEER</label>  <label type="Years of Experience">May 2010  Present</label>  Gained valuable technical experience and also developed personal  effectiveness within a corporate environment, along with an  understanding of the companies core business activities.  Duties:  Worked on open source development projects.  Writing <label type="Tech Tools">C++</label> <label type="Tech Tools">Linux</label> applications to simulate graphic hardware.    <label type="Tech Tools">Unix</label>  <label type="Tech Tools">Linux</label>    CAREER STATEMENT  \xe2\x80\x9cI feel that my strongest  strengths are firstly having a  passion for technology and  software engineering.  Secondly an ability to  understand and prioritise my  work in a changing business  environment ,thereby helping  me to successfully deliver  results. Finally my practise of  consulting with all parties  involved in a project, then  identifying the requirements  and to then provide a  appropriate solution.\xe2\x80\x9d  <label type="Name">Lillia Jerde</label>    Involved in providing feedback and support to design teams in  order to improve the devising of models.  Working closely with driver code.  Gaining knowledge of <label type="Tech Tools">OpenGL</label> &amp; OpenGL ES.    PERSONAL SKILLS  <label type="Soft Skills">Attention to detail</label>  <label type="Soft Skills">Tactful</label> and <label type="Soft Skills">articulate</label>    VOLUNTARY EXPERIENCE  <label type="Soft Skills">Problem solving</label>  <label type="Companies worked at">Environmental Charity</label> - <label type="Location">Berkshire</label>    <label type="Designation">WEBSITE ADMINISTRATOR</label> (P/T)    <label type="Years of Experience">August 2009  Jan 2010</label>    Worked on a part time basis, for about 6 hours per week, either on  Saturday mornings or during the weekday evenings. Assisted the  charity by helping to design and maintain their website. As well as  helping with general administrative duties in their office.  Duties:  Responsible for the layout, visual appearance and usability of the  charities website.  Testing the website for functionality in different browsers and at  different resolutions.  Ensuring that the web site is accessible to all groups including  those with disabilities.  Holding fortnightly meetings with senior managers.  Accurately updating administrative records of projects.  Greeting visitors at reception and looking after their needs.  Organising and setting up conferences and meetings.  Producing informative well-organized reports to senior  management.    Team Leader  Planning strategically  Able to identify critical issues  Excellent organisational skills    PROFESSIONAL  <label type="Soft Skills">First Aid</label>    PERSONAL QUALITIES  Having a flexible approach and a Can Do attitude.  Highly motivated and organised.  Able to explain technical data to non technical colleagues.  Have good <label type="Soft Skills">technical</label> and <label type="Soft Skills">analytic</label> skills.  Ability to ensured projects run to schedule and budget..  Experience of training and mentoring junior and new staff.    REFERENCES  Available on request.    PERSONAL  Driving license:  Nationality:  Languages:    Yes  British  <label type="Soft Skills">French</label>, <label type="Soft Skills">German</label>    Copyright information - Please read  \xc2\xa9 This CV template is the copyright of Dayjob Ltd August 2010. Jobseekers may download and use this CV  example for their own personal use to help them create their own CVs. You are most welcome to link to this page  or any other page on our site www.dayjob.com. However these CVs must not be distributed or made available on  other websites without our prior permission. For any questions relating to the use of this CV template please email:  i<label type="Email Address">Zachariah32@hi.com</label>."
</cv>
