<?xml version="1.0" encoding="UTF-8"?>
<cv>
"<label type="Name">Craig Wisozk</label>  200 Green Street  Charlotte, NC 28273  Summary: Competent in <label type="Job Specific Skills">web development</label> and <label type="Job Specific Skills">database structures</label> with extensive  experience in <label type="Tech Tools">MySQL</label>. Possess the necessary business skills and experience to  enhance computer systems. Proficient in <label type="Job Specific Skills">LAMP technologies</label>.  Experience  <label type="Designation">PHP Developer</label>, <label type="Years of Experience">2017 - 2019</label>  <label type="Companies worked at">Technology Development, Inc.</label>, <label type="Location">Charlotte, NC</label>      Developed entire backend and set up database for <label type="Email Address">Leanne.Block@sas.biz</label> platform and  expanded online technologies for rapidly expanding company        Conducted software testing for the companys web site to help initiate an Internet  marketing campaign        Incorporated search engine optimization as a method to increase web traffic and to  work with clients in affiliate marketing    <label type="Designation">PHP Developer</label>, <label type="Years of Experience">2015 - 2017</label>  <label type="Companies worked at">Creative Solutions</label>, <label type="Location">Norfolk, VA</label>      Added several hundred tables to multiple social media databases with billions of  customer records        Discussed possible design scenarios with clients and presented them with examples  so as to improve the browsing experience        Showed new SQL technologies and structural solutions to senior staff and answered  customer inquiries over the telephone or online    <label type="Designation">Web Development Engineer</label>, <label type="Years of Experience">2013 - 2015</label>  <label type="Companies worked at">Ford Motor Company</label>, <label type="Location">Detroit, MI</label>        Solved problems regarding web interfaces and analyzed databases and  communicated problems to management        Worked with staff support to code and design sidebars, ad networks and assisted  with <label type="Job Specific Skills">development for web applications</label>        Maintained a high-traffic web site and made decisions about how to address  technical difficulties within the site    Education and other Skills  <label type="Degree">BS Engineering</label>, <label type="College Name">University of Michigan</label>, <label type="Graduation Year">2013</label>        Skilled in <label type="Tech Tools">Cascading Style Sheets (CSS)</label> design        <label type="Tech Tools">Java Script</label>, <label type="Tech Tools">XML</label> and <label type="Tech Tools">Ruby on Rails</label> experience  References: Available upon request  - See more at: http://free-resume-downloads.com/developer-resume/php-developerresume#sthash.I5oKScLJ.dpuf"
</cv>
