<?xml version="1.0" encoding="UTF-8"?>
<cv>
"<label type="Name">Cayla Hauck</label>  <label type="College Name">University of North Carolina</label>  <label type="Companies worked at">Department of Statistics</label>  Smith Building  Chapel Hill, NC 27599    Phone:  Fax:  Email:  Homepage:    (123)345-7890  (123)345-7890  <label type="Email Address">Marjory.Bechtelar@hotmail.com</label>  http://www.stat-or.unc.edu/    Personal  Born on September 29, 1895.  United States Citizen.    Education  <label type="Degree">B.S. Journalism</label>, <label type="College Name">Washington University</label>, <label type="Graduation Year">1919</label>.  <label type="Degree">M.A. Mathematics</label>, <label type="College Name">Washington University</label>, <label type="Graduation Year">1921</label>.  <label type="Degree">Ph.D. Mathematics</label>, <label type="College Name">Princeton University</label>, <label type="Graduation Year">1924</label>.    Employment  <label type="College Name">Stanford University</label> <label type="Years of Experience">19271931</label>.  <label type="College Name">Columbia University</label> <label type="Years of Experience">19311946</label>.  <label type="College Name">University of North Carolina</label>, <label type="Years of Experience">19461973</label>.    Publications  Journal Articles  A General Mathematical Theory of Depreciation, 1929, Journal of The American Statistical Association 20,  340353.  Differential Equations Subject to Error, 1927, Journal of The American Statistical Association.  Applications of the Theory of Error to the Interpretation of Trends (with H. Working), 1929, Journal of  the American Statistical Association.    Proceedings  A generalized T-Test and measure of multivariate dispersion, Proc. Second Berkeley Symposium of  Mathematical Statistics and Probability, 1951.    Last updated: April 17, 2009    http://jblevins.org/projects/cv-template/"
</cv>
