<?xml version="1.0" encoding="UTF-8"?>
<cv>
<label type="Name">Armida Rippin</label>
- Email me on Indeed: <label type="Email Address">Evelyne90@yahoo.com</label>

• Having <label type="Years of Experience">4yrs</label>. of solid work experience in designing experiences for Digital (Web, Mobile) and
<label type="Job Specific Skills">Print media</label>
• Hands-on experience with tools such as <label type="Tech Tools">Adobe Photoshop</label>, <label type="Tech Tools">Illustrator</label>, <label type="Tech Tools">InDesign</label>, and
<label type="Tech Tools">Dreamweaver</label>
• Experience in creating <label type="Job Specific Skills">low/high-detailed annotated wireframes</label>, and <label type="Job Specific Skills">user flows</label> for applications
using <label type="Job Specific Skills">prototyping tools</label>
• Having good knowledge on developing <label type="Job Specific Skills">use cases</label>, <label type="Job Specific Skills">user stories</label>, &amp; personas
• Hands-on experience with <label type="Tech Tools">HTML5</label> &amp; <label type="Tech Tools">CSS3</label>, including <label type="Job Specific Skills">cross-browser compatibility</label>
• Hands-on experience in creating <label type="Job Specific Skills">RWD (Responsive Web-Design)</label> layouts
• Having good exposure on Marketing and Health Care domains
• Good knowledge on <label type="Job Specific Skills">marketing automation</label> tool <label type="Tech Tools">Eloqua</label>
• Hands-on experience on version control tool SVN
• <label type="Soft Skills">Quick learner</label>, <label type="Soft Skills">self-driven</label>, <label type="Soft Skills">problem-solver</label>, highly motivated team player and ability to quickly
adapt to new trends and technologies
• Excellent <label type="Soft Skills">written</label> and <label type="Soft Skills">verbal</label> <label type="Soft Skills">communication</label> skills to engage clients and the team
collaboratively
• Having good <label type="Soft Skills">leadership</label> and <label type="Soft Skills">team management </label>skills

WORK EXPERIENCE

<label type="Designation">Specialist II, Marketing</label>

-

<label type="Years of Experience">March 2017 to Present

2017</label>
• Worked as <label type="Designation">Software Engineer</label> with <label type="Companies worked at">Prolifics Corporation Limited</label> <label type="Years of Experience">from Dec' 2015 to Sept' 2016</label>
• Worked for <label type="Companies worked at">National Informatics Centre</label> under multiple payrolls from <label type="Years of Experience">Apr' 2014 to Oct' 2015</label>
• Worked as an Inter Trainee under <label type="Companies worked at">National Informatics Center</label> as a <label type="Designation">Web Designer</label> <label type="Years of Experience">from Sept'
2013 to Apr' 2014</label>

Skill Set
Software: <label type="Tech Tools">Adobe Photoshop</label>, <label type="Tech Tools">Adobe InDesign</label>, <label type="Tech Tools">Adobe Illustrator</label>,
<label type="Tech Tools">Adobe Dreamweaver</label>, <label type="Tech Tools">MS PowerPoint</label>

Marketing Team

-

<label type="Years of Experience">November 2017 to November 2017</label>

Courses and Certifications
• Currently a member and pursuing multiple user experience related certification courses from
"The Interaction Design Foundation"

<label type="Job Specific Skills">Marketing Automation</label> Tool

https://www.indeed.com/r/armida-rippin


Oracle <label type="Tech Tools">Eloqua</label> -

2010 to 2010

Web Technologies: <label type="Tech Tools">HTML</label> (5), <label type="Tech Tools">CSS</label> (3)
Front End Framework: <label type="Tech Tools">Twitter Bootstrap</label>
Awards and Recognitions
• SPARKLE Award - Certificate of Appreciation - Oct 2017
• Award of appreciation for outstanding performance and contribution towards development of
several digital assets &amp; microsites for OOW 2017

EDUCATION

<label type="Degree">Bachelors in Computer Science</label>

<label type="College Name">M. V. G. R College of Engineering</label> -  <label type="Location">Vizianagaram, Andhra Pradesh</label>

<label type="Graduation Year">December 2008</label>

<label type="Degree">MPC</label> subject

<label type="College Name">Gowtham Jr. College</label> -  <label type="Location">Vijayawada, Andhra Pradesh</label>

August 2006

SSC

Vignan Vidyalayam High School -  Visakhapatnam, Andhra Pradesh

LINKS

https://behance.net/sharanadla

https://www.linkedin.com/in/armida-rippin

https://behance.net/sharanadla
https://www.linkedin.com/in/armida-rippin
</cv>
