<?xml version="1.0" encoding="UTF-8"?>
<cv>
"About me  Working for <label type="Years of Experience">6 years</label> with international organizations and individuals as <label type="Designation">freelance</label> <label type="Designation">web developer</label>  and <label type="Designation">consultant</label>, with a track record of on-time and on-budget projects. Looking to work where I  can bring immediate value and develop my skill-set further. <label type="Location">UK</label> based, preference for remote  work.  o    <label type="Tech Tools">PHP</label> (4 &amp; 5)    o    <label type="Tech Tools">mySQL</label>    o    <label type="Tech Tools">JavaScript</label>    o    <label type="Tech Tools">CSS</label>    o    <label type="Tech Tools">HTML5</label>    o    <label type="Tech Tools">MongoDB</label>    o    <label type="Tech Tools">Node.js</label>    o    <label type="Tech Tools">Ruby</label>    o    <label type="Tech Tools">WordPress</label> (themes &amp; plugins)    o    <label type="Tech Tools">ExpressJS</label>    o    <label type="Tech Tools">jQuery</label> (Mobile &amp; UI)    o    <label type="Tech Tools">PhoneGap</label> based <label type="Tech Tools">Android</label> and <label type="Tech Tools">iOS</label> apps  Education  <label type="Graduation Year">2008-2009</label> T<label type="College Name">he University of Manchester</label>  <label type="Degree">MSc, Advanced Computer Science</label>  <label type="Graduation Year">2005-2008</label> <label type="College Name">The University of Manchester</label>  <label type="Degree">BSc, Computer Engineering</label> 2:1  1997-2005 Queen Elizabeth School  A Levels: Mathematics (B), Physics (A), Computing (A), Electronics (A)  GCSEs: 9 (2A*, 6A, 1B) including Mathematics (A) and Science (AA)  Work Experience  <label type="Years of Experience">2007</label> Summer <label type="Designation">Intern</label> at <label type="Companies worked at">Symbian</label>  For the summer of 2007 I lived in <label type="Location">London</label> and worked in the graphics department at <label type="Companies worked at">Symbian</label>,  makers of the mobile operating system. Whilst there I learned and worked using <label type="Tech Tools">Symbian C++</label>,  in a team building a demo application to show the open graphics libraries of <label type="Tech Tools">OpenGL</label> and  <label type="Tech Tools">OpenVG</label> working on Symbian devices.  <label type="Years of Experience">2008  2013</label> <label type="Designation">Freelance web developer</label> and consultant  My work has covered a variety of projects, including; designing and building custom <label type="Job Specific Skills">eCommerce</label>  sites; <label type="Job Specific Skills">security</label>, <label type="Job Specific Skills">SEO</label> and <label type="Job Specific Skills">usability consultation</label>; <label type="Tech Tools">WordPress</label> and other <label type="Tech Tools">CMS</label> site and plug-in  development. Ive worked with a range of web technologies including <label type="Tech Tools">PHP</label>, <label type="Tech Tools">CSS</label>, <label type="Tech Tools">mySQL</label>,    <label type="Tech Tools">JavaScript</label>, <label type="Tech Tools">HTML5</label>, <label type="Tech Tools">WordPress</label>, <label type="Tech Tools">AJAX</label>, <label type="Tech Tools">jQuery</label> (including Mobile and UI), PhoneGap for <label type="Tech Tools">iOS</label>,  <label type="Tech Tools">Android</label> and Kindle applications.  <label type="Years of Experience">October 2013  June 2014</label> <label type="Designation">Software Developer</label> at <label type="Companies worked at">Allegro Networks</label>  Working in <label type="Tech Tools">Node.js</label> and <label type="Tech Tools">Ruby</label>, I work with a small team of developers on the backbone of the  internet. The team built and maintained a bespoke software solution for the automation of very  complex provisioning of services within a national network, whilst providing a consumer friendly  portal. We used a combination of continuous delivery and test-driven design to ensure we could  always react quickly whilst ensuring reliability."
</cv>
