<?xml version="1.0" encoding="UTF-8"?>
<cv>
"<label type="Name">Ira Buckridge</label>  website: www.yisongyue.com    email: <label type="Email Address">DWyman@hotmail.com</label>    Research Interest My research interests lie primarily in <label type="Job Specific Skills">machine learning</label>, <label type="Job Specific Skills">data analysis</label> and <label type="Job Specific Skills">information retrieva</label>l.  Education    <label type="College Name">Cornell University</label>  <label type="Degree">Ph.D. in Computer Science</label>  <label type="College Name">University of Illinois</label> at Urbana-Champaign  <label type="Degree">Bachelor of Science in Computer Science</label>    <label type="Graduation Year">2005 - 2010</label>    <label type="Graduation Year">2001 - 2005</label>  Graduated with Highest Honors    Work Experience <label type="College Name">Carnegie Mellon University</label>  <label type="Designation">Postdoctoral Scientist</label>  <label type="Location">Pittsburgh, PA </label> <label type="Years of Experience">2010 \xc3\xa2\xc2\x80\xc2\x93 Present</label>  Developed new online learning techniques; worked on deployment algorithms for ambulance  deployment.  <label type="Companies worked at">Google, Inc.</label>  <label type="Location">Mountain View, CA</label>  <label type="Job Specific Skills">Analysis user behavior</label> using search traffic.  <label type="Companies worked at">Microsoft Research</label>  <label type="Location">Redmond, WA</label>  Optimized ranking functions for web search.    <label type="Designation">Search Quality Analysis Intern</label>  Summer <label type="Years of Experience">2009</label>    <label type="Designation">Research Intern</label>  Summer <label type="Years of Experience">2007</label>    <label type="Companies worked at">NVIDIA Corporation</label>  <label type="Designation">Architecture Engineer Intern</label>  <label type="Location">Santa Clara, CA</label>  Summer <label type="Years of Experience">2005</label>  Developed internal tools to assist <label type="Job Specific Skills">GPU simulation</label> and <label type="Job Specific Skills">data mining</label>.  <label type="Companies worked at">Microsoft Corporation</label>  <label type="Designation">Software Design Engineer Intern</label>  <label type="Location">Redmond, WA</label>  Summer <label type="Years of Experience">2004</label>  Designed and wrote a customized certificate API for authentication and data encryption.  <label type="Companies worked at">Microsoft Corporation</label>  <label type="Designation">Software Design Engineer Intern</label>  <label type="Location">Redmond, WA</label>  Summer <label type="Years of Experience">2003</label>  Used <label type="Tech Tools">DirectX</label> with HLSL to prototype imaging effects that are processed on the GPU.  Projects    An SVM Approach for Diversified Recommendations  Fall 2007  Developed novel SVM approach to optimized a parameterized class of submodular functions for  diversified retrieval.  An SVM Approach to Optimizing Mean Average Precision  Summer 2006  Used a novel approach based on multivariate SVMs to optimize for mean average precision.  Finding Influential Blogs via Link Prediction  Spring 2006  Used <label type="Job Specific Skills">machine learning</label> and <label type="Job Specific Skills">link analysis techniques</label> to determine the amount of influence blogs  exert on each other.  Loss-Minimizing Voting for Machine Learning Ensembles  Spring 2006  Explored voting schemes which minimizes a loss function for an ensemble of learning models.  Parameter Estimation for MRF-Stereo with Occlusions  Fall 2005  Used an EM-method to iteratively compute superior parameters for the baseline MRF-stereo  algorithm with occlusions.  Fast Ray Intersection Testing on GPU  Fall 2004 - Spring 2005  Explored methods of fast ray intersection testing by utilizing an <label type="Companies worked at">NVIDIA</label> Geforce 6800.  Illini Book Exchange  2002-2005  http://www.illinibookexchange.com  Worked on development, management and marketing of Illini Book Exchange for the Technology  and Management Club at UIUC.    Reflections Projections  Fall 2004  http://www.acm.uiuc.edu/conference/  Helped plan and manage Reflections Projections 2004 as Treasurer of ACM @ UIUC.  Activities    <label type="Companies worked at">Cornell</label> <label type="Designation">Teaching Assistant</label> (TA Excellence Award)  Teaching assistant for new course on social and information networks.    Fall 2006    <label type="Companies worked at">Cornell</label> <label type="Designation">Teaching Assistant</label> (TA Excellence Award)  Fall 2005 - Spring 2006  Taught two sections of CS 100M during the Fall and Spring semesters of the 2005-6 academic  year. Received award in recognition of performance.  <label type="Companies worked at">UIUC ACM</label> <label type="Designation">Treasurer</label>  <label type="Years of Experience">Fall 2004 - Spring 2005</label>  Managed all financial responsibilities of local chapter of ACM. Assisted the Chair in <label type="Job Specific Skills">general  management</label> of ACM.  UIUC ACM SIGGRAPH Chair  Spring 2004  Managed the local chapter of SIGGRAPH, organized projects and workshops/tutorials"
</cv>
