<?xml version="1.0" encoding="UTF-8"?>
<cv>
"<label type="Name">Gregory Luettgen</label>  Address line 1  Address line 2  T: 0123 345 7890  M: Number  E: <label type="Email Address">Nickolas76@yahoo.com</label>  PERSONAL SUMMARY  A highly organised IT professional who has a proven track record of using good engineering  practice to produce software for new, innovative and profitable products and solutions. At the  heart of his strength is the ability to work on the <label type="Job Specific Skills">development of software systems</label> by accurately  interpreting user requirements, then creating the required software designs, coding and testing  them and finally integrating the software. At all times he makes sure that both the companys  and the clients interests are at the core of any IT project. By possessing a sound knowledge of  modern software development techniques, methods, tools and languages he is able to ensure  enhanced user interaction. He is proud to possess a long record of achieving the desired  outcomes of projects, on-time and always within budget. A real <label type="Soft Skills">team player</label> who can  comfortably work with Business Analysts, Solution Designers, Deployment Teams and Testers to  develop and enhance software functionality. One of his greatest strengths is being able to  appreciate the bigger business picture, and not just a projects immediate software requirements.  <label type="Name">Gregory Luettgen</label> is a driven individual who wants to progress and is now looking to take the next step in a  already accomplished career by joining a successful company.    CAREER HISTORY  <label type="Companies worked at">IT Company</label> - <label type="Location">Coventry</label>  <label type="Designation">SOFTWARE ENGINEER</label> <label type="Years of Experience">June 2010  Present</label>  Working within a team of highly motivated software engineers to deliver complex solutions to  specific technical problems. Deeply involved in the designing, implementing and maintaining of  software to support various clients products and services.  <label type="Job Specific Skills">Testing software</label> in controlled, real situations before it goes live.  Analysing user requirements.  Supporting and enhancing existing software.  Extensive knowledge of <label type="Tech Tools">C++</label> and other programming languages.  Writing and debugging code.  Involved in and contributing to automated test environments.  Developing and improving interfaces.  Maintaining systems once they are up and running.  Conduct code reviews.  Occasionally t providing technical leadership to junior IT staff.  Testing new programmes.  Presenting ideas for system improvements, including cost proposals.  Preparing and writing training manuals for users.    Performance tuning, improvement, balancing, usability, automation.  Handling and analysing large amounts of technical data.  <label type="Companies worked at">Web Design Company</label> - <label type="Location">Birmingham</label>  <label type="Designation">SOFTWARE DESIGNER</label> <label type="Years of Experience">May 2009  June 2010</label>    KEY COMPETENCIES  IT skills  Experience of software release, documentation and end-user support.  Knowledge in <label type="Job Specific Skills">microprocessor hardware design</label>.  Proven experience in developing web applications.  Solid understanding of <label type="Tech Tools">Linux</label>, <label type="Tech Tools">Apache</label>, <label type="Tech Tools">SQL</label> databases, <label type="Tech Tools">PHP</label> and code revision control.  Excellent analytical, diagnostic and problem solving skills.  Ability to understand the big picture as well as inter-relationships between systems,  including the impact of change in one system on another.  Object orientated analysis and design.  Development of web based applications, including cross browser testing and  accessibility.  Personal skills  Able to work individually, as part of a co-located team or as part of a distributed global  team.  A good <label type="Soft Skills">communicator</label> who is able to explain complex technical concepts, both verbally  and in writing, to technical and non technical audiences.  Acting as a role model for junior IT staff.  Strong <label type="Soft Skills">problem-solving</label> and <label type="Soft Skills">analytical</label> skills.  <label type="Soft Skills">Self motivated</label> and a <label type="Soft Skills">quick learner</label>.  Ability to anticipate problems and develop effective solutions.  Able to work under pressure and to tight deadlines.  AREAS OF EXPERTISE  <label type="Tech Tools">OpenGL</label>  <label type="Tech Tools">Shell scripting</label>  <label type="Tech Tools">TCP/IP</label> <label type="Job Specific Skills">networking</label>  <label type="Job Specific Skills">Software project management</label>  <label type="Tech Tools">IBM WebSphere</label> Portlet Factory  IBM WebSphere Content Management or <label type="Tech Tools">Adobe CQ5</label>  <label type="Tech Tools">JSF</label> Framework  <label type="Job Specific Skills">Service Oriented Architecture</label>  Configuration and <label type="Job Specific Skills">Release Management</label>  <label type="Tech Tools">UML</label> <label type="Job Specific Skills">Modelling</label>  <label type="Tech Tools">XML</label>, <label type="Tech Tools">HTML</label>, <label type="Tech Tools">CSS</label>, <label type="Tech Tools">JavaScript</label> (<label type="Tech Tools">JQuery</label>), <label type="Tech Tools">AJAX</label>  <label type="Job Specific Skills">Agile delivery methodologies</label>  Creating <label type="Job Specific Skills">Test Plans</label>    ACADEMIC QUALIFICATIONS  <label type="College Name">Manchester University</label> Degree    - <label type="Degree">Computer Science</label> - <label type="Graduation Year">2006- 2009</label>    <label type="College Name">Salford College</label> Diploma <label type="Graduation Year">2004 - 2006</label>  REFERENCES  Available on request."
</cv>
