<?xml version="1.0" encoding="UTF-8"?>
<cv>
"<label type="Name">Logan Lueilwitz</label>  1516 Charles New Way, Apt. G., Towson, MD 21204  <label type="Email Address">Rona68@gmail.com</label>  (123)345-7890  EDUCATION    CLINICAL  EXPERIENCE    <label type="Degree">Master of Arts, Counseling Psychology</label>  <label type="Graduation Year">May 2015</label>  <label type="Degree">Bachelor of Science, Psychology, Clinical Specialization</label>  <label type="Graduation Year">May 2013</label>  <label type="College Name">Towson University</label>, <label type="Location">Towson, MD</label>  Honors College Student, <label type="College Name">College of Liberal Arts</label>    Speaker at <label type="College Name">Towson Universitys</label> Convocation, Class of 2013    Psi Chi Psychology Honors Society Member, <label type="College Name">Towson University </label>Chapter (2011-2013)    National Resident Hall Honorary Member, <label type="College Name">Towson University</label> Chapter, (2010-2013)    LeaderShape graduate of <label type="College Name">Towson University</label>, Class of 2011    LeadStrong Half Marathon Finisher, 2011    GPA: 3.659; Psychology GPA: 3.938  Clinical Intern and Administrative Assistant,  January 2013- September 2013  The Center for Empowered Living, <label type="Location">Baltimore, MD</label>    Observed therapy sessions with <label type="Name">Logan Lueilwitz</label>, including couples therapy sessions    Analyzed sessions under the supervision of <label type="Name">Logan Lueilwitz</label>, <label type="Degree">Psy.D</label>. and <label type="Name">Logan Lueilwitz</label>, <label type="Degree">Psy.D</label>.    Performed all administrative duties for the business, including marketing,  maintaining records, and organizing all papers/handouts  <label type="Designation">Counseling Intern</label>,  <label type="Years of Experience">September 2012- May 2013</label>  <label type="Companies worked at">MedStar Union Memorial Hospital</label>, <label type="Location">Baltimore, MD</label>    Volunteered in the out-patient, dual-diagnosis day program, counseling center    Trained in how to write up a daily assessment of patients    Co-led group therapy sessions for patients with a variety of psychological  disorders, including specialized treatment of substance abuse and related  disorders combined with psychological disorders  <label type="College Name">Towson University</label> Research Expo,  September 2010- January 2012  <label type="College Name">Towson University</label>, <label type="Location">Towson, MD</label>    Presented research on the effects of standardized feedback and social comparison  with <label type="Name">Logan Lueilwitz</label>, <label type="Designation">Director of Experimental Psychology</label>  Clinical Specialization Program in Psychology,  September 2011- May 2012  <label type="College Name">Towson University</label>, <label type="Location">Towson, MD</label>    Trained in conducting clinical diagnostic interviews, under the supervision of <label type="Name">Logan Lueilwitz</label>, <label type="Degree">Ph.D</label>.  <label type="Designation">Research Assistant</label>,  <label type="Years of Experience">September 2010- May 2012</label>  <label type="Companies worked at">Department of Psychology Behavioral Lab</label> of <label type="College Name">Towson University</label>, <label type="Location">Towson, MD</label>    Conducted studies, met with graduate students and other research assistants  about progress of studies, and collected and managed data  <label type="Designation">Counseling Group Leader</label>,  <label type="Years of Experience">August 2011- June 2012</label>  <label type="College Name">St. Francis of Assisi School</label>, <label type="Location">Baltimore, MD</label>    Co-led group therapy sessions for one hour a week with 4th grade students to help  develop social skills and discuss other areas of interest, such as familial issues    Supervised and trained on how to write summaries documenting group process  and content    <label type="Name">Logan Lueilwitz</label>, page 2 of 2  123-345-7890    <label type="Designation">Clinical Test Interpreter</label> and <label type="Designation">Data Analyst</label>,  <label type="Years of Experience">September 2008- March 2011</label>  <label type="Companies worked at">Chesapeake Neurology Associates</label> ,Prince Frederick, MD    Interpreted and analyzed behavioral testing data from clinic questionnaires and  scoring sheets completed by patients    Administered sleep study questionnaires with <label type="Name">Logan Lueilwitz</label>, <label type="Degree">M.D.</label>    Formed standardized summaries of the findings for <label type="Name">Logan Lueilwitz</label>, <label type="Degree">Ph.D.</label>,  to review and analyze for psychological diagnosis  <label type="Designation">Counseling Intern</label>,  <label type="Years of Experience">October 2009- March 2010</label>  <label type="Companies worked at">Barstow Acres Counseling Center</label> , Prince Frederick, MD    Served as an active listener who sat in on \xe2\x80\x9cplay therapy\xe2\x80\x9d sessions with clients and  a licensed therapist    Received specialized training in child therapeutic techniques  SCHOOL  INVOLVEMENT    <label type="Designation">Writing Center Tutor</label>, <label type="College Name">Towson University</label>  <label type="Years of Experience">September 2012-May 2013</label>    Helped students brainstorm, edit and organize papers for a variety of classes  <label type="Companies worked at">Residence Hall Community Center</label> <label type="Designation">Worker</label>, <label type="Years of Experience">Towson University</label>  <label type="Years of Experience">August 2011-May 2012</label>    Participated in office management and administration    Acted as a resource and referral agent and checked student identification and  registered guests  <label type="Designation">Orientation Leader</label>, <label type="College Name">Towson University</label> New Student Programs and Activities  <label type="Years of Experience">June 2010-May 2011</label>    Introduced Towsons incoming freshmen to the main campus and served as a  resource throughout their experience at <label type="College Name">Towson University</label>    Trained in how to provide academic support and connect the students with the  community    VOLUNTEER  WORK    Blood Donor, American Red Cross blood drives  Youth Leader, Appalachian Service Project (ASP)    HONORS,  AWARDS    University Honors College Scholarship  Maryland Senatorial Scholarship  Deans List  Nation Alliance on Mental Illness: Compassion Award  Outstanding Towson Psychology Undergraduate Student  Optimist Club Scholarship  Marthe Quinotte Memorial Scholarship Endowment    2008-2013  2006-2012  2010-present  2010-present  Fall 2010-Spring 2013  2013  2013  Fall 2012  Fall 2010"
</cv>
