<?xml version="1.0" encoding="UTF-8"?>
<cv>
"Client Name    (123)345-7890    45 Entry Level Rd. - City, ST 12345    <label type="Email Address">Wuckert.Keeley@lfan.net</label>    PROFESSIONAL OBJECTIVE    Eager to apply academic and professional background towards launching a successful career as an IT  Specialist with an employer offering opportunities for professional development in exchange for  demonstrated drive and commitment to superior job performance.    EDUCATION    Client College - City, <label type="Location">Canada</label>  <label type="Degree">Computer System Technician Diploma</label>, <label type="Graduation Year">2003</label>    University of Name, Location  <label type="Degree">Bachelor of Commerce, Accounting Systems</label>, <label type="Graduation Year">2000</label>    TECHNOLOGICAL EXPERTISE      <label type="Job Specific Skills">Online Applications</label> and <label type="Job Specific Skills">Networking Security</label> (Various Operating Systems)        <label type="Job Specific Skills">Web Design</label> Packages including <label type="Tech Tools">HTML</label>/<label type="Tech Tools">DHTML</label>/<label type="Tech Tools">ASP</label>/<label type="Tech Tools">JavaScript</label>        <label type="Tech Tools">Windows</label> 2K Pro/2K, Server/XP, <label type="Tech Tools">Linux</label> i386/586, <label type="Tech Tools">Netware        VB</label>, <label type="Tech Tools">VBS</label>, <label type="Tech Tools">Java</label>, <label type="Tech Tools">Perl</label> <label type="Tech Tools">C</label>    PROFESSIONAL EXPERIENCE    Name Of College - City, ST    <label type="Years of Experience">2001-2003</label>    <label type="Designation">Network Administration Assistant</label>/<label type="Designation">Lab Monitor</label>      Effectively apply expertise in technology solutions to provide comprehensive <label type="Job Specific Skills">Help Desk support</label>.        Strategically install and upgrade network computer applications, upgrade and maintain computer  hardware, and perform critical backups.        Instrumental in enhancing system security integrity through thorough evaluation, identification and  patching of new holes.        Additionally entrusted with maintaining classroom audio/video equipment.    <label type="Companies worked at">Company Ltd.</label> - City, State    <label type="Years of Experience">1998-1999</label>    <label type="Designation">Junior Accountant</label>      In charge of managing all accounts receivable, accounts payable, and general ledger functions.        Took the initiative to develop department <label type="Tech Tools">Lotus Notes</label> and <label type="Tech Tools">MS Access</label>/<label type="Tech Tools">Excel</label> applications to optimize  efficiency and productivity.        Collaborated with team to facilitate updates of daily sales reports vital to supporting management in  defining and executing targeted business development strategies.    Client Name  45 Entry Level Rd. - City, ST 12345    (123)345-7890  <label type="Email Address">Wuckert.Keeley@lfan.net</label>    Date    Hiring Agent Name  Title  Company Name  Address  City/State/Zip Code    Dear__________________:    I am currently seeking a challenging career opportunity in an entry-level IT capacity and am  submitting my resume for your review. In advance, thank you for your time and consideration.    As demonstrated in the accompanying resume, my professional qualifications include: Recent  completion of a <label type="Degree">Computer System Technician Diploma</label>, as well as <label type="Years of Experience">2 years experience</label> as a <label type="Designation">Help Desk  Troubleshooting Technician</label>/<label type="Designation">Assistant Network Administrator</label>. Areas of technical expertise include:      <label type="Job Specific Skills">Installations</label>, <label type="Job Specific Skills">Upgrades</label> and <label type="Job Specific Skills">Backups</label>        <label type="Job Specific Skills">Online Applications</label> and <label type="Job Specific Skills">Networking Security</label> (Various Operating Systems)        <label type="Job Specific Skills">Web Design</label> Packages including <label type="Tech Tools">HTML</label>/<label type="Tech Tools">DHTML</label>/<label type="Tech Tools">ASP</label>/<label type="Tech Tools">JavaScript</label>        <label type="Tech Tools">Windows</label> 2K Pro/2K, Server/XP, <label type="Tech Tools">Linux</label> i386/586, <label type="Tech Tools">Netware        VB</label>, <label type="Tech Tools">VBS</label>, <label type="Tech Tools">Java</label>, <label type="Tech Tools">Perl</label> <label type="Tech Tools">C</label>    I readily adapt to new environments and enthusiastically take on new responsibilities and challenges.  Additionally, I am equally effective in team-oriented and self-driven professional environments.    As an employee, you will find me to be a driven team player committed to supporting you in achieving    your objectives through superior performance. I am confident that I could be a valuable asset to your  firm, and look forward to interviewing with you in the near future so that I may have the opportunity to  prove this to you in person.    Sincerely,    Client Name"
</cv>
