<?xml version="1.0" encoding="UTF-8"?>
<cv>
"<label type="Name">Hassie Sasha Brekke</label>, <label type="Degree">M.A.</label>  <label type="Email Address">Hosea77@bkas.net</label>| Employee #123456| P.O. Box 1673| <label type="Location">Callahan, FL</label> 32011| 123-345-7890    S CHOOL P RINCIPAL , <label type="Companies worked at">H OUSTON U NIFIED S CHOOL D ISTRICT </label> <label type="Degree">M ASTER OF A RTS , E DUCATIONAL A DMINISTRATION</label>  Demonstrated experience in <label type="Soft Skills">leading</label> the integration of technology into daily classroom instruction and with the Content  Core State Standards and its implications to curriculum, assessment, professional development, and technology.  \x01 <label type="Job Specific Skills">Strategic Planning  &amp; Implementation</label>  \x01 <label type="Job Specific Skills">Professional  Development</label> <label type="Soft Skills">Leader</label>  \x01 <label type="Job Specific Skills">Technology  Development &amp;  Implementation</label>    \x02    \x02    \x02    \x01 <label type="Job Specific Skills">Social Networking</label>  Technologies  \x01 Teacher &amp; Student  Digital Literacy  Enhancement  \x01 Job-Embedded  Technologies    \x02    \x02    \x01 Learning, Assessments  &amp; Instructional  Practices  \x01 <label type="Job Specific Skills">Student Growth &amp;  Development</label>  \x01 Differentiated  Instructional  Strategies    \x02    \x02    \x01 <label type="Job Specific Skills">Data Collection,  Sharing &amp; Analysis</label>  \x01 Valid Texas  Administrative  Services Credential  \x01 <label type="Soft Skills">Bilingual</label>, <label type="Soft Skills">Spanish</label> &amp;  <label type="Soft Skills">English</label>    \x02    \x02    Consistently meet Texas Content State Standards at Straightway Street Elementary  School, while ensuring all teachers value and comprehend required standards and the  importance of not only meeting but exceeding standards.  Started the implementation phase of the Texas Content Core State Standards in  kindergarten and 1st grade, introducing standards across more grade levels next year in  order to support the ongoing transitions to the content core standards; delivered PD  on Content Core Implementation Modules 1-5, a Master Plan for English Learners.  Impact student achievement as demonstrated by the API score increases at Pine Tree  Elementary School (50 points gained in 3 years) and at Straightway Street Elementary  School (120 points gained during the last 4 years), and is now recognized as an 900 API  school.  Demonstrate effective technology leadership in the area of instruction and curriculum  that results in improved teaching and learning; direct and guide school leaders through  challenging academic environments that are centered around academic excellence,  closing the achievement gap, and technology integration.  Developed, implemented, and guided a highly structured, focused, and meaningful  professional development (PD) and grade level plan utilizing multiple assessments to  improve academic performance and close the achievement gap, resulting in improved  teaching practices and improved learning outcomes.  Fully implemented BEST Expectations to ensure a safe, clean, and productive school  environment; achieved excellent instructional improvements as a result of implementing  effective systems that support student learning; continuously analyzed student data  through multiple measures in order to improve the quality of teaching and learning.  Facilitated the development of a shared vision that fostered a Professional Learning  Community centered around achievement of all students, allowed for a common focus,  and put a process in place to assess the school\xc3\xa2\xc2\x80\xc2\x99s needs, determine areas of focus, and  align resources in order to drive student achievement.  Lead learning by example; meet with teachers weekly to rotate through the grade  levels, analyze data, define student needs, and agree on lessons to be taught that are  aligned with those needs; develop and practice teaching lessons and openly discuss  how well the teachers are progressing.  Collaborate with all stakeholders in order to align all budget expenditures to meet the  needs of all students; reviewed and maintained control record sheets for all general  and categorical funds.    P ROFE SSI ONAL E XPER IENCE  <label type="Designation">Principal</label>, <label type="Companies worked at">Straightway Elementary</label>, <label type="Location">Hudson, TX</label>  <label type="Years of Experience">July 2009 to Present</label>  \x02 API growth of 120 Points in 4 years, from 700 to 900; launched a new Website and Twitter account specifically for  Straightway, and implemented the use of a cloud system (<label type="Tech Tools">Dropbox</label>) to share files with teachers and staff; provided  computer tablets to all grade levels as an instructional and presentation tool for students (i.e., <label type="Tech Tools">Keynote</label> and <label type="Tech Tools">iMovie</label>)  \x02 Evaluated teacher effectiveness through classroom observation, data analysis, and actionable feedback using the  new Teaching and Learning Framework; effectively handle student discipline and participate in parent meetings.    \x02    Implemented a Psycho-Association Program to improve overall student fitness and teach new and age-appropriate  games to be used on the playground.    <label type="Name">Hassie Sasha Brekke</label>    P A GE 2    P ROFE SSI ONAL E XPER IENCE C ONTINUED  <label type="Designation">Principal</label>, <label type="Companies worked at">Pine Tree Elementary</label>, <label type="Location">Houston, TX</label>  \x02 API Growth 50 points in 3 years from 725 to 800.    <label type="Years of Experience">July 2007-June 2009</label>    <label type="Designation">Assistant Principal</label> PEN, <label type="Companies worked at">Great Pupil Elementary</label>, <label type="Location">Spring, TX</label>    <label type="Years of Experience">July 2006-June 2007</label>    <label type="Designation">Assistant Principal</label> PEN, <label type="Companies worked at">Sapphire Elementary</label>, <label type="Location">North Hudson, TX</label>    <label type="Years of Experience">July 2004-June 2006</label>    <label type="Designation">Resource Specialist Teacher</label>, <label type="Companies worked at">Blue Waters Elementary</label>, <label type="Location">South Springs, TX</label>    <label type="Years of Experience">July 2000-June 2004</label>    <label type="Designation">General Education Teacher</label>, <label type="Companies worked at">Core Avenue Elementary</label>, <label type="Location">Valley, TX</label>    <label type="Years of Experience">July 1996-June 2000 </label>   P ROFE SSI ONAL D EVELOPMENT  <label type="College Name">Big State University</label>, <label type="Location">Dallas, TX</label>  <label type="Degree">Master of Arts, Educational Administration</label>, <label type="Graduation Year">2004</label>  <label type="College Name">Mount St. College</label>, <label type="Location">El Paso, TX</label>  <label type="Degree">Education Specialist-Mild/Moderate Disabilities</label>, <label type="Graduation Year">2003</label> and  Multiple Subject Teaching CLOD credential, 2000  <label type="College Name">University of Texas</label>, <label type="Location">Houston</label>  <label type="Degree">Bachelor of Arts, Sociology</label>, <label type="Graduation Year">1995</label>  <label type="Companies worked at">Council of Mexican American Association (CMAA)</label>, <label type="Location">North Hudson, TX</label>  <label type="Years of Experience">July 2011-Present </label> <label type="Designation">President</label> - Elected position, allowed to serve only one term for two years to promote the educational and professional  growth of its members in order to ensure high-quality teaching and learning for all students.  \x02 Facilitated nine Study Group Sessions for 80 candidates taking the Elementary Principals exam with 50 individuals  making the eligibility list; used <label type="Tech Tools">MS PowerPoint</label>, MAC <label type="Tech Tools">Keynote</label>, and <label type="Tech Tools">iMovies</label> to create professional development  presentations.  \x02 Hold functions for all administrators, provide professional development and student scholarships, and promote the  educational growth of members to ensure high-quality education for all students including a forum at the Annual  Leadership Conference to highlight national research by Hispanics on our students.  \x02 Provide leadership opportunities for school administrators, scholarships to Hispanic students who have excelled in  their high school education, and professional assistance to community groups, the Board of Education, and others in  the education field.  \x02 Conduct research and gather data necessary to develop educational programs that meet the educational needs of  the community; develop activities and programs in order to promote positive educational, economic, and  environmental development in the community; review ongoing educational programs serving the community.    Willing to travel / References available upon request"
</cv>
