<?xml version="1.0" encoding="UTF-8"?>
<cv>
"<label type="Name">Toni Effertz</label>    1234 Maple Avenue  Rapid City, SD 82828  Cellular: (123)345-7890, <label type="Email Address">Fatima40@las.com</label>  SUMMARY: Self-motivated <label type="Designation">Special Education Teacher</label> with ability to provide <label type="Job Specific Skills">social,  educational and psychological support</label> to <label type="Job Specific Skills">children with special needs</label> in order to enhance their  self esteem and make them a valuable member of the society. Highly skilled in <label type="Soft Skills">planning</label>,  <label type="Soft Skills">organizing</label> and <label type="Soft Skills">presenting</label> activities to help students development. Able to design and use  <label type="Job Specific Skills">instructional, therapeutic and skill development programs</label> for assigned students. A <label type="Soft Skills">sensible</label>  individual who meets creates and implements proper instructional and learning plans, actions,  materials and tools.    SPECIAL SKILLS  \xe2\x80\xa2 <label type="Job Specific Skills">Lesson Planning</label>  \xe2\x80\xa2 <label type="Job Specific Skills">Classroom Organization</label>    \xe2\x80\xa2 <label type="Job Specific Skills">Test Designing</label>  \xe2\x80\xa2 <label type="Job Specific Skills">Student Evaluation</label>    \xe2\x80\xa2 <label type="Job Specific Skills">Lab Setup</label>  \xe2\x80\xa2 <label type="Job Specific Skills">Record-keeping</label>    PROFESSIONAL EXPERIENCE  <label type="Companies worked at">Rising Sun</label>  <label type="Location">Rapid City, SD</label> | <label type="Years of Experience">January 2015  Present</label>  <label type="Designation">Special Education Teacher</label>    \xe2\x80\xa2 Provide direct services to students with special needs  \xe2\x80\xa2 Organize and communicate class targets, objectives and requirements and ensured their  successful achievement  \xe2\x80\xa2 Administer tests and conduct evaluations to understand level and type of disability  \xe2\x80\xa2 Prevent and intervene in student altercations and incidents in order to comply with discipline  \xe2\x80\xa2 Ensure all appropriate measures regarding all needs are being employed for special students  Achievements:  \xe2\x80\xa2 Placed a team of 5 entry level special education aides as part of a training workshop held at  Rising Sun  \xe2\x80\xa2 Achieved 90% success rate of providing near normal lives to students with special needs  EDUCATION  <label type="College Name">ABC College</label>, <label type="Location">Rapid City, SD</label>  <label type="Graduation Year">2014</label>  <label type="Degree">Associate of Arts in Education</label>  Majors: <label type="Job Specific Skills">Special Education</label>  ADDITIONAL SKILLS AND CAPABILITIES  \xe2\x80\xa2 Profound ability to formulate eligibility recommendations for special students  \xe2\x80\xa2 Able to <label type="Soft Skills">communicate effectively</label> with parents, supervisors and staff  \xe2\x80\xa2 Proven record of <label type="Soft Skills">making decisions</label> in accordance to board policies and established  procedures"
</cv>
