<?xml version="1.0" encoding="UTF-8"?>
<cv>
"Education <label type="Designation">Sales Representative</label> Resume  Filed under: Sample Resume Format by samresume No Comments \xc2\xbb    The    resume    of    <label type="Designation">Sales    Representative</label>    should    show    his    expertise    in    oral    presentation, cialis self    motivation, viagracounseling, treatment <label type="Soft Skills">analytical</label> mind, reporting and recruiting. His additional skills include <label type="Soft Skills">problem  solving</label> skills, which is important for his profession and customer service. He should be able to maintain healthy and  fruitful relationship with the clients for their satisfaction. Excellent <label type="Soft Skills">communication</label> skill and polished oral proficiencies are  must for a sales representative.  He should also show his activeness during academic years like taking part in sports and other extra curricular activities.  Education <label type="Designation">Sales Representative</label> Resume Example  <label type="Name">Leontine Schmitt</label>  21, <label type="Location">Kingston, Georgia</label>  452340  Phone: (123)34567890  Email: <label type="Email Address">Rosena.Paucek@hm.name</label>  Objective  Highly proficient, educational <label type="Designation">sales professional</label> having capability to develop and maintain <label type="Job Specific Skills">client relationship</label>. Expert in  <label type="Job Specific Skills">new business generation</label> by tracking the market demands.  Quality Summary  \xef\x81\xac<label type="Job Specific Skills">Channel development</label>  \xef\x81\xacExcellent <label type="Soft Skills">communication</label> and <label type="Soft Skills">presentation</label> skill  \xef\x81\xac<label type="Job Specific Skills">Strategic Planning</label>, <label type="Job Specific Skills">Innovative</label> and <label type="Job Specific Skills">analytical</label> mind  \xef\x81\xacTraining programs and <label type="Soft Skills">interpersonal</label> skills  \xef\x81\xacProficient in <label type="Job Specific Skills">client relationship</label> and <label type="Job Specific Skills">customer service</label>  \xef\x81\xac<label type="Soft Skills">Result-oriented</label>  \xef\x81\xac<label type="Soft Skills">Self Motivated</label>  Professional Experience:  <label type="Companies worked at">Zenith Books Inc.</label>, <label type="Location">Illinois</label>, <label type="Years of Experience">2005 to present</label>  <label type="Designation">Educational Sales Representative</label>  Counseling to schools and colleges  Organizing Book Fairs for greater customer attractions.  Following regular calls to find new sales opening  Frequent interaction with the clients and customers for their requirements.  Fixing appointments and meeting clients occasionally.  Proficient in contract negotiation and closing the deals.  Managing workshops and demonstrations for schools and colleges.  <label type="Companies worked at">Columbus Knowledge Centre</label>, <label type="Location">Texas</label> <label type="Years of Experience">2002  2005</label>    <label type="Designation">Educational Sales Representative</label>  Introduced valuable curriculum to prevalent programs  Added new customers by making presentations.  Looked after telemarketing.  Interacted with higher educational district authorities and make them aware of the organization website.  Maintained healthy relationship with clients for the growth of the business.  Made frequent survey of the market to find the new business generation opportunities.  Provided effective training programs for newly introduced technology in the school class rooms and laboratory.  GeneralEducation:  \xef\x81\xac<label type="Degree">Bachelors in Arts</label>, <label type="College Name">Clifford College</label>, <label type="Location">Ohio</label>, <label type="Graduation Year">2002</label>  Computer Skill:  \xef\x81\xac<label type="Tech Tools">Microsoft Word</label>, <label type="Tech Tools">Microsoft Excel</label> and <label type="Tech Tools">Microsoft Power Point</label>  \xef\x81\xacProficient in Internet operation  Extracurricular Activities  Member of College Debating and Art Society  Sports person- won various awards in football and sprinting, during school and college years  Awarded General Proficiency award for all round achievements in the school academic excellence."
</cv>
