<?xml version="1.0" encoding="UTF-8"?>
<cv>
"CAREER HIGHLIGHTS  Achieved recognition for generating \xe2\x80\x9cbest ever\xe2\x80\x9d enrollment performance for three consecutive years and exceeding annual  goals, student achievement and completion standards.  Increased student placement rates to over 80% within six months by creating a Career Service Department and recruiting a  top-notch <label type="Designation">Career Services Director</label> to manage it.  Improved campus profitability and sustained student enrollment rates of 80% per program.  Ensured campus and staff wide compliance with operation and <label type="Job Specific Skills">academic policies and procedures</label>, <label type="Job Specific Skills">accrediting standards</label>,  <label type="Job Specific Skills">government licensing requirements</label> and Family Educational Rights &amp; Privacy Act (FERPA).  At <label type="Companies worked at">Joined Inc.</label>, consistently in the top 10% of performers by leading the company in admissions.  PROFESSIONAL EXPERIENCE  <label type="Companies worked at">Joined Inc.</label> / <label type="College Name">William Jessup University</label> - <label type="Location">San Jose, CA</label>, (WASC) <label type="Years of Experience">2014 - Present</label>  <label type="Designation">Lead Admissions Advisor</label>  Hired by the President and CEO to create a successful admissions department.  Integral in establishing a successful working relationship with WJU staff and senior management.  Successfully exceeded Spring enrollment goals for the first cohort by 90%  On target to exceed February cohort by 90%.  Collaborate with <label type="Companies worked at">Joined Inc.</label> to create marketing events and collateral.  <label type="College Name">Expression College</label> - <label type="Location">San Jose, CA</label>, Branch campus (ACCSC) <label type="Graduation Year">2014</label>  <label type="Designation">Admissions Representative</label>  Hired by the President and CEO to assist in turning around a failing admissions department by providing a collaborative and  competitive atmosphere to increase enrollment.  Recognized as a leader and \xe2\x80\x9cgo to\xe2\x80\x9d person for coaching and procedural issues.  Met all enrollment goals during tenure.  Established positive working relationships with other departments to assist in meeting all enrollment goals and budgeting.  <label type="Name">Vern Becker</label>  PROFESSIONAL EXPERIENCE (Cont.)  <label type="College Name">WestMed College</label>  an affiliate of <label type="College Name">National University</label>, <label type="Location">San Jose, CA</label>, Main campus of five (ACCSC, BPPE, BVNPT,  CAAHEP) <label type="Years of Experience">2012  2014</label>  <label type="Designation">Associate Vice President of Regional Operations</label>  <label type="Designation">Campus Director</label>  Provide <label type="Soft Skills">leadership</label> and supervision to Student Services, Financial Aid, Student Advisors, Registrar, Program Directors,  Faculty, and Center Assistants.  Develop and monitors annual accounting processes and controls assigned operating budgets.  Provide leadership and motivation for staff of 50 while facilitating a positive work environment for a student population of  250.  Maintain comprehensive knowledge of programs, <label type="Job Specific Skills">federal and state regulations</label>, <label type="Job Specific Skills">policies</label>, and <label type="Job Specific Skills">procedures</label> of accrediting bodies,  as well as applies this knowledge in training staff, maintaining standards, and <label type="Soft Skills">creatively</label> <label type="Soft Skills">solving problems</label>.  Plans and participates in community outreach, enrollment enhancement activities, implements <label type="Job Specific Skills">student retention strategies</label>,  employment and consistently achieves enrollment and budget goals.  Rolled out Title IV funding for the campus and trained financial aid staff."
</cv>
