<?xml version="1.0" encoding="UTF-8"?>
<cv>
<label type="Name">Stevie Conn</label>
<label type="Designation">Software Development Engineer</label> with <label type="Years of Experience">6 months of experience</label> in <label type="Tech Tools">Java</label>, <label type="Tech Tools">C</label>,
<label type="Tech Tools">Velocity</label>, <label type="Designation">Web Development</label> at <label type="Companies worked at">Amazon Development Centre</label>.

<label type="Location">Bangalore, Karnataka</label> - Email me on Indeed: <label type="Email Address">Mose.Leuschke@sfal.com</label>

<label type="Soft Skills">Self-Motivated</label> and Hardworking Computer Science student seeking to apply my skills and in the
process, develop
professionally.

Willing to relocate: Anywhere

WORK EXPERIENCE

<label type="Designation">Software Development Engineer</label>

Amazon

Interned at <label type="Companies worked at">Amazon Development Centre</label> <label type="Years of Experience">for 6 months 2017</label>

Projects did during Internship

• Blog Migration from TypePad to Amazon
- Amazon owns a blog omnivoracious.com which is used to improve the book sales in
amazon.com. It was
recently hosted in a 3rd party blogging platform TypePad.
- The project required to find a platform which satisfies all the requirements and transfer all
TypePad content
to the Amazon-owned platform maintaining the functionalities and compatibility.
- Used <label type="Tech Tools">Velocity</label> Templating Language, <label type="Tech Tools">Java</label>, <label type="Tech Tools">Amazon Tools</label> and Many Blogging Platforms.
• Mobile Widget Disparity
- Due to some recent changes in Amazon configuration, there was a content disparity between
book
description of mobile and desktop in millions of products.
- The project required to find the reason for disparity and then find a solution that doesn’t affect
other
features &amp; is also expandable.
- Used <label type="Tech Tools">Java</label>, configuration files, and <label type="Tech Tools">Amazon Tools</label>.
• Physical to Amazon Video Conversion
- To promote Amazon Video Over Physical Video source (DVD, Blu Ray), certain features were
created like
Popup Window and messages above Add to Cart button.
- This project required to create UI for each of the features and check whether it satisfies all the
criteria.
- Used <label type="Tech Tools">Java</label>, <label type="Tech Tools">JSP</label>, configuration files and bean creation.

https://www.indeed.com/r/stevie-conn
https://www.indeed.com/r/stevie-conn


EDUCATION

<label type="Degree">B.Tech in Computer Science</label>

<label type="College Name">Kalinga Institute of Industrial Technology</label>

<label type="Graduation Year">July 2013 to April 2017</label>

SKILLS

<label type="Tech Tools">ANDROID</label> (Less than 1 year), <label type="Tech Tools">Git</label> (Less than 1 year), <label type="Tech Tools">HTML</label> (Less than 1 year), <label type="Tech Tools">PHP</label> (Less than
1 year), <label type="Tech Tools">SQL</label> (Less than 1 year), <label type="Tech Tools">Java</label> (Less than 1 year), <label type="Tech Tools">C</label>, <label type="Tech Tools">Velocity</label> (Less than 1 year), <label type="Tech Tools">C++</label>,
<label type="Job Specific Skills">Database Management</label> (Less than 1 year)

LINKS

https://www.linkedin.com/in/stevie-conn

CERTIFICATIONS/LICENSES

<label type="Designation">Online Content Writer</label>

<label type="Years of Experience">July 2016 to Present</label>

Was Online Content Writer for Greymeter.com.

<label type="Designation">Android Application Development</label>

<label type="Years of Experience">June 2015 to Present</label>

Learned to create basic Android Apps using <label type="Tech Tools">Eclipse</label> and <label type="Tech Tools">Android Studio</label>.

PUBLICATIONS

Blog Migration from TypePad to Amazon

https://www.amazonbookreview.com

July 2017

Amazon owns a blog amazonbookreview.com which is used to improve the book sales in
amazon.com. It was recently hosted in a 3rd party blogging platform TypePad.
- The project required to find a platform which satisfies all the requirements and transfer
all TypePad content to the Amazon owned platform while maintaining its functionalities and
compatibility.
- Used Velocity Templating Language, Java, Amazon Tools and Many Blogging Platforms.

Mobile Widget Disparity

July 2017

https://www.linkedin.com/in/stevie-conn
https://www.amazonbookreview.com


- Due to some recent changes in Amazon configuration files, there was content disparity between
book description of mobile and desktop in millions of products.
- The project required to find the reason for disparity and then find a solution that doesn’t affect
other features &amp; is also expandable.
- Used Java, configuration files and Amazon Tools.

Physical to Amazon Video Conversion

July 2017

- To promote Amazon Video Over Physical Video source (DVD, Blu Ray), certain features were
created like Popup Window and messages above Add to Cart button.
- This project required to create UI for each of the features and check whether it satisfies all the
criteria.
- <label type="Tech Tools">Used</label> <label type="Tech Tools">Java</label>, <label type="Tech Tools">JSP</label>, configuration files and bean creation

ADDITIONAL INFORMATION

TECHNICAL SKILLS

* Programming language: <label type="Tech Tools">C</label>, <label type="Tech Tools">SQL</label>, <label type="Tech Tools">Core Java</label>, <label type="Tech Tools">Android</label>, <label type="Tech Tools">Velocity</label>
* Web Development - <label type="Tech Tools">PHP</label>, Basic knowledge of <label type="Tech Tools">HTML</label>
* Basic knowledge of <label type="Tech Tools">GIT</label> Version Control System
</cv>
