<?xml version="1.0" encoding="UTF-8"?>
<cv>
"Teaching Resume  000Any Street #2 \xe2\x96\xa0 <label type="Location">Culver City, Ca</label> 91604 \xe2\x96\xa0 (123)345-7890 \xe2\x96\xa0 <label type="Email Address">Gordon.Hills@gmail.com</label>  OBJECTIVE  Seeking a <label type="Designation">Secondary School Teaching</label> position  EDUCATION  <label type="College Name">Loyola Marymount University</label>, <label type="Location">Los Angeles, CA</label>  <label type="Degree">Master of Arts, Education</label>  GPA 4.0  2042 Preliminary Single Subject Teaching Credential in Social Science  2042 Preliminary Single Subject <label type="Degree">Teaching Credential in English</label>    August 2009  May 2009  May 2009    <label type="College Name">University of Southern California (USC)</label>, <label type="Location">Los Angeles, CA</label>  <label type="Degree">Bachelor of Arts, History</label>  GPA 4.0    May 2008    CERTIFICATION  Social Science Subject Matter Program, USC  English CSET    May 2008  October 2007    TEACHING EXPERIENCE  <label type="Companies worked at">Kennedy High School</label>, <label type="Location">Granada Hills, CA</label>  <label type="Designation">Student Teacher</label>  <label type="Years of Experience">January-June 2009</label>  th  Principles of American Democracy (12 grade magnet)  World History (9th grade magnet, 10th grade regular education)   Instructed gifted, average, and low achieving students of multi-ethnic backgrounds   Implemented differentiated instruction in every class to meet individual learning needs   Maintained order and discipline in classrooms of 25-50 students   Set up student tutoring sessions and parental conferences   Volunteered to work track and field events  <label type="Companies worked at">Manual Arts High School</label>, <label type="Location">Walnut Creek, CA</label>  <label type="Designation">Teachers Assistant</label>  <label type="Years of Experience">September-December 2007</label>  USC Joint Educational Project   Coached Hispanic students in French II pronunciation and conversation skills   Facilitated weekly discussions about French culture, history, and geography  RELATED EXPERIENCE  Observation in English and History classrooms, LA area schools    2008-2009    Audubon Middle School, Culver City, CA  September-December 2007  Mini-team Activity Leader, USC JEP   Planned and directed weekly Roman history lessons for a sixth grade classroom  Wesley School for Special Education, Muskegon, Michigan  Volunteer   Supervised severely handicapped students, ages 11-18, in classroom activities    June-September 2005    After-School Tutor  ACTIVITIES AND HONORS  Experience coaching and playing volleyball and tennis  Phi Beta Kappa (Academic Honor Society)  Kappa Delta Pi (Education International Honor Society)  SPECIAL SKILLS  Published <label type="Soft Skills">writer</label>: Featured in Spring 2005 edition of USC journal AngeLingo  Computer skills: <label type="Tech Tools">Microsoft Word</label>, <label type="Tech Tools">Excel</label>, <label type="Tech Tools">Power Point</label>; Internet research and navigation    2001-2005    2008  2007"
</cv>
