<?xml version="1.0" encoding="UTF-8"?>
<cv>
"Education Resume Example - Experienced <label type="Designation">Teacher</label>    <label type="Name">Rudolph Adams</label>  1640 Maple Street  <label type="Location">Treeville, NE</label> 68xxx  (123)345-7890  <label type="Email Address">FMorissette@mas.net</label>  Education  <label type="Degree">Graduate Courses in Education</label>, <label type="College Name">Miller State University</label>, <label type="Location">Miller, Washington</label>, 19xx-19xx  <label type="Degree">Bachelor of Science in Education</label>, May, 19xx  Endorsement: <label type="College Name">Business Education  University of Nebraska</label>-Lincoln  Certificate Held: xxxxxxx  Teaching Experience  <label type="Designation">Business Teacher</label>, <label type="Companies worked at">Treeville High School</label>, <label type="Location">Treeville, Nebraska</label>, 19xx-20xx  Taught <label type="Job Specific Skills">Introductory Keyboarding</label>, Grade 9  Taught <label type="Job Specific Skills">General Business</label>, Grades 9-10  Taught <label type="Job Specific Skills">Accounting</label> I, Grade 11  Taught <label type="Job Specific Skills">Accounting</label> II, Grade 12  Sponsored Distributive Education Club  Coached 7th grade girls volleyball  Coached 9th grade boys track  Related Experience in Education  <label type="Designation">Student Teaching</label>, <label type="Companies worked at">Busytown High School</label>, <label type="Location">Oak, Nebraska</label>, January-May, 19xx  Taught <label type="Job Specific Skills">Business English</label>, Grade 10  Taught <label type="Job Specific Skills">Accounting</label> I, Grade 11  Taught <label type="Job Specific Skills">Accounting</label> II, Grade 12  Co-sponsored high school yearbook  Practicum, Smith High School, Smith, Nebraska, October-November, 19xx  Observed Accounting I, Grade 11  Observed Accounting II, Grade 12  Helped with planning and grading for Business Math, Grade 10  Attended State DECA convention  Honors  Outstanding Young Educator, Treeville Public Schools, May, 19xx  Deans List, <label type="College Name">University of Nebraska</label>, five semesters  Special Skills  Computer skills (<label type="Job Specific Skills">spread sheet</label>, <label type="Tech Tools">AccountCom</label>, <label type="Tech Tools">Internet</label>, <label type="Tech Tools">Word</label>, <label type="Tech Tools">PrintShop</label>)  Artistic Ability  <label type="Degree">CPR Certification</label>  Experience working with diverse population  Strong interpersonal skills  Public speaking experience, including use of Power Point  Volunteer Activity  Taught computer skills to elderly through School &amp; Community Continuous  Learning Program, <label type="Location">Treeville, Nebraska</label>, 19xx-20xx  Conducted annual workshop for Treeville School Board on investment policies,  19xx-20xx  Served as Publicity Chair for \xe2\x80\x9cDollars for Scholars\xe2\x80\x9d Scholarship Drive, Treeville,  Nebraska, 19xx-20xx  Activities  Member, Treeville Education Association, Treeville, Nebraska, 19xx-20xx  Member, Nebraska State Education Association, 19xx-20xx  Member, National Education Association, 19xx-20xx  Treasurer, My Faith Church, Treeville, Nebraska, 19xx-20xx  Organized Treeville Investing Club, Treeville, Nebraska, 19xx"
</cv>
