<?xml version="1.0" encoding="UTF-8"?>
<cv>
"Education  <label type="Degree">PhD Education Administration</label>, <label type="College Name">University of New York</label>, <label type="Location">NY</label> (<label type="Graduation Year">2000</label>)  A valid Nova Scotia Teacher's License.  <label type="Degree">M.A Education Administration</label>, <label type="College Name">University of New York</label>, <label type="Location">NY</label> (<label type="Graduation Year">1993</label>)  <label type="Degree">B.A English Education</label>, <label type="College Name">University of New York</label>, <label type="Location">NY</label> (<label type="Graduation Year">1989</label>)  Professional Experience  <label type="Designation">Assistant Principal</label>, <label type="Companies worked at">White Lake School District</label>, <label type="Location">New  York</label>  <label type="Years of Experience">1999 - Present</label>  \xef\x82\x95  Assist the principal with all certified and non-certified staff.  \xef\x82\x95  Assist the principal in observing, evaluating and working through  personnel issues with staff.  \xef\x82\x95  Monitor hallways, lunch times, before and after school times.  Supervising out of school activities and rotating with other administrators  at school events.  \xef\x82\x95  Promote student involvement in school activities by assisting  principal in maintaining student advisors, student council, club and  activities, organizing assemblies and special events.  \xef\x82\x95  Receive and assigning in-school suspension write-ups, conducting  informal student conferences on conduct reports, and making counselor  referrals when appropriate.  \xef\x82\x95  Support school security staff in maintaining a safe and secure  school environment.  \xef\x82\x95  Make parent contacts and conducting parent conferences,  especially in out of school suspensions.  \xef\x82\x95  Receive parent complaints proceeding to investigate and help  resolve the issues.  \xef\x82\x95  Work with school staff to research, plan and implement school  reform initiatives.  \xef\x82\x95  Assist staff with instructional techniques, classroom management  and curricular issues.  \xef\x82\x95  Help principal with building schedules, teacher assignments and  recurring substitute teachers.  <label type="Designation">English Teacher</label>, <label type="Companies worked at">Mt. Sinai Area School District</label>, <label type="Location">Uniondale,  NY</label>  <label type="Years of Experience">1988 - 1999</label>  \xef\x82\x95  Collaborated with the social studies teacher to integrate freshmen  English and U.S. History.  \xef\x82\x95  Coordinated drama activities.  \xef\x82\x95  <label type="Soft Skills">Communicated</label> and liaised with fellow team department members  on a regular basis with regards to planning, assessment, parent and    community contact, subject organization and classroom issues such  including discipline, expectations and routines.  \xef\x82\x95  <label type="Soft Skills">Communicated</label> and liaised with other school colleagues to promote  and establish integrative links and awareness.  \xef\x82\x95  Performed behavioral management and pastoral care of class and  homeroom groups.  \xef\x82\x95  Attended and constructively contributed in staff meetings.  \xef\x82\x95  Assisted in supervising student breaks.  \xef\x82\x95  Coordinated class activities.  \xef\x82\x95  Maintained up-to-date records of assessment, attendance,  planning, reports, conferences, and communication with parents.  \xef\x82\x95  Established links with parent community to ensure that parents are  kept well informed about student progress.  \xef\x82\x95  Assisted, in the development of curricular materials.  \xef\x82\x95  Acted as a resource, contact and support for new staff members  (i.e. curriculum, schedules, procedures).  \xef\x82\x95  Participate in and assisted with school events."
</cv>
