<?xml version="1.0" encoding="UTF-8"?>
<cv>
"<label type="Name">Joel Kling</label>  Resume    SUMMARY  An accomplished <label type="Designation">Higher Education Administrator</label> and <label type="Designation">Financial Executive</label>, <label type="Designation">Chief Business Officer</label>, <label type="Designation">CFO</label>, and <label type="Designation">CPA</label> with an  exceptional record of success in <label type="Soft Skills">leading</label> institutional and financial <label type="Soft Skills">strategic</label>/<label type="Job Specific Skills">business planning and budgeting</label>,  <label type="Job Specific Skills">administration</label>/<label type="Job Specific Skills">operations management</label>, <label type="Job Specific Skills">investment</label>/<label type="Job Specific Skills">business growth</label>, <label type="Job Specific Skills">governance</label> and <label type="Job Specific Skills">risk management</label> for the worlds #1 ranked  school of global management. Initiated and directed global strategic initiatives and projects increasing organizational effectiveness,  <label type="Job Specific Skills">culture change</label> and profitability. Additional <label type="Soft Skills">executive leadership</label> experience in international/commercial/retail banking as <label type="Designation">Chief  Administrative Officer</label>, <label type="Designation">CFO</label> and <label type="Designation">Controller</label>. An outstanding <label type="Soft Skills">communicator</label>, relationship and <label type="Soft Skills">team builder</label> who creates win-win  partnerships with key stakeholders. Experienced board member including leadership roles chairing boards and various committees.  PROFESSIONAL COMPETENCIES            <label type="Companies worked at">Global Education</label> <label type="Designation">Executive  Administration/Operations Leader</label>  <label type="Designation">Chief Business Officer</label> / <label type="Designation">CAO</label> / <label type="Designation">CFO</label>  <label type="Job Specific Skills">Strategic</label> <label type="Job Specific Skills">Financial</label> <label type="Soft Skills">Leadership</label>              Institutional/<label type="Job Specific Skills">Business Planning</label>  <label type="Job Specific Skills">Business Development</label>/<label type="Job Specific Skills">Growth  Organization</label>/<label type="Job Specific Skills">Culture Change</label>  <label type="Job Specific Skills">Operational Excellence</label>              <label type="Job Specific Skills">Debt Restructure</label>/<label type="Job Specific Skills">Banking Partners</label>  <label type="Job Specific Skills">Governance</label>/<label type="Job Specific Skills">Risk Management</label>  <label type="Job Specific Skills">Customer/Stakeholder Relationships</label>  Outstanding <label type="Soft Skills">Communicator</label>    ACCOMPLISHMENTS  <label type="Companies worked at">THUNDERBIRD SCHOOL OF GLOBAL MANAGEMENT</label>, <label type="Location">Phoenix, Arizona</label>    <label type="Years of Experience">2000 to 2012</label>    <label type="Designation">Chief Business Officer</label>  <label type="Years of Experience">2005 to 2012</label>  Reporting to President &amp; CEO, directed <label type="Job Specific Skills">Finance</label>, <label type="Job Specific Skills">Accounting</label>, <label type="Job Specific Skills">IT</label>, <label type="Job Specific Skills">HR</label>, <label type="Job Specific Skills">Legal</label>, outsourced services (facilities, security, food service,  hotel/conference center, and student housing), strategic planning, investments, and all business matters across the school worldwide.  Led <label type="Job Specific Skills">Marketing and Communications</label> for two years and provided oversight of Russian subsidiary and French campus. Served as  <label type="Designation">Corporate Secretary</label> of the Board and as <label type="Designation">staff officer</label> for Finance, Audit, Executive, and Nominating &amp; Governance Committees.  Responsible for up to 200 staff.                  Successfully led effort to raise funds required for investment in program diversification as sluggish demand for full-time  MBA programs put pressure on operating results. Engaged municipal financing team at BofA Securities to restructure  existing $17M debt and issue $10M in new bonds. Through diversification, achieved seven years of operating surpluses.  Spearheaded school strategic plan review and impact on campus master plan. Determined 75 acres of undeveloped land  would not be needed for campus development, so obtained general plan amendment and re-zoning from city to accommodate  highest and best use, significantly increasing land value.  Negotiated and secured replacement letter of credit on bonds with <label type="Companies worked at">JPMorgan Chase</label> for an unprecedented five-year period in  aftermath of 2008 financial crises as current bank was exiting business. Simultaneously negotiated an interest rate swap on  bonds that locked interest rate at 1.8% over this five-year period and also established a line of credit.  Established unique outsourcing contract to consolidate/provide multiple campus services (facilities, security, food service,  hotel/conference center, and student housing). Under new agreement, achieved more favorable financial terms, food services  generated annual profits of 10%, and student and client satisfaction levels dramatically improved for all services.  Oversaw significant growth in Russian training business (quadrupled in size over six years to $10M). Worked closely with  expatriate leader during 2008 financial crisis to avoid need for cash infusion as revenue shrunk 65%. Kept business intact  during crisis and doubled revenue since then.  Developed and implemented new quarterly results-based performance management system in conjunction with outside  consultant and other senior leaders, dramatically improving communications between employees and supervisors and  ensuring organization was focused on highest priorities. Follow-up survey revealed 80% of employees preferred new system.  Guided cross-organization team, with support of external higher education technology expert, in review of learning  management systems to replace current proprietary system. Open source system selected and implemented which reduced  overall cost by $500k. New system significantly improved functionality for both students and faculty.    <label type="Designation">CFO</label> &amp; <label type="Designation">Chief Administrative Officer</label>  <label type="Years of Experience">2000 to 2004</label>  Reporting to President &amp; CEO, led Finance, Accounting, Legal, and strategic planning and provided oversight of Russian subsidiary.  Served as Corporate Secretary of the Board and as staff officer for Finance and Nominating &amp; Governance Committees. Directed staff  of 20. Additional title of CAO added in 2003 to recognize growing influence across organization.    TIM PROPP    Page 2    CFO &amp; Chief Administrative Officer (contd)        Led critical organization restructure working closely with the President and the rest of the senior management team.  Developed early retirement program as strategy to reduce ongoing costs to address anticipated revenue decline. 50 faculty  and staff accepted early retirement, achieving an annual savings of $4M (8% of budget).  Successfully engineered and executed a 10% reduction in the workforce with no legal challenges in the wake of 9/11, when  there was a precipitous drop in non-US students. Achieved 7% reduction in annual costs to offset loss of revenue.    <label type="Companies worked at">BANK ONE CORPORATION</label>, <label type="Location">Chicago, Illinois</label>    <label type="Years of Experience">1995 to 2000</label>    International Americas Division, Dallas, Texas  <label type="Designation">Chief Administrative Officer</label>  2000  Reporting to Division President, directed <label type="Job Specific Skills">risk management</label>, <label type="Job Specific Skills">strategic planning</label> and <label type="Job Specific Skills">project management</label> for division with 700  employees and $1B in assets; coordinated board activities, and worked with operating units to enhance profitability. .      Conducted strategic review of Private Banking and Border Banking businesses and provided recommendations to Division  President, improving procedures for mitigating money laundering risks; business operations were reorganized to better serve  customers and improve profitability.    <label type="Companies worked at">Commercial Banking Group</label>, <label type="Location">Dallas, Texas</label> and <label type="Location">Chicago, Illinois</label>  <label type="Designation">CFO of Commercial Banking Services</label>  <label type="Years of Experience">1999</label>  <label type="Designation">CFO of International Corporation</label>  <label type="Years of Experience">1998</label>  Dual reporting to Division Head/President and line of business CFO; directed all financial services including budgeting, forecasting,  profitability and investment analysis, product costing, and financial consulting for Commercial Banking Services Division with 7,000  employees and an annual expense budget of $400M and International Corporation with 1,900 employees and $5B in assets. Key  member of executive leadership teams. Led team of up to 16 managers and professional staff.        Integrated financial support for International Banking, Treasury Management, and Commercial Banking Services after Bank  Ones merger with First Chicago NBD. Achieved 30% staffing reduction, improved financial reporting and analysis, and  redirected existing resources to focus on better analysis of new products and services, and business profitability.  Directed selection and implementation of SAP cost allocation system using activity-based costing methodology. Achieved  significant improvement in understanding of cost drivers and profitability of products and markets.    <label type="Companies worked at">Retail Banking Group</label>, <label type="Location">Dallas, Texas</label> and <label type="Location">Phoenix, Arizona</label>  Southern Region <label type="Designation">Finance Manager</label>  <label type="Years of Experience">1997</label>  Line of Business <label type="Designation">Project Manager</label>  <label type="Years of Experience">1995 to 1996</label>  Reporting to Line of Business CFO, directed all financial services including budgeting, forecasting, profitability and investment  analysis, product costing, and financial consulting to the National and Regional Retail Banking Groups. Key member of the regional  management teams. Led team of up to eight managers and professional staff.      Worked closely with the CFO of newly formed Consumer Bank line of business; coordinated consolidation of several finance  groups into a cohesive team. Assessed staff competencies, skills, and experiences in all regions.  o Recommended new staff alignment and identified training/recruiting needs, building on best practices through  standardization of staffing model and financial reporting and analysis.    PRIOR EXPERIENCE  <label type="Designation">Corporate Controller</label> for <label type="Companies worked at">Caliber Bank</label> and <label type="Companies worked at">Security Pacific Bank</label>; member of a team that created Caliber from the ground up and then  sold it to satisfy Justice Departments requirement for Bank of America to divest of deposits in <label type="Location">Arizona</label> related to its acquisition of  Security Pacific. Hired team of 20, installed financial systems, and implemented internal controls across the organization for largest  de novo bank in US history; then completed S-1 registration with SEC within one year of acquisition.  EDUCATION &amp; CERTIFICATION  <label type="Degree">B.S. in Business Administration</label>  <label type="College Name">Colorado State University</label>  <label type="Degree">Certified Public Accountant</label>    <label type="Name">Joel Kling</label>    Page 3  BOARD INVOLVEMENT AND PROFESSIONAL ASSOCIATIONS <label type="Companies worked at">ADDENDUM    INROADS, INC.</label>  <label type="Years of Experience">2004 to 2010</label>  Nations largest non-profit source of salaried corporate internships for talented underserved college students who are also developed  for corporate and community leadership; $20M organization based in <label type="Location">St. Louis, Missouri</label>. Served as a member of the National Board,  <label type="Designation">Chairman</label> of the <label type="Companies worked at">National Boards Finance Committee</label>, <label type="Designation">Chairman</label> of the <label type="Companies worked at">Pacific Southwest Regional Board</label> based in <label type="Location">Los Angeles</label>, and  member of the Arizona Advisory Board. Also served as a key member of the Consolidation Task Force that collapsed state legal  structure into a regional structure.  <label type="Companies worked at">HOMEBASE YOUTH SERVICES</label>  <label type="Years of Experience">2007 to 2010</label>  <label type="Location">Arizona</label> non-profit with a $2.5M budget that teaches at-risk and homeless youth how to live healthy and independent lives. Served as  <label type="Designation">Chairman of the Board</label> after serving as Vice Chairman. Also served as Chairman of the Executive, Nominating &amp; Governance, and  Strategic Planning Committees. As Chairman, was able to oversee transition of organizations services to a financially stronger  organization that could also provide additional needed services to the youth. This transition was necessary due to the loss of private  donations in the wake of the 2008 financial crises.  CFO ALLIANCE  <label type="Years of Experience">2009 to Present</label>  <label type="Designation">Member of the Advisory Board</label>. Organization is a global community of senior financial leaders and decision makers who come  together virtually and for bi-monthly roundtables to share their experience, knowledge and wisdom. Secured Thunderbird as the  academic partner for the Arizona Chapter.  <label type="Companies worked at">PHOENIX BUSINESS JOURNAL</label>  <label type="Location">2010 to 2011</label>  Member of the CFO Advisory Board. Quarterly roundtable events focused on the CFO and what CFOs face in todays challenging  economic and business environment.  HIGHLAND SHORES HOMEOWNERS ASSOCIATION  1998 to 2000  Board member of very large homeowners association (1,800 homeowners) in Dallas, Texas, with an annual budget in excess of $1M.  Included responsibility for 1400 acres of greenbelt and recreational amenities. Served as Treasurer of the organization.  CHURCH COUNCILS  Served a total of six years on various Church Councils. Held the positions of Treasurer and Financial Secretary.  PROFESSIONAL ASSOCIATION MEMBERSHIPS   Arizona Society of Certified Public Accountants   Financial Executives International  o 2-time finalist in Arizona CFO of the Year Award   CFO Alliance   National Association of College and University Business Officers"
</cv>
