<?xml version="1.0" encoding="UTF-8"?>
<cv>
"Career Objective:  I believe health and fitness are vital for gaining academic goals as well as develop self-confidence. I  want to put my thoughts in action by working as a <label type="Designation">physical education teacher</label> in your reputed school  and make students fit to handle all types of stress and problems.  Summary of Skills:  \xef\x82\x95    Strong experience of <label type="Job Specific Skills">physical fitness training</label>    \xef\x82\x95  Excellent knowledge of <label type="Job Specific Skills">exercise philosophy</label>, <label type="Job Specific Skills">kinesiology</label>, and <label type="Job Specific Skills">educational  psychology</label>  \xef\x82\x95    Ability to work with <label type="Job Specific Skills">middle school and high school students</label>    \xef\x82\x95    Sound knowledge of <label type="Job Specific Skills">injury prevention techniques</label> and administering <label type="Soft Skills">first-aid</label>    \xef\x82\x95    Skilled in planning and implementing <label type="Job Specific Skills">physical education programs</label>    \xef\x82\x95    Outstanding written and verbal <label type="Soft Skills">communication</label> skills    Work Experience:  <label type="Designation">Physical Education Teacher</label>  <label type="Companies worked at">St. Partick's High School</label>, <label type="Location">Berkeley, CA</label>  <label type="Years of Experience">October 2014 - Present</label>  \xef\x82\x95    Developing daily and weekly physical training programs for students    \xef\x82\x95    Meeting parents and discussing about medical problems children are suffering from    \xef\x82\x95  Measuring weight, height, and other vital signs of students before providing them  training  \xef\x82\x95  Inventing and executing creative work up routine and keeping students interested in  exercising  \xef\x82\x95    Administering basic physical fitness tests and working on improvising results    \xef\x82\x95  Building health and stamina in students with different exercise routine and  suggesting food to consume  <label type="Designation">Physical Education Teacher</label>  <label type="Companies worked at">St. Matthews School</label>, <label type="Location">Berkeley, CA</label>  <label type="Years of Experience">February 2013 - September 2014</label>  \xef\x82\x95    Scheduled activities for individual student as well as for the group  \xef\x82\x95    Planned and conducted activities suitable for all students    \xef\x82\x95    Motivated students in taking up sports and improving their fitness    \xef\x82\x95    Supervised students and ensured they played the sports games without any injury    \xef\x82\x95    Inspected and replaced malfunctioning sports equipment    \xef\x82\x95    Developing running, long jump, skipping, and hiking skills in students    Education:  \xef\x82\x95  <label type="Degree">Bachelor's Degree in Physical Education</label>  <label type="College Name">ABC University</label>, <label type="Location">Berkeley, CA</label>  <label type="Graduation Year">2012</label>"
</cv>
