<?xml version="1.0" encoding="UTF-8"?>
<cv>
"<label type="Name">Trina Mosciski</label>, <label type="Degree">M.ED</label>.  1234 Elm Street, West Chester, PA 19380  Phone: 123-345-7890 \xe2\x80\xa2 Email: <label type="Email Address">MMorar@lo.com</label>    A+  re R  su e  s  m u  es m  e  -fo s  r-t for  ea T  ch ea  er ch  s. er  co s  m    <label type="Designation">EDUCATION CONSULTANT</label>                <label type="Soft Skills">Versatile</label> consultant with <label type="Years of Experience">five years of expertise</label> as an <label type="Designation">Education Consultant</label> and <label type="Years of Experience">10+ years</label> as a <label type="Designation">Teacher</label>.  Collaborative teacher leader with a talent for working closely with parents to assess childrens unique goals  and needs and develop an exceptional program to accommodate them.  <label type="Soft Skills">Approachable</label> educator who coordinates with federal, state, and local school officials to devise and  implement policies and procedures, ensuring compliance.  Self-directed instructor who develops creative workshops, manuals, and programs focusing on enhancing  the skills and knowledge base of teachers and parents alike.  <label type="Job Specific Skills">Student-oriented teaching</label> professional committed to helping all children reach their full potential.    AREAS OF EXPERTISE    <label type="Job Specific Skills">Curriculum Development</label> ~ <label type="Job Specific Skills">Implementation Strategies</label>    <label type="Job Specific Skills">Differentiated Instruction</label> ~ <label type="Job Specific Skills">Student Assessments &amp; Reports</label>  <label type="Job Specific Skills">Student Discipline</label> ~ <label type="Job Specific Skills">Classroom Management Techniques</label>    <label type="Job Specific Skills">Student Motivation</label> ~ <label type="Job Specific Skills">Parent Communication &amp; Involvement</label>    \xe2\x80\x9cMrs. Smiths workshops were excellent.  They provided me with the resources and  confidence I needed to help my child.\xe2\x80\x9d   Karen M., Parent    EDUCATION &amp; CREDENTIALS    <label type="Degree">Master of Education in Elementary Education</label>  <label type="College Name">West Chester University</label>, <label type="Location">West Chester, PA</label>, <label type="Graduation Year">2006</label>  <label type="Degree">Bachelor of Education in Social Sciences</label>  <label type="College Name">West Chester University</label>, <label type="Location">West Chester, PA</label>, <label type="Graduation Year">2000</label>    \xe2\x80\x9cMrs. Smith is a very creative and collaborative  leader who has provided our district with  exceptional support and programs, ensuring  success for all teachers and students.\xe2\x80\x9d   Dean Quinton, Principal    <label type="Degree">Pennsylvania Teaching Certification</label>    TEACHING EXPERIENCE    <label type="Companies worked at">ABC SCHOOL DISTRICT</label>  <label type="Location">WEST CHESTER, PA</label>    <label type="Years of Experience">2014  2016</label>    <label type="Designation">Education Consultant</label>    Designed programs for in-service education of teaching personnel. Conferred with federal, state, and local school  officials to develop curricula and establish guidelines for educational programs. Led workshops, committees, and  conferences focusing on the intellectual, social, and physical welfare of students. Prepared manuals, guidelines,  and reports on state educational policies and practices for distribution to school districts.      Designed and presented comprehensive workshops for parents: Transitioning Between Grade Levels,  Preparing Your Children for Middle School, and Education in the Home.        Collaborated with educators to create effective <label type="Job Specific Skills">instructional materials</label>, <label type="Job Specific Skills">teaching aids</label>, and other related  equipment to assist all types and levels of learners.        Performed continual <label type="Soft Skills">research</label> on <label type="Job Specific Skills">state-of-the-art teaching techniques</label>. Presented new methods to  instructors to help them enhance their skills.    <label type="Name">Trina Mosciski</label>    Page 2 of 2    <label type="Companies worked at">THE SCHOOL DISTRICT</label>  <label type="Location">PITTSBURGH, PA</label>    <label type="Years of Experience">2011  2014</label>    <label type="Designation">Education Consultant</label>  Planned and coordinated educational policies for elementary grades. Provided additional consultation in reading  and writing. Researched age-appropriate literature and designed programs to effectively incorporate and instruct  it. Conferred with professional groups to disseminate and receive input on best practices.  Identified district-wide curriculum issues specific to special needs learners. Hired specialists and facilitated  workshops for special education teachers to eliminate issues.        Trained educators and administrators in new state policies, ensuring appropriate implementation and  compliance.        Created alterative and authentic assessments to help teachers gain a better understanding of students  needs, as well as adapt teaching methods to drive instruction.    A+  re R  su e  s  m u  es m  e  -fo s  r-t for  ea T  ch ea  er ch  s. er  co s  m        <label type="Companies worked at">ABC ELEMENTARY SCHOOL</label>  <label type="Location">PITTSBURGH, PA</label>    <label type="Years of Experience">2000  2011</label>    <label type="Designation">Fifth Grade Teacher</label> (<label type="Years of Experience">2006-2011</label>)    Taught an academically and socially diverse group of fifth grade students. Maintained a well-behaved and focused  learning environment at all times.      Implemented Fountas and Pinnell reading program to help all students jump a minimum of one reading  level by year end.        Utilized math manipulatives, engaging computer programs and websites, and provided individualized  instruction to help significantly boost childrens math scores.    <label type="Designation">Third Grade Teacher</label> (<label type="Years of Experience">2000-2006</label>)    Instructed a diverse group of children including students with special needs and ESL learners. Cultivated a  positive rapport with all students, ensuring they felt safe, confident, and motivated to learn.      Pioneered a new technological program that actively engaged students and sparked their interest.        Hosted an after-school peer support program, which focused on students helping one another with their  studies, as well as tackling social problems and making new friends.    PROFESSIONAL DEVELOPMENT  <label type="Soft Skills">CPR</label> <label type="Soft Skills">First Aid</label>, Current    Special Education, 2015    Early Childhood Development, 2015    Assessments for English Language Learners, 2014  Challenging Gifted and Talented Learners, 2013  Engaging Parents and Families, 2013    PROFESSIONAL AFFILIATIONS    Higher Education Consultants Association, Present    COMMUNITY INVOLVEMENT  Volunteer, Soup Kitchen, 2009-Present    Volunteer, Habitat for Humanity, 2009-2014"
</cv>
