<?xml version="1.0" encoding="UTF-8"?>
<cv>
"<label type="Name">Stevie Lehner</label>  62 San Leandro Street | <label type="Location">Oakland, CA</label> 58520 | (123)345-7890 | <label type="Email Address">Bryce69@rt.co</label>    <label type="Designation">BUSINESS TEACHER</label>  Performance Summary: Top performing <label type="Designation">Business Teacher</label> with over <label type="Years of Experience">6 years</label> of successful experience in teaching  concepts of <label type="Job Specific Skills">business</label> and <label type="Job Specific Skills">economics</label> to students. A passionate individual who has an <label type="Soft Skills">open mind</label> and an ability to engage  students by encouraging them to ask questions.    \xe2\x80\xa2 Highly experienced in <label type="Job Specific Skills">preparing and delivering lectures</label> on topics such as principles of <label type="Job Specific Skills">marketing</label> and <label type="Job Specific Skills">business  operations</label>  \xe2\x80\xa2 Hands-on experience in improving students comprehension of <label type="Job Specific Skills">business practices</label> through research and practical  exposure  \xe2\x80\xa2 Adept at writing grant proposals to gain funding for further research in business  \xe2\x80\xa2 Exceptionally well-versed in creating projects to enhance lectures and build upon concepts already taught in class  TEACHING SKILLS    \xe2\x80\xa2 <label type="Job Specific Skills">Curriculum Development</label>  \xe2\x80\xa2 <label type="Job Specific Skills">One-on-One Assistance</label>  \xe2\x80\xa2 <label type="Job Specific Skills">Discussion Facilitation</label>  \xe2\x80\xa2 <label type="Job Specific Skills">Classroom Practices</label>    \xe2\x80\xa2 <label type="Job Specific Skills">Student Assessment </label> \xe2\x80\xa2 <label type="Job Specific Skills">Behavioral Management</label>  \xe2\x80\xa2 <label type="Job Specific Skills">Curricula Revision</label>  \xe2\x80\xa2 <label type="Job Specific Skills">Progress Maximization</label>    \xe2\x80\xa2 <label type="Job Specific Skills">Lesson Planning</label>  \xe2\x80\xa2 <label type="Job Specific Skills">Communication</label>  \xe2\x80\xa2 <label type="Job Specific Skills">Grading</label>  \xe2\x80\xa2 <label type="Job Specific Skills">Growth Monitoring</label>    KEY ACHIEVEMENTS  \xe2\x80\xa2 Created and implemented a one of its kind business curriculum which provided ease in incorporating revisions  \xe2\x80\xa2 Successfully incorporated detailed economics and finance sections in pure business education programs, providing  students with a better comprehension of the relationship  \xe2\x80\xa2 Responsible for ensuring that none of the 200 students taught in the last 4 years, obtained a grade lower than B  \xe2\x80\xa2 Singlehandedly prepared a set of 1500 visual aids to assist business students in comprehending complex questions  PROFESSIONAL EXPERIENCE  <label type="Designation">Business Teacher</label>  Some School, <label type="Location">Oakland, CA</label> | <label type="Years of Experience">6/2014  Present</label>    \xe2\x80\xa2 Create and implement core business studies curriculum in accordance to state and federal requirements  \xe2\x80\xa2 Build and implement lesson plans according to the set curriculum  \xe2\x80\xa2 Provide additional assistance for difficult to understand concepts  \xe2\x80\xa2 Provide students with insight into concepts of business, with special focus on marketing, management, HR and finance  \xe2\x80\xa2 Research for learning materials to assist in explaining complex business theories and ensure that they are relevantly  used in class  <label type="Designation">Business Teacher</label>  <label type="Companies worked at">DT Academy</label>, <label type="Location">Oakland, CA</label> | <label type="Years of Experience">6/2010  6/2014</label>    \xe2\x80\xa2 Instructed basic subject matters pertaining to business and economics  \xe2\x80\xa2 Created, maintained and updated records of students in a confidential manner  \xe2\x80\xa2 Established a standard of student behavior and monitored each student to ensure that standards are adhered to  \xe2\x80\xa2 Evaluated existing curricula and proposed changes to it in a bid to keep current with concepts and theories  <label type="Designation">Teacher Assistant</label>  <label type="Companies worked at">Oakland Business Schools</label>, <label type="Location">Oakland, CA</label>| <label type="Years of Experience">2/2009  5/2010</label>    \xe2\x80\xa2 Assisted the lead teacher in creating and implementing business lesson plans according to the curriculum  \xe2\x80\xa2 Provided support in handing out class and home assignments and checking and grading them  \xe2\x80\xa2 Ascertained that classroom behavior standards were maintained by monitoring students constantly    \xe2\x80\xa2 Maintained students attendance records and grades in predefined formats  \xe2\x80\xa2 Researched materials and created teaching aids to assist the lead teacher in imparting instruction  EDUCATION  <label type="Degree">Masters Degree in Business Studies</label>  <label type="Graduation Year">2009</label>  <label type="College Name">California State University</label>, <label type="Location">Oakland, CA</label>"
</cv>
