<?xml version="1.0" encoding="UTF-8"?>
<cv>
"<label type="Name">Allan Dominick Powlowski</label>  123 Main Street, Apt. 101  <label type="Location">New York, New York</label> 10001  Mobile: 123-345-7890  <label type="Email Address">xMohr@kkan.org</label>    OBJECTIVE  High school <label type="Designation">physical education teacher</label> and coach in the <label type="Location">Louisville</label> area.    SUMMARY          Experienced <label type="Designation">high school coach</label> who led team to a conference-winning season  Magna Cum Laude graduate with <label type="Degree">BS in Physical Education</label>  Coaching and officiating <label type="Degree">certification for both football and soccer</label>    EDUCATION  <label type="Degree">Bachelor of Science in Physical Education</label>, <label type="Graduation Year">May 2017</label>  <label type="College Name">Illinois State University</label>, <label type="Location">Normal, Illinois</label>  Graduated Magna Cum Laude with a GPA of 3.6 on a 4.0 scale  Courses included:  Student Teaching Practicum  <label type="Job Specific Skills">Coaching</label> <label type="Job Specific Skills">Team Sports</label>  Principles of Coaching  The Multicultural Classroom    <label type="Job Specific Skills">Physiology of Exercise </label>and <label type="Job Specific Skills">Kinesiology</label>  Conditioning and Skills Performance  Discipline and <label type="Job Specific Skills">Classroom Management</label>  Field Work in Coaching and Officiating    EXPERIENCE  <label type="Designation">Junior Varsity Football Coach</label>, <label type="Years of Experience">August 2016-December 2016</label>  <label type="Companies worked at">Bloomington North High School</label>, <label type="Location">Bloomington, Illinois</label>   Taught <label type="Job Specific Skills">football</label> fundamentals to freshmen and sophomores   Developed a new wishbone offense, which led the conference in scoring   Turned around 2-8 program to 7-3 record in just one year   Went on to win the year-end conference tournament, in spite of having lost our four best players to the  varsity team for post-season play  <label type="Designation">Assistant Soccer Coach</label>/Team Captain, <label type="Years of Experience">2016-2017</label>  <label type="College Name">Illinois State University</label>, <label type="Location">Normal, Illinois</label>   Varsity soccer player and starter as a forward for all four years of college   Served as <label type="Designation">Assistant Coach</label> and Team Captain during Senior year    ACTIVITIES          Varsity Team Member, Intercollegiate Football, <label type="College Name">Illinois State University</label>, 2014-2017  Second most points in team history (242),<label type="College Name"> Illinois State University</label> Football Team  Varsity Team Member, Intercollegiate Soccer, <label type="College Name">Illinois State University</label>  \xc2\xa92017 CollegeGrad LLC. All rights reserved. For personal, individual use only. Templates available for free download at CollegeGrad.com/resumes"
</cv>
