<?xml version="1.0" encoding="UTF-8"?>
<cv>
"Sample Entry Level Resume  Name  1118 N. Sunset Canyon Ave  <label type="Location">Huntington Beach, CA</label> 92648  (123)345-7890  OBJECTIVE  To utilize my Office Skills to contribute to the goals of an outstanding local company.  QUALIFICATIONS  \xe2\x99\xa6    Proficient in <label type="Tech Tools">MS Word</label>, <label type="Tech Tools">Excel</label> and <label type="Tech Tools">PowerPoint</label>    \xe2\x99\xa6    Great <label type="Soft Skills">team player</label>    \xe2\x99\xa6    Work and educational history of reliability and conscientiousness    EDUCATION  <label type="College Name">GOLDEN STATE COMMUNITY COLLEGE</label>, <label type="Location">Huntington Beach, CA</label>  <label type="Degree">Associate of Arts</label>, <label type="Graduation Year">December 2007</label>  \xe2\x80\xa2 <label type="Degree">Major: Consumer Economics</label>  \xe2\x80\xa2 Overall GPA: 3.26  WORK EXPERIENCE  <label type="Companies worked at">Enterprise Rent-a-Car</label>, <label type="Designation">Management Trainee Intern</label>, <label type="Location">Huntington Beach, GA</label>  <label type="Years of Experience">January 2006  December 2007</label>  \xe2\x80\xa2 Provided customers with excellent <label type="Soft Skills">customer service</label>  \xe2\x80\xa2 Helped increase the fleet average from ninety-five to one-hundred over a eight month period  \xe2\x80\xa2 Gained real-world experience while developing knowledge of the way a business is run  \xe2\x80\xa2 Continuously met and exceeded monthly goals  <label type="Companies worked at">Cheesecake Factory Restaurant</label>, <label type="Designation">Waiter</label>, <label type="Location">Huntington Beach, CA</label>  <label type="Years of Experience">Summer 2004</label>  \xe2\x80\xa2 Provided customers with prompt and courteous service  \xe2\x80\xa2 Gained valuable customer service skills and <label type="Job Specific Skills">up-selling techniques</label>  <label type="Companies worked at">Surf Shop</label>, <label type="Designation">Retail Sales Associate</label>, <label type="Location">Huntington Beach, CA</label>  <label type="Years of Experience">Summer 2001, Summer 2002</label>  \xe2\x80\xa2 Instructed children of all ages to perform acrobatic maneuvers  \xe2\x80\xa2 Served as a role model for the divers  LEADERSHIP EXPERIENCE  Golden State Athletics  \xe2\x80\xa2 Two Year Varsity Diving: 2 year captain  2004 Alumni Funds  \xe2\x80\xa2 Team lead on annual campus fundraising campaign  \xe2\x80\xa2 Broke all-time funds record by 20%  References Available Upon Request"
</cv>
