<?xml version="1.0" encoding="UTF-8"?>
<cv>
<label type="Name">Lupe Ankunding</label>
Have total work experience of <label type="Years of Experience">2.5 years</label> on <label type="Tech Tools">Oracle Fusion Middleware</label> -
<label type="Tech Tools">SOA</label>, <label type="Tech Tools">WebLogic</label> and <label type="Tech Tools">MFT</label> Module.

<label type="Location">Bilaspur, Chhattisgarh</label> - Email me on Indeed: <label type="Email Address">Malcolm45@gmail.com</label>

Seeking to hone and enhance my technical skills in <label type="Tech Tools">Oracle Fusion Middleware</label> while working as
a professional in challenging and goal oriented environment.

Willing to relocate to: <label type="Location">Bengaluru, Karnataka</label>

WORK EXPERIENCE

<label type="Designation">Technical Consultant</label>

<label type="Companies worked at">Oracle</label> -  <label type="Location">Bengaluru, Karnataka</label> -

<label type="Years of Experience">October 2015 to Present</label>

• Have total work <label type="Years of Experience">experience of 2.5 years</label> on <label type="Tech Tools">Oracle Fusion Middleware</label> - SOA, WebLogic and
MFT Module.

• Have extensively worked on <label type="Job Specific Skills">Support</label>, <label type="Job Specific Skills">Testing</label>, <label type="Job Specific Skills">Cloning</label>, Monitoring and Maintenance support
and Enhancement for the <label type="Job Specific Skills">E-Commerce</label> Project with multi system module.

• Have good understanding on <label type="Job Specific Skills">End-to-End Business Process</label>.

• Experience in developing and deploying <label type="Job Specific Skills">BPEL Processes</label> using technology adapters (DB
Adapter, File Adapter, FTP Adapter and JMS Adapter).

• Part of a team for developing a BPEL process to integrate Oracle Fusion Applications. This
Orchestrated BPEL Process had process activities like data conversion, transformation and fault
handling.

• Developed and deployed <label type="Job Specific Skills">BPEL processes</label> to import sales order and add lines to the sales order
imported from external sources (Files and Databases) into Order Orchestration Module.

• Worked on <label type="Job Specific Skills">BPEL process</label> to create sales order within Order Orchestration Module using SOAPUI
and Enterprise Manage.

• Have good understanding on Synchronous and Asynchronous processes, Transformations, XSD,
XSLT and XPath

• Installation of Middle tier application server (SOA Suite 11g), configuring and deploying
application adapters and integrating with other ERP or 3rd Party Services.

• Working with the client team and communicating with the business teams regarding integration
with external Delivery System.

https://www.indeed.com/r/lupe-ankunding
https://www.indeed.com/r/lupe-ankunding


• As an <label type="Designation">Oracle Technical Consultant</label> I was responsible for providing <label type="Job Specific Skills">End-to-End support</label> in the
project for <label type="Tech Tools">Oracle Fusion Middleware</label>.

• Good understanding of <label type="Job Specific Skills">Service Oriented Architecture (SOA)</label> with the middleware technologies
for application integration.

<label type="Designation">Technical Consultant</label>

Oracle

Have total work <label type="Years of Experience">experience of 2.5 years</label> on <label type="Tech Tools">Oracle Fusion Middleware</label> - SOA, WebLogic and MFT
Module.

EDUCATION

<label type="Degree">C.S</label>.

<label type="College Name">CHHATTISGARH SWAMI VIVEKANANDA TECHNICAL UNIVERSITY</label>

<label type="Graduation Year">2011 to 2015</label>

SKILLS

<label type="Tech Tools">Xml</label>, <label type="Tech Tools">Oracle MFT</label>, <label type="Tech Tools">Core Java,</label> <label type="Tech Tools">Oracle SOA</label>, WSDL, ODI

ADDITIONAL INFORMATION

TECHNICAL SKILL SET
ERP Packages <label type="Tech Tools">Oracle Fusion Middleware</label> and <label type="Tech Tools">Oracle Fusion Application</label> (DOO/GOP)
Fusion Middleware Modules <label type="Tech Tools">Oracle SOA</label>, MFT and <label type="Tech Tools">Web Logic (11G and 12C Version)</label>
Adapters Database, <label type="Tech Tools">JMS</label>, <label type="Tech Tools">FTP</label> and File
Tools <label type="Tech Tools">JDeveloper</label>, Enterprise Manager, Administrative Console, SOAP UI and BI Publisher
Programming Languages <label type="Tech Tools">XML</label>, <label type="Tech Tools">C++</label> and <label type="Tech Tools">Core Java</label>
<label type="Job Specific Skills">Databases</label> <label type="Tech Tools">SQL</label>
Operating System <label type="Tech Tools">Unix</label> and <label type="Tech Tools">Windows</label>

PROJECT DETAILS
Project Client HOLTS RENFREW
Role &amp; Duration Technical Consultant Oct-15
Scope of Project <label type="Tech Tools">Oracle Fusion Middleware 11G</label> and <label type="Tech Tools">Oracle Fusion Application</label> R12
Project Description
Holt Renfrew is 180 years old chain of high-end Canadian department stores specializing in an
array of luxury brands and designer boutiques.

Responsibilities
• Worked as Technical Consultant to the customer for the issues related to Oracle SOA (mainly
BPEL and Mediator Components).
• Providing daily Server Health Check for SOA and DOO/GOP (SCM) to the customer.
• Attending/Conducting weekly customer calls and providing an update about the progress of
the issues.



• Interacting with the Clients to understand the requirement and details of the issues and
providing suggestions/answers to their queries.
• Resolving technical issues and enhancement raised by the customer.
• Reviewing work products from the Team Members and delivering products to the client on time
with high quality.
• RCA for the Complex Issues in client's version of Oracle SOA and SCM.
• Partially worked on functional issues related to DOO/GOP - <label type="Job Specific Skills">Order Management</label> and <label type="Job Specific Skills">Inventory
Management</label>.
• Working effectively with Oracle Product Support for any issue related to Standard Functionality.

Project Client WHITBREAD PLC
Role &amp; Duration Technical Consultant SEPT-17
Scope of Project Oracle Fusion Middleware 12C and Oracle SAAS
Project Description
Whitbread PLC is the UK's largest hospitality company, owning Premier Inn and Costa Coffee, as
well as Beefeater, Brewers Fayre, and Bar Block.

Responsibilities
• Worked as <label type="Designation">Technical Consultant</label> to the customer for the issues related to Oracle SOA and MFT.
• Monitoring Critical Process and fixing the concurrent process running on SOA, MFT and ODI.
• Worked on developing and executing Integration <label type="Job Specific Skills">Regression Test </label>Script.
• Developing Application Understanding Documents for the Standard functionalities.
• Interacting with the Clients to understand the requirement and details of the issues and
providing suggestions/answers to their queries.
• Resolving technical issues and enhancement raised by the customer.
• Reviewing work products from the Team Members and delivering products to the client on time
with high quality.
• RCA for the Complex Issues in client's version of Oracle SOA and SCM.
• Working effectively with Oracle Product Support for any issue related to Standard Functionality.
• Co-ordinate internally with various teams, executives in providing the decisions to various
factors influencing the project implementation
</cv>
