<?xml version="1.0" encoding="UTF-8"?>
<cv>
"<label type="Designation">Educational Consultant</label> Resume  <label type="Name">Ardella Koelpin</label>  123 Main Street, <label type="Location">San Francisco, CA</label> 94122  Home: 123-345-7890 | Cell: 123-345-7890  <label type="Email Address">Mira.Herman@hotmail.com</label>  Professional Summary  al <label type="Designation">Consultant</label> who has successfully worked in <label type="Job Specific Skills">sales education</label> and <label type="Job Specific Skills">consulting</label>. Adept at understanding and  <label type="Job Specific Skills">demonstrating educational products</label> establishing a strong rapport with audience and introducing others to  educational innovations. Specializes in <label type="Job Specific Skills">innovative technology</label> and <label type="Job Specific Skills">large group education</label>.  Core Qualifications   Exceptionally strong <label type="Soft Skills">demonstration</label> and <label type="Soft Skills">presentation</label> skills   Excellent <label type="Soft Skills">communication</label> skills   Dedicated to helping people to enhance education   Strong <label type="Job Specific Skills">marketing</label> and <label type="Job Specific Skills">sales</label> abilities   Excellent <label type="Soft Skills">public speaking skills</label>   <label type="Soft Skills">Reliable</label> employee who never misses a deadline  Experience  <label type="Designation">Educational Consultant</label>  <label type="Years of Experience">4/1/2009 - 7/1/2014</label>  <label type="Companies worked at">Grander Education</label>  <label type="Location">New Parkland, CA</label>     Introduced new educational technology and procedures to educators at the high school and college levels.   Hosted several successful seminars that resulted in new clients and more revenue.   Often asked to demonstrate the latest educational products to high profile clients.    <label type="Designation">Educational Consultant</label>  <label type="Years of Experience">9/1/2004 - 4/1/2009</label>  <label type="Companies worked at">Higher Education</label>  <label type="Location">New Parkland, CA</label>     Responsible for finding new educational equipment and bringing into the organization to be used.   Worked closely with facility staff and students to introduce new <label type="Job Specific Skills">teaching technology</label> and methods.   Often asked to host seminars introducing the organization to new groups and bringing in more students.    <label type="Designation">Educational Consultant</label>  <label type="Years of Experience">6/1/1998 - 9/1/2004</label>  <label type="Companies worked at">The Education Place</label>  <label type="Location">New Parkland, CA</label>     Responsible for setting up appointments with educational customers and making presentations.   Was often part of a team that would go to trade shows to find new innovations and talk to potential customers.   Often asked to display the more complicated educational technology to new clients.    Education  <label type="Degree">Associate's Degree - Education</label>  <label type="Graduation Year">1998</label>  <label type="College Name">Galley Community College</label>  <label type="Location">New Parkland, CA</label>"
</cv>
