<?xml version="1.0" encoding="UTF-8"?>
<cv>
"Curriculum Vitae    <label type="Name">Lela Sheba Herzog</label>, ED.D.  7669 Chesterfield Road \xe2\x80\xa2 <label type="Location">Baltimore, MD</label> 21201  Home: 123-345-7890 \xe2\x80\xa2 Cell: 123-345-7890  Email: <label type="Email Address">Daugherty.Angelita@hotmail.com</label>    PROFESSIONAL PROFILE  \xe2\x80\xa2  \xe2\x80\xa2  \xe2\x80\xa2  \xe2\x80\xa2    Accomplished career demonstrating consistent success as an <label type="Designation">Administrator</label> and <label type="Designation">Educator</label> at the secondary and  higher education levels. Outstanding track record in assuring student success.  Seasoned in conceiving and building programs from the ground up through proven competencies in grant writing  and administration, <label type="Job Specific Skills">project and program management</label>, and <label type="Job Specific Skills">staff development</label> and <label type="Job Specific Skills">empowerment</label>.  Extensive background of developing and implementing special programs for at-risk and special needs students,  racially and ethnically diverse populations, and second-language learners.  Effective <label type="Soft Skills">communicator</label> with excellent <label type="Soft Skills">planning</label>, <label type="Soft Skills">organizational</label>, and <label type="Soft Skills">negotiation</label> strengths as well as the ability to  <label type="Soft Skills">lead</label>, <label type="Soft Skills">reach consensus</label>, establish goals, and attain results.    EDUCATION  \xe2\x80\xa2  \xe2\x80\xa2  \xe2\x80\xa2    <label type="Degree">Ed.D., Educational Finance and Policy</label>, <label type="College Name">The Catholic University of America</label>, <label type="Location">Washington, DC</label>, <label type="Graduation Year">1988</label>  DISSERTATION: An Analysis of the Program Cost and Intensity of Service of Public and Nonpublic Special Education in  Maryland  <label type="Degree">M.Ed., Educational Management and Supervision</label>, <label type="College Name">Loyola College</label>, <label type="College Name">School of Management and  Administration</label>, <label type="Location">Baltimore, MD</label>, <label type="Graduation Year">1978</label>  <label type="Degree">B.S., Elementary and Special Education</label>, <label type="College Name">Towson State University</label>, <label type="Location">Towson, MD</label>, <label type="Graduation Year">1976</label>    ACADEMIC HONORS AND AWARDS  \xe2\x80\xa2  \xe2\x80\xa2    Recipient, Graduate Assistantship Award, <label type="College Name">Loyola College</label>, 1977 to 1978  Graduated Magna Cum Laude, <label type="College Name">Towson State University</label>, 1976    ACADEMIC /TEACHING EXPERIENCE  <label type="Designation">Adjunct Associate Professor</label>, <label type="College Name">Goucher College</label>, <label type="Location">Baltimore, MD</label>, <label type="Years of Experience">1997 to Present</label>  \xe2\x80\xa2 Teach Educational Psychology, Foundations of American Education, and Classroom Management to classes  averaging 20 students. Supervise Student Teachers at Gettysburg Area High School.  <label type="Designation">Adjunct Instructor</label>, <label type="College Name">University of Maryland</label>, College Park, MD, <label type="Years of Experience">1997 to Present</label>  \xe2\x80\xa2 Teach Current Trends in Education, Students with Special Needs and Diverse Learning Styles, and Learning  Theory and Human Development to graduate students in class sizes averaging 20 students.  <label type="Designation">Senior Lecturer</label>, <label type="College Name">Coppin State University</label>, <label type="Location">Baltimore, MD</label>, <label type="Years of Experience">1991 to 1996</label>  \xe2\x80\xa2 Taught course on the Nature and Needs of Exceptional Children to classes of 25 to 30 undergraduate students.  <label type="Designation">Lecturer</label>, <label type="College Name">The Johns Hopkins University</label>, <label type="Location">Baltimore, MD</label>, <label type="Years of Experience">1984 to 1996</label>  \xe2\x80\xa2 Taught course on Adapting the Secondary Curriculum for Special Education Students to graduate students in  class sizes averaging 15 students.    Resume Contributed for Sample Purposes Only    Written by \xc2\xa9AResumeWizard.com    <label type="Name">Lela Sheba Herzog</label> \xe2\x8e\xaf page two    COURSES TAUGHT  Undergraduate  \xe2\x80\xa2 Nature and Needs of Exceptional Children  \xe2\x80\xa2 Educational Psychology  \xe2\x80\xa2 Foundations of American Education  \xe2\x80\xa2 Classroom Management    Graduate  \xe2\x80\xa2 Adapting the Secondary Curriculum for Special  Education Students  \xe2\x80\xa2 Students with Special Needs/Diverse Learning Styles  \xe2\x80\xa2 Learning Theory and Human Development  \xe2\x80\xa2 Current Trends in Education    HIGHLIGHTS OF PROFESSIONAL EXPERIENCE  <label type="Designation">Principal</label>, Bethesda-Chevy Chase High School, <label type="Companies worked at">Montgomery County Public Schools</label>, <label type="Location">Bethesda, MD</label>, <label type="Years of Experience">1995 to Present</label>  \xe2\x80\xa2 Principal for 1,200-student high school serving grades 9-12. Direct all aspects of school operations, including  instructional leadership, grant writing and management, program planning and implementation, staff selection and  evaluation, student placement and discipline, school finance, and plant supervision.  \xe2\x80\xa2 Administer a $500,000 annual operating budget and supervise 130 professional and classified staff members.  \xe2\x80\xa2 Chair Gettysburg Area High School Diversity Committee; built strong ties with the minority community to create  a climate of acceptance for minorities where all students feel accepted.  \xe2\x80\xa2 Procured and administered $300,000 grant for Classrooms for the Future, and $400,000 grant for Project 720  (high school reform initiative) over a 4-year period through the Pennsylvania Department of Education.  \xe2\x80\xa2 Achieved measurable success with at-risk students through the development of an alternative education program  and ninth grade teams for at-risk freshman as well as implementation of Project 720.  \xe2\x80\xa2 Developed, proposed, and implemented block scheduling, JROTC, and student advisory programs.  \xe2\x80\xa2 Consistently meet/exceed Annual Yearly Progress goals set forth by the No Child Left Behind Act.  \xe2\x80\xa2 Involved in all aspects of $40 million high school construction project as well as relocation of students and staff  members into the new facility.  <label type="Designation">Principal</label>, Montgomery Blair High School; <label type="Companies worked at">Montgomery County Public Schools</label>, <label type="Location">Silver Spring, MD</label>, <label type="Years of Experience">1991 to 1995</label>  \xe2\x80\xa2 Principal for 1,000-student high school serving grades 9-12. Managed program development and evaluation,  curriculum and instruction, teacher training, and district responsibilities. Served as Special Education Coordinator.  \xe2\x80\xa2 Administered a $100,000 annual operating budget and supervised 100 professional and classified staff members.  \xe2\x80\xa2 Implemented an alternative education program; created a climate conducive to academic achievement by reducing  class sizes. Program resulted in a 70% success rate among at-risk youth.  \xe2\x80\xa2 Served on a task force that was instrumental in defining the relationship between Washington County Public  Schools and local law enforcement agencies.  \xe2\x80\xa2 Organized and directed annual Teacher Expectations and Student Achievement (TESA) workshop for faculty.  \xe2\x80\xa2 Achieved numerous citations from Washington County for improved school attendance.  <label type="Designation">Assistant Principal</label>, Walt Whitman High School; <label type="Companies worked at">Baltimore County Public Schools</label>, <label type="Location">Baltimore, MD</label>, <label type="Years of Experience">1988 to 1991</label>  \xe2\x80\xa2 Assistant Principal for 2,000-student high school serving grades 9-12. Primary responsibilities included student  discipline, attendance, instructional supervision, and staff evaluation.  \xe2\x80\xa2 Administered a $300,000 annual operating budget and supervised 150 professional and classified staff members.  \xe2\x80\xa2 Instrumental in the development and implementation of the Saturday School for Disruptive Students program.  \xe2\x80\xa2 Received accolades from teachers for enhancing the success of ninth grade students through the creation of  alternative education program and coordination of ninth grade teams.    Resume Contributed for Sample Purposes Only    Written by \xc2\xa9AResumeWizard.com    <label type="Name">Lela Sheba Herzog</label> \xe2\x8e\xaf page three  Principal/<label type="Designation">Assistant Principal</label>, <label type="Companies worked at">Calvert School</label>, <label type="Location">Baltimore, MD</label>, <label type="Years of Experience">1980 to 1988</label>  \xe2\x80\xa2 Assisted in successfully transformed private education institution on the brink of closing its doors into a major  provider of special education services for emotionally disturbed and learning disabled students.  \xe2\x80\xa2 Hired staff, developed and administered budget, coordinated educational and clinical services, supervised students  and activities, selected and assigned staff in-service programs, and astutely observed staff performance.  \xe2\x80\xa2 Garnered support from Maryland Association of Nonpublic Special Education Facilities on dissertation that  confirmed it was less expensive to pursue quality special education services in the private sector.    EARLY CAREER  \xe2\x80\xa2  \xe2\x80\xa2  \xe2\x80\xa2    Learning Problems Resource <label type="Designation">Teacher</label>, Chesapeake High School, <label type="Location">Baltimore, MD</label>, <label type="Years of Experience">1976 to 1980</label>  <label type="Designation">Fourth Grade Teacher</label>, <label type="Companies worked at">General Wolfe Elementary School</label>, <label type="Location">Baltimore, MD</label>, <label type="Years of Experience">1976</label>  <label type="Designation">Special Education Teacher</label>, <label type="Companies worked at">John Eager Howard</label>, <label type="Location">Baltimore, MD</label>, <label type="Years of Experience">1976</label>    PRESENTATIONS  \xe2\x80\xa2  \xe2\x80\xa2  \xe2\x80\xa2    Woods, Daniel, A. (1990), \xe2\x80\x9cStaff Development for Mid-Career Faculty.\xe2\x80\x9d Presented at the Maryland Association  of Secondary School Principals and Assistant Principals annual conference, Columbia, MD.  Woods, Daniel, A. (1989), \xe2\x80\x9cYouth Suicide Prevention.\xe2\x80\x9d Presented to Carroll County Public School Special  Education Teachers in Inservice Day, New Windsor, MD.  Woods, Daniel, A. (1984), \xe2\x80\x9cCreating Effective Schools,\xe2\x80\x9d seminar at the Maryland Association of Nonpublic  Special Education Facilities Inservice Conference, Columbia, MD.    PROFESSIONAL AFFILIATIONS  \xe2\x80\xa2  \xe2\x80\xa2  \xe2\x80\xa2  \xe2\x80\xa2  \xe2\x80\xa2  \xe2\x80\xa2  \xe2\x80\xa2  \xe2\x80\xa2  \xe2\x80\xa2  \xe2\x80\xa2  \xe2\x80\xa2    Advisory Board Member, No Child Left Behind (NCLB) Task Force, The Maryland Association of Elementary  and Secondary School Principals (MAESSP), 2007  Member, Nominations Committee, The Maryland Association of Elementary and Secondary School Principals  (MAESSP), 2005 to 2008  Chairman, Diversity Committee, Baltimore Area School District, 2005 to 2008  Executive Board Member, Maryland Association of Secondary School Principals (MASSP), 1991 to 1995  Executive Board Member, Maryland Public Secondary Schools Athletic Association (MPSSAA), 1991 to 1995  Chairman, Legislative Committee, Maryland Association of Secondary School Principals, (MASSP), 1991 to 1995  President, Association of Public School Administrators and Supervisors of Carroll County (APSASCCO), 1995  Chairman, Spring Conference Committee, Maryland Association of Secondary School Principals, (MASSP), 1994  Member, Visiting Committee, Middle States Evaluation of Northeastern High School, 1989  Chairperson, Conference Committee, Maryland Association of Nonpublic Special Education Facilities  (MANSEF), 1988  Chairperson, Department of Special Services, Carroll County Public Schools, 1980    PROFESSIONAL DEVELOPMENT  Certifications    Resume Contributed for Sample Purposes Only    Written by \xc2\xa9AResumeWizard.com    <label type="Name">Lela Sheba Herzog</label> \xe2\x8e\xaf page four  \xe2\x80\xa2  \xe2\x80\xa2    Maryland Letter of Eligibility for Superintendent, Assistant Superintendent, Director, Assistant Director,  Principal, Assistant Principal, 1987  Trained Assessor, Assessment Center Program, National Association of Secondary School Principals, 1995    Conferences  \xe2\x80\xa2  \xe2\x80\xa2    National Association of Secondary School Principals (NASSP) Annual Conference, Atlanta GA; Orlando, FL; San  Diego, CA; San Francisco, CA; Reno NV; Las Vegas, NV; 2002 to 2007  Maryland Department of Education Seminars: Project 720, Baltimore, MD 2004; Classrooms for the Future,  Baltimore, MD, 2007    Workshops  \xe2\x80\xa2  \xe2\x80\xa2  \xe2\x80\xa2    Institute for Instructional Leadership and Human Relations, Maryland Professional Development Academy, 1989  and 1990  Student Assistance Program Training, Maryland State Department of Education, 1988  Institute for Teacher Effectiveness, Maryland Professional Development Academy, 1987 and 1988    COMMUNITY SERVICE  \xe2\x80\xa2  \xe2\x80\xa2  \xe2\x80\xa2    Board Member, Communities that Care, Baltimore, MD, 2005 to 2007  Member, Baltimore County Task Force, Baltimore, MD, 2005 to 2006  Board Member, Baltimore Community Athletic League, Baltimore, MD, 1991 to 1995    Resume Contributed for Sample Purposes Only    Written by \xc2\xa9AResumeWizard.com"
</cv>
