<?xml version="1.0" encoding="UTF-8"?>
<cv>
"SPECIAL EDUCATION RESUME    <label type="Name">Gregorio Reatha Roob</label>  114 Lowell Street  \t  <label type="Location">San Francisco, CA</label> 94111  \t  123-345-7890  \t  <label type="Email Address">Johnson.Irish@hotmail.com</label>  \t  OBJECTIVE:\t\t    Teach 1-4, in either a moderate special needs or regular classroom    EDUCATION:\t\t    <label type="Degree">M.A. in Moderate Special Needs</label>  <label type="College Name">San Francisco State University</label>, May 20xx  <label type="Degree">BA in Elementary Education</label>  <label type="College Name">San Francisco State University</label>, <label type="Graduation Year">May 1993</label>    CREDENTIAL:\t\t    <label type="Degree">Moderate Special Needs</label>, <label type="Degree">California  General Elementary</label>, <label type="Degree">K-8</label>, <label type="Location">California</label>    EXPERIENCE:  <label type="Designation">Teacher</label> (1st &amp; 3rd Grade), San Francisco, <label type="Companies worked at">San Francisco Unified School District</label>, 20xx-Present  \xe2\x80\xa2\t Developed &amp; implemented 2 curricula: A Self Awareness Program &amp; a Moderate Linguistic  Program  \xe2\x80\xa2\t Developed &amp; led workshop for teachers to make games, bulletin board learning centers, &amp;  other manipulatives  \xe2\x80\xa2 ?  Supervised &amp; evaluated 9 student teachers  \xe2\x80\xa2\t Selected to be on the Research &amp; Development Committee chaired by the Assistant  \t  Superintendent  \t  \xe2\x80\xa2 Planned &amp; organized a United Nations Program for entire school  \xe2\x80\xa2 Completed 21 in-service course (73 units), including ESL workshop &amp; 2 courses in Logo  \xe2\x80\xa2 Worked on a guide for teachers of ESL students  <label type="Designation">Teacher</label> (1-8 Grade), San Francisco, <label type="Companies worked at">San Francisco Unified School District</label>, <label type="Years of Experience">Summer 2002</label>  \xe2\x80\xa2 <label type="Job Specific Skills">Tutored learning handicapped student</label>  \xe2\x80\xa2 <label type="Job Specific Skills">Developed &amp; implemented a language course</label> for the enrichment program  \xe2\x80\xa2 <label type="Designation">Teacher</label>, Summer School, Grades 1-8, <label type="Location">Andover, Massachusetts</label>  \xe2\x80\xa2 ?  Tutored learning handicapped students  \xe2\x80\xa2 ?  Developed &amp; implemented a language course for the enrichment program  <label type="Soft Skills">LEADERSHIP</label>:  \xe2\x80\xa2 Team representative to the Staff Council  \xe2\x80\xa2 P.T.O. Board Member  \xe2\x80\xa2 Advisor to student council  ASSOCIATIONS: California Teacher Association  REFERENCES AVAILABLE UPON REQUEST    <label type="College Name">San Francisco State University</label> \xe2\x80\xa2 Student Involvement &amp; Career Center  1600 Holloway Ave, Student Services Building 206, <label type="Location">San Francisco CA</label> 94132  Tel: 123/345-7890 \xe2\x80\xa2 Fax: 123/345-7890 \xe2\x80\xa2 <label type="Email Address">Johnson.Irish@hotmail.com</label> \xe2\x80\xa2 www.sfsu.edu/~sicc"
</cv>
