<?xml version="1.0" encoding="UTF-8"?>
<cv>
"<label type="Degree">Master of Science in Special Education</label>    <label type="Graduation Year">May 2006</label>    <label type="College Name">Johns Hopkins University</label>, <label type="Location">Baltimore, Maryland</label>  <label type="Degree">Master of Education in Vocational Rehabilitation Counseling</label>  <label type="Degree">Master of Arts in Vocational Evaluation</label>  <label type="College Name">Columbia University</label>, <label type="Location">New York, New York</label>  <label type="Degree">Bachelor of Arts in Social and Behavioral Sciences</label>  <label type="College Name">Johns Hopkins University</label>, <label type="Location">Baltimore, Maryland</label>    PROFESSIONAL EXPERIENCE    Ellicott Mills High School, <label type="Companies worked at">Anne Arundel County Public Schools</label>, MD    <label type="Years of Experience">2008present</label>    <label type="Designation">Special Education Teacher</label> (Learning for Independence Program)  \xef\x82\x95  Adapt high school curriculum to teach Basic Skills English, Basic Skills Mathematics, Biology, and Social  Studies to students with Intellectual Disabilities  \xef\x82\x95    Develop adapted curriculum testing materials, implement, and compile portfolios for Alternative Maryland    State Assessment (Alt-MSA)  \xef\x82\x95  Collaborate with general education teachers to ensure that materials taught align with Montgomery County  Public School Curriculums and Voluntary State Curriculum  \xef\x82\x95    Work with students individually and in groups to promote full academic functioning    \xef\x82\x95    Design specialized program of Computer Applications that enable students to improve literacy, and gain    knowledge and independence by researching community resources  \xef\x82\x95  Integrate interactive technology into classroom  \xef\x82\x95    Provide job coaching to students using task analysis and applied behavioral programming strategies    \xef\x82\x95    Collaborate with students, parents, special education teachers, para educators, and administrators to help    students prepare to become independently functioning adults  Extended Year, <label type="Companies worked at">Baltimore County Public Schools</label>, MD    <label type="Years of Experience">July 2008, July 2009</label>    <label type="Designation">Special Education Teacher</label> (School Community Based Program, High School)  \xef\x82\x95    Implemented instruction focusing on skills maintenance    Walter Johnson High School, <label type="Companies worked at">Baltimore County Public Schools</label>, MD    <label type="Years of Experience">2005-2008</label>    <label type="Designation">Special Education Teacher</label> (School Community Based Program)  \xef\x82\x95  Adapted High School Biology Curriculum for use with Alt-MSA; published and utilized with students  throughout Montgomery County Public Schools  \xef\x82\x95    Integrated use of <label type="Job Specific Skills">augmentative communication devices</label> into classroom and community environments    \xef\x82\x95    Incorporated <label type="Job Specific Skills">assistive technology</label> in classroom though use of <label type="Job Specific Skills">Picture Communication Symbols (PCS)</label>,    visual strategies, streaming videos, <label type="Tech Tools">PowerPoint</label>, and Intellitools  \xef\x82\x95  Developed specialized program of Community Based Instruction that enabled students to apply in authentic  learning settings information taught in health and nutrition classes  \xef\x82\x95    Taught students to advocate for themselves as they moved toward academic, social, and career goals"
</cv>
