<?xml version="1.0" encoding="UTF-8"?>
<cv>
"<label type="Name">Jesse Ziemann</label>  1515 Stanley Drive #62  <label type="Location">Hometown, KS</label> 66202  <label type="Email Address">Jesse.Raynor@gmail.com</label>  (123)345-7890  RESUME PROFILE  Outstanding student with experience in <label type="Job Specific Skills">print and online journalism</label> seeks opportunity to learn by doing while  working with a communications, public relations, or publishing firm through a part-time job or summer internship.  EDUCATION  Completed three years at Hometown High School.  Graduation date: May 2013.  G.P.A. 3.85. Top 5% of class.  EXPERIENCE  <label type="Designation">Newspaper Staff Member</label>, Hometown High School        <label type="Years of Experience">Aug 2012 - present</label>. Features editor of campus newspaper, responsible for award-winning design.  Aug 2009 - Aug 2012. Researched information for news articles using library and Web sources. Composed  and edited informational articles, columns, editorials, and advertising copy.    <label type="Designation">Yearbook Committee Member</label>, Hometown High School        <label type="Years of Experience">Aug 2012 - present</label>. Editor-in-chief of yearbook staff. <label type="Soft Skills">Leader</label> of <label type="Job Specific Skills">design and publication</label> teams from initial  layout through finished product.  <label type="Years of Experience">Aug 2009 - Aug 2012</label>. <label type="Designation">Yearbook staff member</label>. Experience taking <label type="Job Specific Skills">photographs</label>, <label type="Job Specific Skills">designing layout</label>, and  writing captions and sidebars.    RELEVANT HIGH SCHOOL STUDIES  <label type="Job Specific Skills">Technical writing</label>; <label type="Job Specific Skills">advanced composition</label>; <label type="Job Specific Skills">debate</label>; <label type="Job Specific Skills">video production</label>; computer classes providing knowledge of word  processing, desktop publishing, and Web software.  HONORS, AWARDS, AND MEMBERSHIPS                U.S. Media Association Scholarship recipient  Scholarship based on academic achievement, community service, and campus participation and <label type="Soft Skills">leadership</label>  in high school communications projects and studies.  2011 Best High School Newspaper Design winner  Central State Regional Communications Contest, sponsored by the Communications Department, State  University.  President of high school chapter of Future Communicators of America (FCA), 2011 - present  Member, 2010 - present.  <label type="Designation">Treasurer</label> of <label type="Companies worked at">National Honor Society</label>, <label type="Years of Experience">2011 - present</label>"
</cv>
