<?xml version="1.0" encoding="UTF-8"?>
<cv>
"<label type="Designation">Medical Assistant</label>  123-345-7890    <label type="Email Address">Dotty34@hotmail.com</label>    <label type="Location">Seattle, WA</label>    OBJECTIVE  Seeking a <label type="Designation">Medical Assistant</label> position  SUMMARY OF QUALIFICATIONS              <label type="Soft Skills">Dedicated</label> and <label type="Soft Skills">responsible</label> <label type="Designation">Medical Assistant</label> with skills and experience in both  <label type="Soft Skills">Highly adaptive</label>, flexible style; efficiently and competently work with diverse  patient populations.  Strengths: Highly <label type="Soft Skills">self-motivated</label>. Able to determine priorities and meet  deadlines.  Committed to assisting others, and work well in a <label type="Soft Skills">team environment</label>.  Sensitive to patients emotional, social and mental health needs.    WORK EXPERIENCE  <label type="Designation">Medical Assistant</label>/<label type="Job Specific Skills">Dermatology</label>  <label type="Companies worked at">Seattle Dermatology Center</label>  <label type="Years of Experience">2006-2009</label>   Responsibilities; twice per month travel to <label type="Location">Juneau, Alaska</label> for clinic. Provided  <label type="Job Specific Skills">biopsy care</label>, deposited culture specimens in the lab, prepared operative reports,  did <label type="Job Specific Skills">cosmetic procedures</label> such as facial veins removal, facial cysts removal or  acne procedures.   Restocked rooms, cosmetic products, referred physician letters, autoclaving,  sclera therapy, skin and nails surgery, skin cancers screening, giving patients  their results, dermatology reports, shaved, punched, excision and removal of  moles and growth, suture removal, and micro-dermabrasion.   Handled multi-line phones and did patient triage, Acutance history, pregnancy  tests, and blood pressure.   Prepared botox and collagen, laser facial resurfacing, and peels.   Sold cosmetic products and educated the patients about the different types of  glycolic acids and sunscreens.  <label type="Designation">Office Manager</label>/<label type="Designation">Medical Assistant</label>  <label type="Job Specific Skills">Urology</label>  <label type="Years of Experience">2003-2005</label>        <label type="Name">Oscar Bins</label>, <label type="Degree">M.D.</label>, American Board of    Managed front office, billing, prepare patients for <label type="Job Specific Skills">full body exam</label> plus take their  history.  Procedures, male and female adult urology, pediatric urology, disease of  prostate, urinary incontinence, bladder dysfunctions vasectomy and reversal,  impotence/infertility, cancer treatment, kidney stone disease.        Multi-line phones triage.    <label type="Designation">Medical Assistant</label>  <label type="Companies worked at">The Downtown Clinic</label>, <label type="Companies worked at">Medical Dental  Building</label>  <label type="Years of Experience">2001-2002</label>   Prepared patients for full body exam, took their history, conducted <label type="Job Specific Skills">EKGs</label>,  performed blood draws and pregnancy tests.   Handled multi-line phone system, filed medical records, scheduled  appointments, and patient triage.  CERTIFICATION  <label type="Degree">Medical Assistant Certification</label> for the State of Washington  <label type="Graduation Year">2001</label>  <label type="College Name">North Seattle Community College</label>"
</cv>
