<?xml version="1.0" encoding="UTF-8"?>
<cv>
"<label type="Designation">Entry-Level Business Analyst</label> - SAMPLE RESUME/ADVICE  (Created by Zippia)    Email: xxxxx    Location: Based in <label type="Location">Durham, NC</label>    [Given how little there is in the rest of this resume, just think about what youve already included and think about what would be the best to  emphasize in this introductory summary. Without much experience, youll want to emphasize the knowledge and qualities\xe2\x80\x8b that you \xe2\x80\x8bdo have,  while simultaneously proving to any potential employers that youre trainable enough to be worth the investment. With the information Ive made  up below, a summary might look like this:]  Currently employed as a <label type="Designation">Business Analyst Intern</label> at <label type="Companies worked at">Walrus Systems</label>. Knowledgeable of <label type="Job Specific Skills">business logic</label> of <label type="Tech Tools">Abernathy Systems</label>. Experienced with  <label type="Tech Tools">MS programs</label>, <label type="Tech Tools">Photoshop</label>, and <label type="Tech Tools">ArcGIS</label> systems; know basic <label type="Tech Tools">HTML</label> and <label type="Tech Tools">CIS</label>. Studied <label type="Degree">business administration</label> and began networking with  individuals in <label type="Location">Osaka, Japan</label>, during study abroad. Previous <label type="Soft Skills">leadership</label> experience at Raleigh Performing Arts Center. <label type="Soft Skills">Aggressive</label> individual with  basic knowledge of the industry, <label type="Soft Skills">quick learner</label>.    Work Experience    <label type="Designation">Business Analysis Intern</label>  A<label type="Companies worked at">BERNATHY SYSTEMS, INC.</label>  -    <label type="Location">Durham, NC</label>    <label type="Years of Experience">December 2016 to Present</label>  \xe2\x80\xa2 Responsible for execution and management of <label type="Job Specific Skills">research data</label> for specified topic.  \xe2\x80\xa2 Aided the organization in collecting various forms of data  \xe2\x80\xa2 [For this particular example, it would be good if you could think of a particular instance you can point to where specific work you did benefited  the company at large; maybe you increased sales by carefully observing customers and recommending appropriate policy changes, which went on  to be implemented by the company? If not, keep thinking of specific things you can mention that would make you look more experienced or  capable.]    <label type="Designation">Volunteer</label>/<label type="Designation">Intern</label>  <label type="Companies worked at">RALEIGH PERFORMING ARTS CENTER</label>  -    <label type="Location">Raleigh, NC</label>    <label type="Years of Experience">April 2015 to November 2015</label>  \xe2\x80\xa2 Responsible for curriculum development and execution.  \xe2\x80\xa2 Aided the organization's fundraiser initiatives.  \xe2\x80\xa2 Worked with children ages 5-12.    Education    <label type="Degree">Bachelor of Arts    : Business Administration</label>    <label type="College Name">UNC Asheville</label>    <label type="Location">Asheville, NC</label>    GPA: 3.95  May 2016    Additional Information    Skills:  \xe2\x80\xa2 Experienced with <label type="Tech Tools">MS Word</label>, <label type="Tech Tools">Excel</label>, <label type="Tech Tools">Powerpoint</label>, and <label type="Tech Tools">Outlook</label>. Experienced with <label type="Tech Tools">Photoshop</label> and <label type="Job Specific Skills">marketing techniques</label>. Experienced with  <label type="Tech Tools">ArcGIS</label> programs. Knowledge of <label type="Job Specific Skills">POS systems </label> \xe2\x80\xa2 Language: Native <label type="Soft Skills">English</label>; Basic <label type="Soft Skills">French</label> and <label type="Soft Skills">Japanese</label>  \xe2\x80\xa2 Travelled to 15 countries and lived in 4 (<label type="Location">US</label>, <label type="Location">France</label>, <label type="Location">Japan</label> &amp; <label type="Location">China</label>) during eight months  \xe2\x80\xa2 Quick learner  \xe2\x80\xa2 Understand Basic <label type="Tech Tools">HTML</label>, Basic <label type="Tech Tools">CSS</label>"
</cv>
