<?xml version="1.0" encoding="UTF-8"?>
<cv>
"Example of a Resume    PERSONAL DETAILS  Name:  Date of Birth:  Address:  Telephone:  Marital Status:    <label type="Name">Trevor Keeling</label> PROSPER  22 August 1990  300 Geogiades Street, <label type="Location">GREENACRE Vic</label> 3999  9999 1111 Mobile: 0000 333 777 Email:  (optional) Single    EDUCATIONAL BACKGROUND  Tertiary:    <label type="Graduation Year">2011-2014</label> <label type="College Name">Australian Catholic University</label>, <label type="Location">Melbourne</label> Campus, Fitzroy  Subjects studied for <label type="Degree">Bachelor of Education (Primary)</label>    <label type="Degree">Degree of Bachelor of Education (Primary)</label> to be conferred May <label type="Graduation Year">2015</label>  Secondary:    2004-2010 Castelton Hill Secondary college, Evanrodd. VCE subjects passed    DETAILS OF PROFESSIONAL EXPERIENCE PRACTICUM:  Placement 1: School:  Teacher:  Placement 2: School:  Teacher:  Placement 3: School:  Teacher:  Placement 4: School:  Teacher:    Address:  Address:  Address:  Address:    Grade:  Grade:  Grade:  Grade:    PARTICULAR COMPETENCIES GAINED:  DURING PROFESSIONAL EXPERIENCE:    Experience in planning and managing a multi-age classroom.  Participation in AusVELS inservice    EDUCATIONAL PHILOSOPHY:    A statement regarding personal belief and views on teaching    MEMBERSHIP OF PROFESSIONAL  ASSOCIATIONS:    2013- Editor of the Student Union\xc3\xa2\xe2\x82\xac\xe2\x84\xa2s quarterly publication    WORK EXPERIENCE/EMPLOYMENT  HISTORY:    <label type="Years of Experience">March 2009 - December 2012</label> <label type="Companies worked at">Colesworthy store</label> <label type="Designation">Sales Assistant</label>  <label type="Years of Experience">March 2012 - present</label> <label type="Companies worked at">Darrelbar Confectionary Store</label>    COMMUNITY &amp; LEISURE INTERESTS:    <label type="Designation">Secretary</label>, Greenacre Baseball Club    RELEVANT SKILLS:    Special Skills: <label type="Job Specific Skills">Advanced Computer skills</label>, play an instrument  Knowledge of Languages: Fluent in <label type="Soft Skills">French</label> (degree of fluency)    REFEREES:  Academic &amp; Professional:    Professor M Trabajdora, Faculty of Education  Australian Catholic University Ph: 9911 1122  Mr. B Noteworthy, <label type="Designation">Personnel Manager</label>,  Colesworthy Stores, St Kilda  Ph: 9334 4565    Personal:    Reverend U Know, 1 Knite Street, Euborn    Ph: 9122 1211"
</cv>
