<?xml version="1.0" encoding="UTF-8"?>
<cv>
<label type="Name">Scarlett McClure</label>
<label type="Designation">System Engineer</label> - <label type="Companies worked at">Infosys Limited</label>

<label type="Location">Mysore, Karnataka</label> - Email me on Indeed: <label type="Email Address">Donn.Koelpin@gmail.com</label>

• Having <label type="Years of Experience">2.0 Years of Experience</label> as a <label type="Designation">Software Developer</label> (<label type="Designation">System Engineer</label>) in the IT industry.
• Presently working as <label type="Designation">Senior System Engineer</label>.
• Functionally Good with Complete Order fulfillment's journey including Sales and service Cloud.
• Expertise in implementing <label type="Tech Tools">SQL</label>, <label type="Tech Tools">SOQL</label>, <label type="Tech Tools">SOSL</label>, <label type="Tech Tools">HTML</label>, <label type="Tech Tools">JavaScript</label>, <label type="Tech Tools">CSS</label>, <label type="Tech Tools">Salesforce</label> (APEX, VF pages,
others Components)
• Handling <label type="Job Specific Skills">Deployment to Production</label> Via <label type="Tech Tools">CI/ANT</label> <label type="Job Specific Skills">Migration Tools</label>.
• Good Implementation Knowledge of <label type="Tech Tools">Lighting</label>, Data Loader.
• Hands-on in <label type="Job Specific Skills">Marketing cloud</label>.
• Good Implementation Knowledge in <label type="Tech Tools">SOAP Web service</label>.
• Good Knowledge in <label type="Job Specific Skills">AGILE Methodology</label> and <label type="Tech Tools">JIRA</label> Tool.
• Certified as Platform developer-1.
• Currently working on <label type="Companies worked at">SALESFORCE</label>/<label type="Companies worked at">CLOUDSENSE</label> technology and pursuing SUPERBADGE in
APEX and LIGHTNING Concepts.

WORK EXPERIENCE

<label type="Designation">System Engineer</label>

<label type="Companies worked at">Infosys Limited</label> -

<label type="Years of Experience">January 2017 to Present</label>

Environment: <label type="Tech Tools">Salesforce</label>, <label type="Tech Tools">Cloud Sense</label>, <label type="Tech Tools">APEX</label>, <label type="Tech Tools">SOQL</label>, <label type="Tech Tools">GIT</label>, <label type="Tech Tools">Bit Bucket</label>, <label type="Job Specific Skills">AGILE</label>

Responsibilities:
• Interaction with the onshore team to understand the requirement as per clients and <label type="Job Specific Skills">functional
requirement</label> document.
• Preparation of solution document, component list and high level estimation of the tasks created
under sprints.
• Technical Refinement's for User stories.

Contributions:
• Developed and integrated the different modules developed by other team members.
• Wrote the <label type="Job Specific Skills">Tech specifications</label> document, Created Class diagrams and Flow Diagram using
functional requirement document.
• Developed and deployed Lightening components.
• Created Apex class, VF pages, Workflows, process builder, approval Process and other
components.
• Integration of Sales cloud with other third Party vendors.
• Designed Solution Documentations.
• Deployments to Production and other Intermediate environments.
• Support in SIT testing and production issues.

<label type="Designation">System Engineer</label>

https://www.indeed.com/r/scarlett-mcclure


<label type="Companies worked at">Infosys Limited</label> -  <label type="Location">Mysore, Karnataka</label> -

<label type="Years of Experience">June 2016 to Present</label>

EDUCATION

<label type="Degree">B.Tech</label> in <label type="College Name">EEE

National Institute Of Technology</label>

<label type="Graduation Year">2016</label>

St. John's School

2009

SKILLS

<label type="Tech Tools">Html</label>, <label type="Tech Tools">Css</label>, <label type="Tech Tools">Javascript</label>, <label type="Tech Tools">Salesforce</label>
</cv>
