<?xml version="1.0" encoding="UTF-8"?>
<cv>
"OBJECTIVE: Seeking a position as an <label type="Designation">Educational Assistant</label> with Montgomery County School System utilizing strong  dedication to educational development to assist students throughout session.  SUMMARY OF QUALIFICATIONS  \xe2\x80\xa2 Over 3 years experience working as an <label type="Designation">Educational Assistant</label>  \xe2\x80\xa2 Track record of <label type="Job Specific Skills">assisting teachers</label> in day to day teaching challenges  \xe2\x80\xa2 Highly skilled in formulating and promoting a <label type="Soft Skills">respectful</label> environment  \xe2\x80\xa2 Well versed in providing <label type="Job Specific Skills">assistance to students</label> with assignments and projects  \xe2\x80\xa2 Hands on experience in serving <label type="Job Specific Skills">students with disabilities</label>    SELECTED ACCOMPLISHMENTS  \xe2\x80\xa2 Achieved the 100% pass result of the students of ABC Institute (Class of 2011) by implementing writing skills and  techniques  \xe2\x80\xa2 Implemented goals, modifications, and adaptations for students  \xe2\x80\xa2 Effectively reinforced desired student behaviors as well as skills taught by teachers  \xe2\x80\xa2 Modeled in shaping <label type="Job Specific Skills">student behaviors</label>    WORK EXPERIENCE  <label type="Companies worked at">ABC Institute</label>  <label type="Location">Tucson, AZ</label> | <label type="Years of Experience">Mar 2011  Present</label>  <label type="Designation">Educational Assistant</label>  \xe2\x80\xa2 Assist teachers will day to day work including developing test papers and marking exams  \xe2\x80\xa2 Assist students with assignments and helping develop their writing skills and the ability to figure and correct their own errors  \xe2\x80\xa2 Serve as escort to students during activities  \xe2\x80\xa2 Provide educational support and behavior management to teachers  \xe2\x80\xa2 Supervise students during exams and test  <label type="Companies worked at">Teaching &amp; Mentoring Communities</label>  <label type="Location">Vincennes, IN</label> | <label type="Years of Experience">Nov 2010  Mar 2011</label>  <label type="Designation">Teachers Aide</label>  \xe2\x80\xa2 Assisted Teacher in the planning and execution of the classroom program  \xe2\x80\xa2 Helped children with self-care and indoor and outdoor learning activities    EDUCATION  <label type="College Name">Tucson City College</label>, <label type="Location">Tucson, AZ</label> | <label type="Graduation Year">2010</label>  <label type="Degree">Associate of Education  Major: Special Education</label>  SPECIAL SKILLS  \xe2\x80\xa2 Preparation and cleaning of classroom materials  \xe2\x80\xa2 <label type="Soft Skills">Bilingual</label>: Superb <label type="Soft Skills">written</label> and <label type="Soft Skills">verbal</label> c<label type="Soft Skills">ommunication skills</label> in <label type="Soft Skills">English</label> and <label type="Soft Skills">Spanish</label>  \xe2\x80\xa2 Demonstrated poise and comfort working with students with different backgrounds"
</cv>
