<?xml version="1.0" encoding="UTF-8"?>
<cv>
"Market Your Skills: Interpersonal,  Analytical, Leadership, Communication    <label type="Name">Tesha Hillary Littel</label>    1234 W. Michigan Ave \xe2\x80\xa2 <label type="Location">Chicago, IL</label> 45670 \xe2\x80\xa2 123-3456-7890 \xe2\x80\xa2 <label type="Email Address">Sigrid72@hotmail.com</label>    EDUCATION  June <label type="Graduation Year">2015</label>  <label type="College Name">Northwestern University</label>, <label type="Location">Evanston, IL</label><label type="Degree">  Master of Science in Higher Education Administration and Policy</label>  Masters Research Project: \xe2\x80\x9cWhat on-the-job experiences at a college union relate most strongly with undergraduate  learning outcomes?\xe2\x80\x9d  June 2012  Highlight any relevant experience within  <label type="College Name">University of Virginia</label>, <label type="Location">Charlottesville, VA</label>  higher education through internships,  <label type="Degree">Bachelor of Science in Psychology</label>  graduate assistantships, or volunteer work  Magna Cum Laude    CAREER SERVICES EXPERIENCE  <label type="Companies worked at">University Career Services</label>, <label type="College Name">Northwestern University</label>  <label type="Designation">Career Counseling Intern</label>  <label type="Years of Experience">August 2014  Present</label>   Conduct internship advising to undergraduate students and attended internship unit meetings to discuss trends  and development   Provide individual career counseling services for students, including major/minor <label type="Soft Skills">decision-making</label> guidance,  assessment administration and interpretation, and job search consultation   Develop an \xe2\x80\x98International Alumni Panel event with International Student Association members: composed  invitations, coordinated with NUs Alumni and the International Office, directed the marketing efforts, and  moderated the discussion between panelists and over 50 attendees   Analyzed and critiqued student resumes and cover letters, interpret Myers-Briggs and Interest Inventory  assessments, administer values and majors card sort activity on a weekly basis  <label type="Years of Experience">July 2012 - Present </label> <label type="Companies worked at">Alumni Sharing Knowledge Program</label>, <label type="College Name">University of Virginia</label>  <label type="Designation">Alumni Career Mentor</label>   Offer career development guidance to undergraduate students, graduate students and alumni: mock interviews,  resume critique, networking advice, and <label type="Job Specific Skills">academic planning</label>   Participated in an academic and professional panel discussion for low-income and first-generation students  (TRiO Student Support Services)   Selected to feature professional profile in the Career Centers online newsletter for April 2013  Demonstrate ability to work with people  of all levels (students, staff, faculty,  administrators) and background    Focus on the population you served,  resources developed, area of  specialty, and key accomplishments    STUDENT AFFAIRS EXPERIENCE  <label type="College Name">University of Virginia</label> <label type="Companies worked at">Alumni Relations Association</label>, <label type="Location">Charlottesville, VA</label>  <label type="Years of Experience">April 2010  June 2012</label>  <label type="Designation">Graduate Assistant</label>   Strategized and liaised daily with an Advancement Team consisting of the Dean, development officers, and  communications team in order to support the academic mission of the University   Increased outreach and recruitment of alumni volunteers from the 100,000 alumni through targeted outreach  with campus partners, LinkedIn, development officers, and a customer relationship management database   Built partnerships with identified alumni to increase career mentorship, internship, and networking  opportunities for students    SKILLS  <label type="Job Specific Skills">Technical  Language</label>    <label type="Tech Tools">MS Word</label>, <label type="Tech Tools">Excel</label>, <label type="Tech Tools">PowerPoint</label>, <label type="Tech Tools">Publisher</label>; Social Media: <label type="Tech Tools">LinkedIn</label>, <label type="Tech Tools">Facebook</label>  <label type="Soft Skills">Spanish</label> (fluent)"
</cv>
