<?xml version="1.0" encoding="UTF-8"?>
<cv>
"Special Education  <label type="Name">Jorge Louis Wolff</label>  3391 Call Road \xe2\x80\xa2 Perry, Ohio 44081  C: 123-345-7890 \xe2\x80\xa2 <label type="Email Address">iKoepp@gmail.com</label>  PROFESSIONAL SUMMARY  Confident and capable <label type="Designation">Intervention Specialist</label> with experience in multiple <label type="Job Specific Skills">special education  environments</label>. I am skilled at blending new technologies into standard special education curriculum and I have  extensive knowledge of <label type="Job Specific Skills">PBIS</label> and <label type="Job Specific Skills">token economy systems</label>.  EDUCATION  <label type="College Name">Marietta College</label> <label type="Degree">Bachelor of Arts</label>, <label type="Location">Marietta, Ohio</label>, <label type="Graduation Year">August 2007 - May 2011</label>  \xe2\x80\xa2 <label type="Degree">Major in Psychology, Minor in Spanish</label>, GPA 3.2  <label type="College Name">Ursuline College</label>, <label type="Location">Pepper Pike, Ohio</label>, <label type="Graduation Year">August 2014</label>  \xe2\x80\xa2 <label type="Degree">M. Ed. Special Education Mild to Moderate</label>  CLASSROOM EXPERIENCE  <label type="Designation">Lead Counselor</label>, <label type="Companies worked at">Cleveland Clinic Summer Treatment Program</label>, <label type="Location">South Euclid, OH</label> <label type="Years of Experience">June 2014- Present</label>  \xe2\x80\xa2 Implemented a token economy system for students with ADHD, ODD, and Behavioral disorders  \xe2\x80\xa2 Trained and supervised undergraduate counselors and staff  \xe2\x80\xa2 Assisted with parent training groups  \xe2\x80\xa2 Wrote comprehensive treatment summaries for each child who participated in the groups.  <label type="Designation">Student Teacher</label>, <label type="Companies worked at">Beachwood High School, Beachwood Middle School, Beachwood Elementary  Beachwood</label>, <label type="Location">OH</label> <label type="Years of Experience">August 2013  May 2014</label>  \xe2\x80\xa2 Provided appropriate intervention and differentiated instruction; kept accurate running records of all students  through researched based progress monitoring strategies while providing necessary <label type="Soft Skills">communication</label> to  parent(s)/guardian(s) and collaboration with classroom teachers while conferencing with all parties involved in  the students educational program to ensure required progress.  \xe2\x80\xa2 Taught students to advocate for themselves as they move toward academic, social, and career goals while  laying the groundwork for their future, educational endeavors.  \xe2\x80\xa2 Differentiated and adapted curriculum materials for students enrolled in inclusion and self-contained settings.  \xe2\x80\xa2 Provided job coaching to students using <label type="Job Specific Skills">applied behavioral programming strategies</label> while integrating the  highest levels of Information Technology within the classroom.  <label type="Designation">Educational Associate</label>, <label type="Companies worked at">Perry Local School District</label>, <label type="Location">Perry, OH</label> <label type="Years of Experience">August 2012  May 2013</label>  \xe2\x80\xa2 Provided classroom assistance and accommodations to promote learning included in Individual Education  Plans.  \xe2\x80\xa2 Collected and documented evidence of student learning.  \xe2\x80\xa2Collaborated in effective Professional Learning Communities in multiple grade levels.  <label type="Designation">Substitute Teacher</label>, <label type="Companies worked at">Perry Local School District</label>, <label type="Location">Perry, Ohio</label> <label type="Years of Experience">January 2012  August 2013</label>  \xe2\x80\xa2 Provided instruction in special and general education classrooms, kindergarten through high school.  \xe2\x80\xa2 Maintained a <label type="Job Specific Skills">positive learning environment </label>by implementing behavioral management strategies.  QUEST After School Program, <label type="Companies worked at">Perry Local School District</label>, <label type="Location">Perry, Ohio</label>, <label type="Years of Experience">January 2012  May 2012</label>  \xe2\x80\xa2 Instructed and engaged children ages 9-14 in many hands on academic experiences.  \xe2\x80\xa2Provided all students with an afterschool educational enrichment program in a safe, supportive environment.  \xe2\x80\xa2 Focused on reading and math through small group and individual tutoring  \xe2\x80\xa2 Instructed in academics, recreation, sports, and cultural and enrichment activities.  <label type="Designation">Mental Health Technician</label>, <label type="Companies worked at">Marietta Memorial Hospital</label>, <label type="Location">Marietta, Ohio</label>, <label type="Years of Experience">May 2011  September 2011</label>  \xe2\x80\xa2 Provided <label type="Job Specific Skills">geriatric psychiatric treatment</label> services for individuals 55 years or older.  \xe2\x80\xa2 Provided intensive treatment to patients with acute psychiatric disorders and cognitive impairment, as well as a  safe environment, a structured and supportive surrounding and intensive <label type="Job Specific Skills">psychiatric therapy</label>.  \xe2\x80\xa2 Assisted with the intensive outpatient program, <label type="Job Specific Skills">psychiatric evaluations</label>, group and individual psychotherapy,  family meetings, medication education and treatment and stress and anger management.    REFERENCES: Available upon request.    Special Education  ACTIVITIES/HONORS  Pi Lambda Theta  \xe2\x80\xa2 International Honor Society in Education  Psi Chi Honors  \xe2\x80\xa2 National Honor Society in Psychology  Summa Cum Laude, Perry High School, Perry, Ohio 2007  COACHING EXPERIENCE  Middle School Softball Coach, Beachwood Middle School, Beachwood, OH, February 2014  May 2014  Coaching Certifications  <label type="Degree">NHFS Concussion Training</label>  <label type="Degree">NHFS First Aid, Health, and Safety for Coaches</label>  <label type="Degree">NHFS Fundamentals of Coaching</label>    REFERENCES: Available upon request."
</cv>
