<?xml version="1.0" encoding="UTF-8"?>
<cv>
"<label type="Name">Colby Cherie Heaney</label>  (123)345-7890  <label type="Email Address">Zona76@cg.org</label>  EDUCATION:  <label type="Degree">Bachelor of Science in Physical Education/Teacher Education</label>  <label type="College Name">Towson University</label>, <label type="Location">Towson, MD</label>  GPA 3.1  Eligible for <label type="Degree">Teaching Certification</label> by <label type="College Name">MSDE</label> January 20XX    12 Third Street  Towson, MD 21222    December 20XX    STUDENT TEACHING EXPERIENCE:  <label type="Companies worked at">Third Street Elementary School</label>, <label type="Location">Baltimore, MD</label>  March 20XX  May 20XX  <label type="Designation">Student Teacher </label>  Created lesson plans to meet the needs of a diverse student population ages 8-12 with varying levels of  coordination, skill, and knowledge of games and sports   Assisted tennis coach with practice and gained experience coaching a school team  <label type="Companies worked at">Fourth Street Middle School</label>, <label type="Location">Baltimore, MD</label>  October 20XX  December 20XX  <label type="Designation">Student Teacher</label>   Assisted lead teacher in developing <label type="Job Specific Skills">fine and gross motor skills</label> in middle school students through  instruction of game rules and techniques  RELATED EXPERIENCE:  <label type="Companies worked at">Camp Recess</label>, <label type="Location">City, MD</label>  Summers, 20XX, 20XX, 20XX  <label type="Designation">Activities Specialist</label>   Created and facilitated group activities for campers to promote <label type="Soft Skills">leadership</label> skills and independence   Taught campers about the importance of regular physical activity in the form of fun and engaging games  <label type="Companies worked at">Youth Tennis League</label>, <label type="Location">Town, MD</label>  March  May, 20XX, 20XX  <label type="Designation">Coach</label>   Coached children ages 9-16 in a community organized youth league   Supported childrens growth as players and taught proper tennis techniques and rules  RELATED COURSEWORK:  Physical Wellness for a Healthy America  January 20XX  May 20XX  Towson University, Towson, MD   Researched and gained an in-depth understanding of the national health objectives of the U.S.  Department of Health and Human Services   Completed laboratory activities related to the fitness principles of the objectives  <label type="Job Specific Skills">Physical Education</label> for Elementary Education Students II  August 20XX  December 20XX  <label type="College Name">Towson University</label>, <label type="Location">Towson, MD</label>   Gained extensive knowledge of elementary school aged childrens level of motor skill learning, group  behavior and developmental needs"
</cv>
