<?xml version="1.0" encoding="UTF-8"?>
<cv>
"<label type="Name">Halvorson</label>  161  <label type="Location">Waukegan</label>,  Phone:  Email: <label type="Email Address">Pauline01@hotmail.com</label>    T.  Vine    Freud  Drive  60085  123-345-7890    Street  IL    Career Objective:  Having worked as a <label type="Designation">Business Teacher</label> for almost <label type="Years of Experience">5 years</label>, wherein I have successfully mentored more  than 300 students, I am looking forward to work with some of the renowned professional training  institutes and willing to be a part of the entire <label type="Job Specific Skills">curriculum planning</label> for the students, so as to make the  curriculum more effective.  Career Summary:  Currently employed with <label type="Companies worked at">Sister Nancy's High School</label>, <label type="Location">Waukegan, Illinois</label> as a <label type="Designation">Business Teacher</label>. With a  total work experience of <label type="Years of Experience">5 years</label>, I have developed the required skills and expertise for being a successful  <label type="Designation">Business Teacher</label>. After completing my degree course, I worked with <label type="Companies worked at">St. Patrick's High School</label> as an  <label type="Designation">Associate Business Teacher</label> for <label type="Years of Experience">one year</label>. I then got a chance to assist well-experienced teachers and  benefit from their expertise and experience.  Summary of Skills:  Proven ability of <label type="Job Specific Skills">training students</label> with a thorough professional approach  Expertise in <label type="Job Specific Skills">developing course materials</label> while keeping in mind the current requirements of the  industry  Excellent <label type="Soft Skills">spoken</label> and <label type="Soft Skills">written</label> <label type="Soft Skills">communication skills</label>  Expertise in <label type="Job Specific Skills">mentoring</label>, <label type="Job Specific Skills">evaluating</label>, and <label type="Job Specific Skills">providing appropriate feedback</label> to students to help them  excel at whatever they do  Good <label type="Soft Skills">coordination</label> and <label type="Soft Skills">leadership</label> skills  Expertise in developing a teaching approach which matches the requirements of students and  support the open door communication policy  Well-acquainted with the use of various audio-visual presentations, case studies, etc., to help  students understand the concepts better  Professional Experience:  Current Employer: Sister  Designation:  Roles and Responsibilities:    <label type="Companies worked at">Nancy's    High    School</label>, <label type="Location">Waukegan</label>,  Business    <label type="Location">Illinois</label>    (<label type="Years of Experience">2010-till date</label>)  <label type="Designation">Teacher</label>    Handle and mentor three batches of 30 students each  Based on the syllabus, develop a weekly curriculum and teaching approach to help students  understand the concepts better  Try to include case studies, presentations, live examples, etc., in the lectures to help students  understand and relate the concepts with actual professional scenarios  Assign students with different case studies, management scenarios, etc., and ask them to study  and solve the same  Draft test papers for students and evaluate their performance regularly. Provide required  feedback to students and help them improvise further  Previous Work Experience  A]  St.  Patrick's  Designation:  Associate  Roles and Responsibilities:    High    School  Business    (<label type="Years of Experience">2009-2010</label>)  <label type="Designation">Teacher</label>    Assist the senior teachers in developing course materials  Assist the teachers in checking case study solutions, assignments, presentations, etc., submitted  by the students  Assist in developing audio-visual presentations, reference materials, notes, etc., to help teachers  make their sessions interactive and highly beneficial  Qualifications:  <label type="Degree">Master's Degree in Business Education</label> from <label type="College Name">Business Teacher's Training Institute</label>, <label type="Location">Waukegan,  Illinois</label> - <label type="Graduation Year">2009</label>  <label type="Degree">Bachelor's Degree in Business Studies</label> from <label type="College Name">St. Mark's University</label>, <label type="Location">Waukegan, Illinois</label> - <label type="Graduation Year">2007</label>  References:  Available on prior request  Signature:  <label type="Name">Halvorson</label>"
</cv>
