<?xml version="1.0" encoding="UTF-8"?>
<cv>
"YOUR NAME  525 West 120th Street \xe2\x80\xa2 New York, NY 10027 \xe2\x80\xa2 (123)345-7890 \xe2\x80\xa2 <label type="Email Address">Brandon94@fg.info</label>  EDUCATION  <label type="College Name">Teachers College</label>, <label type="College Name">Columbia University</label>, <label type="Location">New York, NY</label>  <label type="Degree">Master of Arts in Higher and Postsecondary Education</label>, Expected <label type="Graduation Year">May 2014</label>  <label type="College Name">State University</label>, <label type="Location">Baltimore, MD</label>  <label type="Degree">Bachelor of Arts in Psychology and History</label>, <label type="Graduation Year">May 2012</label>  Magna Cum Laude  LANGUAGES  Fluent in <label type="Soft Skills">Spanish</label> and <label type="Soft Skills">Italian</label>  HIGHER EDUCATION EXPERIENCE  <label type="Companies worked at">Office of Undergraduate Admissions</label>, <label type="College Name">Columbia University</label>, <label type="Location">New York, NY</label>  <label type="Designation">Admissions Advisor</label>  <label type="Years of Experience">July 2013  Present</label>   Conduct on-campus information sessions for prospective students and their families to provide information on the  university, admissions process and financial aid   Facilitate presentations at surrounding high schools in order to market <label type="College Name">Columbia University</label> programs   Coordinate college fairs and informational sessions resulting in the recruitment of new students   Review and assess over 500 applications per cycle to assist with admission recommendations   Present cases to Admissions Committee to determine appropriate candidates   Write letters to alumnae interviewers on behalf of the Admissions Office to enhance working relationship  <label type="College Name">State University</label>, <label type="Location">Baltimore, MD</label>  <label type="Designation">Student Services Coordinator</label>  <label type="Years of Experience">August 2010  June 2012</label>   Developed innovative programs to educate students through the Freshman Mentoring Program, Senior Week and  the Sophomore Experience Program   Counseled students on an individual basis in order to offer personal, educational and career support   Participated in special training workshops and events to improve the quality of our programs  <label type="Designation">Residential Advisor</label>  <label type="Years of Experience">September 2009  August 2010</label>   Supervised residential hall of 100 freshmen students to ensure their safety and development during their college  experience   Implemented programming such as social mixers, study breaks and movie nights to develop a sense of community  in the building   Advised 25 student leaders in two separate residence halls to provide appropriate training and support  PROFESSIONAL EXPERIENCE  <label type="Companies worked at">Teach for America</label>, <label type="Location">Miami, FL</label>  <label type="Designation">English Teacher</label>   Designed and implemented lesson plans to increase English comprehension   Used games, arts and crafts to foster social and conversational skills   Collaborated with other teachers to organize afterschool activities  PROFESSIONAL ASSOCIATIONS  Higher and Postsecondary Education Association at Teachers College (HPSEA)  National Association of Student Personnel Administrators (NASPA)  American College Personnel Association (ACPA)  COMPUTER SKILLS  Proficient with <label type="Tech Tools">Microsoft Word</label>, <label type="Tech Tools">Excel</label>, <label type="Tech Tools">PowerPoint</label> and <label type="Tech Tools">Access</label>    July 2012  June 2013"
</cv>
