<?xml version="1.0" encoding="UTF-8"?>
<cv>
"Sample R\xc3\xa9sum\xc3\xa9: <label type="Designation">Physical Education</label> (<label type="Degree">B.S.Ed.</label>)  <label type="Name">Tim Laurice Schaefer</label>  123-345-7890  <label type="Email Address">Ben.Thiel@ra.name</label>  OBJECTIVE  A position teaching <label type="Job Specific Skills">physical and health education</label> at the secondary level; willing to coach football.  EDUCATION  <label type="Degree">B.S.Ed., Physical Education</label>, <label type="College Name">Northern Illinois University</label>, <label type="Location">DeKalb, IL</label>, May 20XX  Licensure: IL <label type="Degree">Professional Educator License</label>; Endorsements: <label type="Job Specific Skills">Physical Education</label> K-12, <label type="Job Specific Skills">Health Education</label> 6-12  SPECIAL SKILLS  Technology: <label type="Job Specific Skills">Website Design</label>, <label type="Job Specific Skills">LiveText</label>, <label type="Job Specific Skills">Tri-Fit Program</label>, <label type="Job Specific Skills">Heart Rate Monitors &amp; Pedometers</label>  Safety Certifications: <label type="Degree">Red Cross</label> <label type="Soft Skills">CPR</label> and <label type="Soft Skills">First Aid</label>  STUDENT TEACHING  <label type="Companies worked at">Rolling Meadows High School</label>, <label type="Location">Rolling Meadows, IL</label>, <label type="Years of Experience">October - December</label> 20XX   Developed fitness-based strength and cardiovascular training curriculum for 20-45 ninth to twelfth graders.   Assembled computer data on students fitness levels and created individual workout programs.   Introduced in-season, sports-specific training exercises for each student.   Designed units and lesson plans for sex education, substance abuse prevention, and nutrition.  <label type="Companies worked at">Patton Elementary School</label>, <label type="Location">Arlington Heights, IL</label>, <label type="Years of Experience">August - October</label> 20XX   Constructed daily lesson plans for classes of 25-27 kindergarten to fifth-grade students.   Taught units on rock-climbing, non-traditional games, team-building, soccer, volleyball, and dance.   Composed units on spatial awareness, effort, relationships, and a pilot program on body-image awareness.   Planned activities, with Flexible Delivery of Services (FLEX), for students with special needs.  CLINICAL EXPERIENCE  <label type="Companies worked at">DeKalb High School</label>, <label type="Location">DeKalb, IL</label>, Spring 20XX   Organized units and daily lesson plans on fitness, floor-hockey, and pickle-ball for 35 ninth-graders.   Utilized checklists, rating scales, and rubrics in assessing student grades.  Lorado Taft Field Campus, <label type="College Name">Northern Illinois University</label>, <label type="Location">Oregon, IL</label>, Spring 20XX   Prepared three full days of outdoor education classes for 15 multicultural fifth-grade students.   Demonstrated group initiatives, crafts, orienteering and pioneering activities.  <label type="Companies worked at">Special Physical Education Clinic</label>, <label type="College Name">Northern Illinois University</label>, <label type="Location">DeKalb, IL</label>, Fall 20XX   Directed weekly lessons on gross motor movement and aquatic activities for a 5 year old boy with ADHD.  <label type="Companies worked at">Developmental Sport Skill Laboratory</label>, <label type="College Name">Northern Illinois University</label>, <label type="Location">DeKalb, IL</label>, Fall 20XX   Enhanced skills in <label type="Job Specific Skills">baseball</label>, <label type="Job Specific Skills">basketball</label>, <label type="Job Specific Skills">soccer</label>, and <label type="Job Specific Skills">volleyball</label> using drills and games.   Conducted a research project on basketball skills for students ages 7-10.  COACHING EXPERIENCE  <label type="Designation">Sophomore Line Coach</label>, <label type="Companies worked at">Rolling Meadows High School</label>, <label type="Location">Rolling Meadows, IL</label>, <label type="Years of Experience">August - November</label> 20XX   Created defensive and offensive line drills for 30 players.   Produced, from film, a statistical breakdown on opposing teams.  RELATED EXPERIENCE  <label type="Designation">Day Care Teacher</label>, <label type="Companies worked at">The Growing Place</label>, <label type="Location">DeKalb, IL</label>, <label type="Years of Experience">April - August</label> 20XX  ORGANIZATIONS/AWARDS  Professional  Illinois Association for Health, Physical Education, Recreation and Dance  American Alliance for Health, Physical Education, Recreation and Dance  University  Student of Excellence in Physical Education, Fall 20XX  <label type="College Name">Northern Illinois University</label> Career Services  Spring 2015"
</cv>
