<?xml version="1.0" encoding="UTF-8"?>
<cv>
"International development emergency relief project officer children rights Asia Africa project management OVC    CURRICULUM VITAE  <label type="Name">Sarah Stark</label>  Information and Qualifications:  Profile:  Experienced <label type="Designation">project manager</label> and facilitator, working with <label type="Job Specific Skills">grassroots organisations</label>, <label type="Job Specific Skills">international NGOs</label> and the <label type="Companies worked at">UN</label>.  Has knowledge of participatory, rights based programming with children and adolescents, disability rights and  partnership working. Has first-hand experience of <label type="Job Specific Skills">working in remote field sites</label>, challenging environments, working in  <label type="Job Specific Skills">multicultural teams</label> and line management. Exceptional <label type="Soft Skills">communication</label> skills and <label type="Soft Skills">organisational</label> abilities.  Address:    Flat 6D, Street 28, F7-2, <label type="Location">Islamabad, Pakistan</label> (Current duty station)    Email:    <label type="Email Address">Joey.Fay@hmaf.info</label> / Skype name: hayleynicholls    Telephone:    + 92 1235456789 (<label type="Location">Pakistan</label>) +44 (0)1234456789 (<label type="Location">UK</label>)    Education:    <label type="Degree">Post Graduate Diploma in Social Sciences</label>, <label type="College Name">Open University</label>, <label type="Graduation Year">2009 - 2011</label>  <label type="Degree">MSc International Development  Human Rights, Humanitarianism and Refugees</label>,  <label type="College Name">Oxford Brookes</label>, <label type="Graduation Year">2003 - 2004</label>  <label type="Degree">BA English Studies and Marketing Management</label>, <label type="College Name">Oxford Brookes</label>, <label type="Graduation Year">1998  2001</label>    Country Experience:    <label type="Location">India, Pakistan, Burkina Faso, Hungary, Bosnia, Czech Republic, Chile</label>.    Roster:    Handicap International Roster    Designing and Facilitating Participatory Training   \xe2\x80\x98I want to be Involved  Including Disabled children and Young people in reviews and planning meetings <label type="Companies worked at">The  Childrens Society, Disability Advocacy Programme</label> (<label type="Years of Experience">2011</label>)   \xe2\x80\<label type="Designation">x98Volunteer</label> Training for Disability Befriending Scheme The Childrens Society, Disability Advocacy Programme  (2011)   Workshops on Disability Inclusion for CROA (Childrens Rights and Advocacy) The Childrens Society (2009)   \xe2\x80\x98Our Rights, Our Responsibility  World Association of Girl Guides and Girl Scouts (WAGGGS)  led on  workshops and training from the toolkit to international participants (2005)  Proposals and Document Writing   Contributed to proposals for Department of Health \xe2\x80\x98Sexual Health Project for disabled children and young  people, BIG Lottery funding Reaching Communities \xe2\x80\x98Sexual Exploitation and Disabilities (2009  2012)   Edited donor and internal reports according to formats and requirements - <label type="Location">Pakistan</label>  DEC grant (2006)   Child Protection Policy for grassroots charity Dream a Dream, <label type="Location">India</label> (2008)   Marketing Business Plan for grassroots charity for a \xe2\x80\x98Cultural Centre for the Mapuche Tribe (2005)  <label type="Designation">Research</label>   <label type="Companies worked at">UNICEF REAP (Rights, Education and Protection) Project</label> (<label type="Years of Experience">2012</label>)  contributed to the design, distribution and  analysis of a global online survey for a mapping and scoping exercise of inclusive education within teacher  training on global scale (2012)   Academic post-graduate research on \xe2\x80\x98The Ethical Implications of conducting research with disabled children  (2010)  Resources   \xe2\x80\x98Making it Happen Department of Education production of a DVD resource guide - made by young people with  disabilities - to advise stakeholders and local organisations on meaningful consultation (2010)   Independent Travel Training programme - production of leaflets and a booklet resource for transport authorities  and staff outlining principles and methodologies for the participation of children with disabilities (2012)  International Leadership   Led a Cultural Exchange inter-generational residential field trip to the <label type="Location">Czech Republic</label> for disabled young people  and parents to gain understanding of disability rights (2010)   Led a three week field trip to Burkina Faso in conjunction with DFIDs International Citizen Service initiative in  partnership with International Service. Successful pilot scheme to empower disabled young people to  volunteer alongside their non-disabled peers (2012)    (H Nicholls)    International development emergency relief project officer children rights Asia Africa project management OVC    Employment:  <label type="Location">Pakistan</label>  2012-2013    <label type="Designation">Consultant</label>  <label type="Companies worked at">United Nations World Food Programme (UNWFP)</label>  WFP Pakistan conducted a staffing review to down size for the next 3-year-programme. As an  international <label type="Designation">HR Consultant</label> I worked to ensure this process was competitive, fair and transparent in  collaboration with a locally recruited panel and hiring managers. I ensured the implementation of the  change management process was completed according to WFP/UN selection rules and procedures  and to an agreed time line  liaising remotely with sub offices and field hubs.    <label type="Location">UK</label>  <label type="Years of Experience">2009-2012</label>    <label type="Designation">Programme Manager</label> - <label type="Companies worked at">The Childrens Society  Disability Advocacy Project</label>  Designed participatory programming to include disabled youth and adolescents t including  buddying, advocacy, sexual health and travel training.  Led on work plans, preparing reports, and strategic planning - liaising with the Senior Management  Team and adhering to reporting schedules.  Coordinated Standard Operation Procedures and needs assessments to identify risks and  vulnerabilities for child protection responses and facilitated implementation in line with national and  international legislation.  Monitored and evaluated programme quality by ensuring that adequate mechanisms for updating,  monitoring, reviewing and evaluating the impact of programmes were in place.  Developed and managed the recruitment, training and supervision of staff in accordance with The  Childrens Societys policies and performance management procedures.  Represented The Childrens Society in child protection, disability awareness and coordination  meetings at local and national level with the local government, other agencies, and donors.    <label type="Location">UK</label>  <label type="Years of Experience">2008 2009</label>    <label type="Designation">Senior Practitioner</label> - <label type="Companies worked at">The Childrens Society  Disability Advocacy Project</label>  Participated and led in carrying out risk assessment for identifying and prioritizing needs in the  context of child protection.  Developed and facilitated training programmes on inclusion for partners, government and civil  society to develop and demonstrate national and community-based models of inclusion..  Provided individual technical guidance and direction to external professionals on inclusion of youth  in service provision to contribute to the positive development of adolescents  Coordinated the referrals process and case management for those at heightened risk.  Provided independent advocacy for on a case by case basis.  Supported the participation of adolescent and youth in the formulation of resources, attendance in  trustee meetings and on national forums  Head of Teen Services - Body and Soul  Developed, delivered and coordinated a youth service for teenagers living with, or affected by, HIV  through educational trainings and workshops that took into account the emotional, social, cognitive  and physical needs. Facilitated and led group activities and workshops. Worked with  parents/guardians/agencies to ensure vulnerability needs were managed in an effective and  appropriate manner so enabling the empowerment and coping mechanisms of the young person.    <label type="Location">India</label>  <label type="Years of Experience">2007 2008</label>    <label type="Designation">Programme Manager</label> - <label type="Companies worked at">Dream a Dream</label>  Designed, and implemented <label type="Job Specific Skills">life skills programmes</label> for vulnerable children living in slums,  orphanages as well as street children in <label type="Location">Bangalore</label>  doubling output from 500 children to 1000  within a year. Introduced monitoring and evaluation systems to assess impact and efficiency of the  programmes for donor reporting using sustainable techniques. Line managed the Programme  Team. Built and maintained relationships with 16 NGO and service partners through networking,  collaboration and communication.    <label type="Location">Pakistan</label>/  <label type="Location">UK</label>  <label type="Years of Experience">2006-2007</label>    <label type="Designation">Project Assistant</label> - <label type="Companies worked at">Merlin</label>  Made regular trips to the field sites in the Kashmir valley, staying in tented facilities and researching  how services were meeting the needs of the targeted population. Gained first-hand experience of  field sites, IDPs, practical working environments and challenges in <label type="Location">Pakistan</label>. Assisted the Country  Director with day to day tasks including HR, PR and administration, and attended external meetings  with national and international NGOs, UN agencies and government bodies.    <label type="Location">India</label>  <label type="Years of Experience">2005-2006</label>    <label type="Designation">Assistant Programme Manager</label>  <label type="Companies worked at">Sangam World Centre</label>  Prepared, planned and implemented residential training and self development programmes focusing on  childrens rights, advocacy and community development. Completed regular reviews and evaluations of all  programmes. Assisted with the production of programme articles, newsletters and correspondence.  Designed and implemented community development projects with local NGOs, built strong networks and  reviewed programme development opportunities.    References available on request.    (<label type="Name">Sarah Stark</label>)"
</cv>
