<?xml version="1.0" encoding="UTF-8"?>
<cv>
"Sample Resume for <label type="Designation">Education Coordinator</label>    <label type="Name">Pearl Greenfelder</label>  43 Panini Drive, <label type="Location">Henderson, NV</label> 99000  (123)345-7890, Email    OBJECTIVE: Looking for an <label type="Designation">Education Coordinator</label> position at <label type="Companies worked at">Norton Sound Health  Corporation</label> utilizing knowledge of adult learning techniques in order to orchestrate smooth  flow of educational procedures within the environment  PROFESSIONAL QUALIFICATIONS  \xe2\x80\xa2 <label type="Years of Experience">Six years</label> of functional experience working as an <label type="Designation">Education Coordinator</label>  \xe2\x80\xa2 Highly skilled in maintaining higher education an employee scholarship programs  \xe2\x80\xa2 Hands on experience in coordinating training sessions based on need determined by  management  \xe2\x80\xa2 In depth knowledge of coordinating on-the-job training opportunities and developing relevant  curriculum  KEY ACHIEVEMENTS  \xe2\x80\xa2 Introduced an automated records system that works with credentials to monitor individual  education requirements  \xe2\x80\xa2 Devised and implemented an interactive curriculum incorporating pertinent data in order to  manage training sessions effectively  EMPLOYMENT HISTORY  <label type="Companies worked at">Donton Healthcare</label>, <label type="Location">Henderson, NV</label>  <label type="Designation">Education Coordinator</label>, <label type="Years of Experience">January 2004  Present</label>    \xe2\x80\xa2 Develop and implement training curriculum  \xe2\x80\xa2  \xe2\x80\xa2  \xe2\x80\xa2  \xe2\x80\xa2  \xe2\x80\xa2    Manage <label type="Job Specific Skills">application and scholarship procedures</label>  Coordinate training sessions and review annual appraisals  Coordinate on-job training opportunities and orientation programs  Monitor and record credentialing requirements  Act as a liaison between community services and the company    EDUCATIONAL BACKGROUND  <label type="Degree">Bachelors in Organizational Development</label>  <label type="Graduation Year">2004</label>  OTHER SKILLS AND STRENGTHS  \xe2\x80\xa2 First-rate <label type="Soft Skills">organizational</label> and <label type="Soft Skills">communication</label> skills  \xe2\x80\xa2 Exceptional ability to work in a fast paced environment  \xe2\x80\xa2 Proven ability to <label type="Soft Skills">multitask</label> and build rapport with a diversity of people  \xe2\x80\xa2 Excellent people skills    1.  2.  3.  4.    <label type="Designation">Education Coordinator</label> Cover Letter Example  Professional <label type="Designation">Development Coordinator</label> Job Description  Volunteer Coordinator Objectives for Resume  Coordinator Resume Objective Examples"
</cv>
