<?xml version="1.0" encoding="UTF-8"?>
<cv>
"Career Objective:  Experienced and highly skilled <label type="Designation">education administrator</label> is looking for a similar position with \xe2\x80\x9c<label type="College Name">City  College</label>,\xe2\x80\x9d to manage and improve educational policies as well as create progressive image of the  institution.  Summary of Skills:  \xef\x82\x95    Superb knowledge of handling <label type="Job Specific Skills">administrative duties</label> of <label type="Job Specific Skills">educational institutions</label>  \xef\x82\x95    Experienced in <label type="Job Specific Skills">planning</label> and <label type="Job Specific Skills">implementing</label> <label type="Job Specific Skills">educational policies</label>    \xef\x82\x95    Sound <label type="Soft Skills">managerial</label>, <label type="Soft Skills">decision-making</label>, and <label type="Soft Skills">computer skills</label>    \xef\x82\x95    Ability to related curriculum with real-life work scenarios    \xef\x82\x95    Ability to coordinate with school board members, teachers, and parents    \xef\x82\x95  Skilled in <label type="Soft Skills">developing relationships</label> with local agencies and other educational  institutions  \xef\x82\x95    Ability to prepare and allocate budget for student programs    Work Experience:  <label type="Designation">Education Administrator</label>  <label type="Companies worked at">St. Patrick School</label>, <label type="Location">Chicago, IL</label>  <label type="Years of Experience">October 2014 - Present</label>  \xef\x82\x95    Handling administrative duties of the school and supervising staff  \xef\x82\x95    Managing budgets and ensuring funds are allocated properly for benefits of students    \xef\x82\x95    Reviewing and changing educational policies following state and federal rules    \xef\x82\x95    Handling relations with local agencies, parents, and other schools    \xef\x82\x95    Planning and implementing student programs and developing their skills    \xef\x82\x95    Handling complaints of staff, parents, and students and ensuring quality in education    \xef\x82\x95    Initiating and monitoring purchase of goods and equipment for the school    <label type="Designation">Education Administrator</label>  <label type="Companies worked at">City School</label>, <label type="Location">Chicago, IL</label>  <label type="Years of Experience">February 2013 - September 2014</label>  \xef\x82\x95    Organized and raised funds for handling administrative expenses of the school  \xef\x82\x95  Modified admissions policies and attracted students for admission for neighboring  states  \xef\x82\x95    Handled daily administrative activities of the school and directed student programs    \xef\x82\x95    Developed and implemented academic programs and oversaw overall effect on    students' progress  \xef\x82\x95  Provided <label type="Job Specific Skills">counseling</label> to under-performing students and teachers facing personal  issues  \xef\x82\x95    Maintained students and school's asset record and prepared annual reports    \xef\x82\x95    Established and helped teaching staff to achieve school's goals and objectives    Education:  \xef\x82\x95  <label type="Degree">Bachelor's Degree in Business Management</label>  <label type="College Name">ABC University</label>, <label type="Location">Chicago, IL</label>  <label type="Graduation Year">2012</label>"
</cv>
