<?xml version="1.0" encoding="UTF-8"?>
<cv>
"SAMPLE RESUME  <label type="Degree">BA Elementary Education</label>, New Grad  <label type="Name">Ivory Beahan</label> 122 South Michigan Avenue \xef\x82\x9f <label type="Location">Chicago, IL</label> 60603 \xef\x82\x9f <label type="Email Address">Tyler.Gleason@cr.org</label> \xef\x82\x9f 123-345-7890  OBJECTIVE  <label type="Designation">Elementary teaching</label> position utilizing experience as a <label type="Designation">student teacher</label>, <label type="Designation">teachers aide</label>, and <label type="Designation">camp counselor</label>  EDUCATION &amp; LICENSURE  <label type="Degree">B.A., Elementary Education</label>, <label type="College Name">National Louis University</label>, <label type="Location">Chicago, IL</label>  <label type="Degree">A.A., Early Childhood Education</label>, <label type="College Name">St Augustine College</label>, <label type="Location">Chicago, IL</label>    <label type="Graduation Year">2014  2010</label>    Licensure: IL <label type="Degree">Professional Educator License</label>  Endorsements: <label type="Job Specific Skills">Elementary Education (K-9)</label>, <label type="Job Specific Skills">Middle School</label>  TEACHING EXPERIENCE  th    <label type="Companies worked at">Oakton Elementary School</label>, 4 Grade, District 65, <label type="Location">Evanston, IL</label>  <label type="Years of Experience">Spring 2014</label>  <label type="Designation">Student Teacher</label>  \xe2\x80\xa2 Developed and taught thematic units on insects and \xe2\x80\x9cwhere our food comes from\xe2\x80\x9d for whole class  \xe2\x80\xa2 Taught units on muscles in the human body and Benjamin Franklin to small groups of 4th graders  \xe2\x80\xa2 Designed bulletin board on the Eight Wonders of the World to accompany teachers unit on  history and architecture  <label type="Companies worked at">Washington Elementary School</label>, 3rd Grade, District 65, <label type="Location">Evanston, IL</label>  <label type="Years of Experience">Winter 2013</label>  <label type="Designation">Practicum II</label>  \xe2\x80\xa2 Collaborated with teacher to present unit on famous works of art and helped children reproduce  paintings like Mona Lisa, Botticellis Venus, and Vermeers Girl With the Pearl Earring  \xe2\x80\xa2 Explained math and social studies concepts to an ELL student while also using Spanish skills to  translate and help the student complete in-class and homework assignments  <label type="Companies worked at">Dawes Elementary School</label>, 1st Grade District 65, <label type="Location">Evanston, IL</label>  <label type="Years of Experience">Fall 2013</label>  <label type="Designation">Practicum I</label>  \xe2\x80\xa2 Observed class and assisted teacher with classroom management of 20 students resulting in  cooperating teacher recognizing my intuition and ability to quickly build rapport with students  \xe2\x80\xa2 Answered questions during learning station sessions for problem solving and creative thinking  \xe2\x80\xa2 Led one-on-one spelling games for children to prepare them for weekly spelling test  <label type="Companies worked at">Child Care Center of Evanston</label>, <label type="Location">Evanston, IL</label>  <label type="Years of Experience">2010-2012</label>  <label type="Designation">Teachers Aide</label>  \xe2\x80\xa2 Encouraged cognitive development of 15 toddlers through exploration of weather, farm animals  and \xe2\x80\x9cwhere my family works\xe2\x80\x9d modules  \xe2\x80\xa2 <label type="Soft Skills">Communicated</label> with parents to provide an emotionally secure and physically safe atmosphere in a  home away from home environment where children can learn and grow  \xe2\x80\xa2 Created thoughtful and interactive classroom set up that included the ocean and student artwork  <label type="Companies worked at">Camp Echo</label>, Grades 3-8, <label type="Location">Evanston, IL</label>  <label type="Years of Experience">Summers, 2008-2010</label>  <label type="Designation">Camp Counselor</label>  \xe2\x80\xa2 <label type="Job Specific Skills">Developed lesson plans</label> encouraging hands-on creativity and social skills  \xe2\x80\xa2 Planned classes and events with peers to ensure there was always a 7:1 student-counselor ratio  and that the day was learning-focused in an outdoor setting when possible  \xe2\x80\xa2 Co-supervised swimming pool during daily open swim hours"
</cv>
