<?xml version="1.0" encoding="UTF-8"?>
<cv>
"CURRICULUM VITAE  PERSONAL DETAILS:  Name: <label type="Name">Azzie Woodrow Gaylord</label>    Nationality: Greek    UK address: 209, Queen Alexandra Road,  Sunderland  SR3 1YF    Marital Status: Married    Telephone: 0044 (0) 1236456789    Age: 31    Date of Birth: 10.04.1978    Email:  EDUCATION AND QUALIFICATIONS:  2008-2010  2006    2003    1999-2002    1998-1999  1997-1998  1997    <label type="College Name">UNIVERSITY OF SUNDERLAND</label>  MA, <label type="College Name">TESOL  BEDE COLLEGE</label>, <label type="College Name">SUNDERLAND  NCFE</label>, <label type="Degree">Certificate in Equality and Diversity</label>  (Explore Equality and Diversity, Prejudice and Discrimination,  Peoples Rights and Responsibilities)  <label type="College Name">BEDE COLLEGE</label>, <label type="College Name">SUNDERLAND  NCFE</label>, <label type="Degree">Certificate in Child Psychology</label>  ( Early Experience, The Developing Child, The Child in Society)  <label type="College Name">UNIVERSITY OF SUNDERLAND</label>  <label type="Degree">BA (Hons) English Education</label>  QTS  (English Language, Literature, Linguistics, Media, Drama)  <label type="College Name">UNIVERSITY OF SUNDERLAND</label>  <label type="Degree">HND  Business IT</label>  <label type="College Name">BEDE COLLEGE</label>, SUNDERLAND  A Level  English  ALIARTOS ENGLISH PRIVATE SCHOOL, GREECE  National Proficiency Certificate in English    WORK EXPERIENCE:  <label type="Years of Experience">2008-2009</label>    <label type="Designation">English Teacher</label>, <label type="Companies worked at">Castle View School</label>, Sunderland  <label type="Job Specific Skills">Teaching English</label> in KS3 and KS4, teaching Literacy as well  as teaching guided and group reading as part of the Literacy  Strategy in KS3, design; implement and assess KS3 Literacy  targets, devising operational KS3-4 schemes of work for the  English department; teaching Greek as an extra curricular  activity to pupils and teachers.    <label type="Job Specific Skills">Classroom supervision</label> of student teachers and  voluntary  classroom  assistants,  attending  departmental management and school meetings,  invigilating internal exams, marking, advising staff on  <label type="Job Specific Skills">lesson planning</label>. Class registration, OFSTED  February 2009 preparation and observation.  <label type="Years of Experience">Oct 2006-2007</label>    <label type="Designation">Supply Teacher</label>, <label type="Companies worked at">Castle View School</label>, Sunderland  Duties: <label type="Designation">Teaching English</label> in KS3 and KS4, team  teaching Literacy as well as teaching guided and  group reading as part of the Literacy Strategy in KS3,  design; implement and assess KS3 Literacy targets,  devising operational KS3-4 schemes of work for the  English department; <label type="Job Specific Skills">teaching Greek</label> as an extra  curricula activity to pupils and teachers.  <label type="Job Specific Skills">Classroom supervision</label> of student teachers and  voluntary  classroom  assistants,  attending  departmental management and school meetings,  invigilating internal exams, marking, advising staff on  lesson planning. Class registration, OFSTED March  2007 Preparation and observation.    <label type="Years of Experience">Sept. 2005-May 2006</label>    <label type="Designation">English Teacher</label>, <label type="Companies worked at">Kassaris School of English</label>,  <label type="Location">Athens</label>  Duties: <label type="Job Specific Skills">Teaching English</label> in KS3-KS5. Personal  tutoring of low ability students. Liaising with parents,  report writing, invigilation of internal exams, designing  and implementing schemes of work, exam  preparation and provision (TOEFL, MICHIGANLower, CAMBRIDGE-Lower, MICHIGAN-Proficiency,  CAMBRIDGE-Proficiency, IELTS)    <label type="Years of Experience">Sept. 2004-2006</label>    <label type="Designation">Assistant Head of the English Department</label>,  <label type="Companies worked at">Euromathisi English School</label>, <label type="Location">Athens</label>  Duties: <label type="Job Specific Skills">Teaching of English</label> in Key Stages 3-5,  involved liaising with parents, r<label type="Job Specific Skills">eport writing</label>, <label type="Job Specific Skills">finance  management</label> of the English Department, dealing with  school issues regarding discipline and class  management, invigilation of internal exams, designing  and implementing schemes of work, <label type="Job Specific Skills">exam  preparation</label> and provision (TOEFL, MICHIGANLower, CAMBRIDGE-Lower, MICHIGAN-Proficiency,  CAMBRIDGE-Proficiency, IELTS)  .    <label type="Years of Experience">Sept. 2004-2005</label>    <label type="Designation">English Teacher</label>, <label type="Companies worked at">Pagoulatou-Vlachou English  School</label>, <label type="Location">Athens</label>  Duties: <label type="Job Specific Skills">Teaching English</label> to international mature  students and professionals. I have attended seminars  in which I took part as a senior member regarding  class  management,  book  evaluation,  exam  preparation, lesson planning and the production of  schemes of work.    Sept. 2004-2005    Editor/Proofreader, Express Publishing, Athens  Duties: Proofreading English teaching materials prior  to their publishing. Editing and translating  governmental texts regarding teaching. Producing  CD-ROM teaching materials in English for the  puspose of teaching at Key Stage 3.    <label type="Years of Experience">Sept.2002-2004</label>    <label type="Designation">English and Drama Teacher</label>, <label type="College Name">West Gate  Community College</label>, <label type="Location">Newcastle</label>  Duties: <label type="Job Specific Skills">Teaching English</label> at KS3 and KS4.  I held extra curricula activities, took part in moderating  exams and invigilated internal exams, prepared KS3  and KS4 students for their exams and coursework,  held a key role in students personal and social  education, attended seminars, led the Literacy  Strategy targeting year 9 pupils, designed and  implemented schemes of work, attended and held  departmental meetings.    2001    Trainee, <label type="Designation">English Teacher</label>, <label type="Companies worked at">Thornaby School</label>,  <label type="Location">Stockton</label>  Duties: <label type="Job Specific Skills">Teaching English </label>at KS3-KS4. This teaching  practice enabled me to use a plethora of teaching and  learning techniques in order to support the teaching  and learning of pupils from the full range of abilities.  Part of my time I used to enhance my own learning  outside the classroom by devising and implementing  schemes of work. In addition to this, I attended  departmental and school meetings, took part in the  moderation of students coursework, taught Drama  and assisted in students preparation of drama  coursework, class registration.    <label type="Years of Experience">2001</label>    <label type="Designation">Trainee</label>, <label type="Designation">English teacher</label>, <label type="Companies worked at">SandhillView School</label>  Duties: <label type="Job Specific Skills">Teaching English</label> at KS3-KS4. This teaching  practice enabled me to utilise differing teaching  strategies to support the learning of students from the    full range of abilities. Part of my time, I undertook  pastoral and other professional duties. In addition to  these responsibilities I was able to contribute to extra  curricula activities by helping with the school drama  group and assisting on drama productions. I  participated on parents evenings and contributed in  report writing, attended departmental and school  meetings, modelled and implemented the Basic Skills  unit in KS3, designed and implemented schemes of  work, prepared KS3 and KS4 classes for their exams,  taught Gifted and talented classes, taught Special  Needs classes and kept records of IEPs.    Summer <label type="Years of Experience">1998</label>-    <label type="Designation">Social Activities Organiser</label>, Warden, <label type="College Name">St. Clares  International College</label>, <label type="Location">Oxford</label>  Duties: My duties as an SAO involved organising  activities for the students, trips, sports and  participating in them. As a warden, my duties involved  taking care of the students under the colleges  premises, informing and applying the Health and Fire  regulations.    <label type="Years of Experience">1997-1998</label>    <label type="Designation">Voluntary Teacher</label>, <label type="Companies worked at">Felstead School</label>, Sunderland  Duties: I was assisting pupils with Special Needs to  learn English on a voluntary basis.    <label type="Years of Experience">1996-1997</label>    <label type="Designation">Assistant Teacher</label>, <label type="Companies worked at">Alexandra Sarri School</label>,  <label type="Location">Thebes, Greece</label>  Duties: <label type="Job Specific Skills">Teaching and mentoring students</label> with  learning difficulties in English.    INSET:  2006    Child Protection, Sunderland City Council    2005-2006    Athens, Greece.  Held seminars in EFL books and their evaluation,  provision of activities to aid learning.    <label type="Years of Experience">2002-2004</label>    <label type="Companies worked at">West Gate Community College</label>, <label type="Location">Newcastle</label>  <label type="Job Specific Skills">Literacy Planning and Provision</label> at KS3, KS3 <label type="Job Specific Skills">Literacy  Training</label>, <label type="Job Specific Skills">Moderation of Exams</label>, <label type="Job Specific Skills">Behavioural  Management</label>, <label type="Job Specific Skills">Curriculum Overview</label>, <label type="Job Specific Skills">Accellerated  Learning</label>.    2001    St. Anthonys Catholic School, Sunderland.  KS2/3 Transfer, Setting Targets/Objectives.    2001    <label type="College Name">University of Sunderland</label>.  I successfully delivered the National Literacy  Framework to a group of trainee teachers at the  University of Sunderland.    SKILLS:  IT Skills:    <label type="Tech Tools">Windows</label>, <label type="Tech Tools">MS Office</label> (<label type="Tech Tools">Access</label>, <label type="Tech Tools">Excel</label>, <label type="Tech Tools">Word</label>, <label type="Tech Tools">Power  Point</label>) Internet    Foreign Languages:    <label type="Soft Skills">French</label>- Intermediate  <label type="Soft Skills">Spanish</label>- Intermediate  <label type="Soft Skills">Greek</label>- Proficient  <label type="Soft Skills">Italian</label>- Fluent    Sporting Interests:    Outdoor Activities including mountain walking and  skiing.  Reading, drawing, playing chess, swimming.    Hobbies:    REFERENCES:    1. Mr. <label type="Name">Azzie Woodrow Gaylord</label>  <label type="Designation">Headteacher</label>  <label type="College Name">Castle View School</label>  Cartwright Road  Hylton Castle  Sunderland  SR5 3DX    2. Mrs. <label type="Name">Azzie Woodrow Gaylord</label>  <label type="Designation">Director of MA Studies</label>  <label type="College Name">University of Sunderland  School of Education and Lifelong Learning</label>  <label type="Name">Azzie Woodrow Gaylord</label> Informatics Centre  St. Peters, Sunderland  SR6 0DD    Tel: 0123 345 7890  Fax: 0123 345 7890    Tel: 0123 345 7890  Email: <label type="Email Address">Tatum.Schmeler@yahoo.com</label>"
</cv>
