<?xml version="1.0" encoding="UTF-8"?>
<cv>
"CURRICULUM VITAE  <label type="Designation">Jody J. Fiorini</label>, <label type="Degree">Ph.D.</label>  CLES Department  104B Hubbard Hall, Box 142  <label type="Name">Kristeen Gracia Tromp</label>  1845 Fairmount St  <label type="Location">Wichita</label>, KS 67260  123-345-7890  <label type="Email Address">White.Trent@yahoo.com</label>  Academic Degrees  <label type="Degree">Ph.D.  M.S.Ed.  B.A.</label>    <label type="College Name">Syracuse University</label>, <label type="Graduation Year">2001</label>, <label type="Degree">Counselor Education &amp; Supervision</label>  SUNY <label type="Location">Oneonta</label>, <label type="Graduation Year">1993</label>, <label type="Degree">Counselor Education</label>  <label type="College Name">Binghamton University</label>, <label type="Graduation Year">1986</label>, <label type="Degree">Linguistics</label>    Honors/Awards/Licenses  <label type="Degree">Licensed Clinical Professional Counselor (LCPC)</label> - Kansas  Presidents Award for Excellence in Academic Advising  SUNY Oswego  New York State Senate Women of Distinction Award Honoree, 2013  Book of the Year Award  American Journal of Nursing, 2006  Phi Kappa Phi  National Honor Society  Chi Sigma Iota  National Counselor Education Honor Society  <label type="Degree">Certificate of University Teaching</label>, <label type="College Name">Syracuse University</label>  <label type="Location">New York</label> <label type="Degree">State Certified School Counselor</label> (Provisional)  Supervisor Recognition Award (NYCA)  Nationally Certified Counselor (NCC)  Approved Clinical Supervisor (ACS)  <label type="Degree">Licensed Mental Health Counselor  New York State (LMHC)</label>  Areas of Competency in <label type="Job Specific Skills">Teaching</label>  <label type="Job Specific Skills">Counseling Individuals with Disabilities</label>  Foundations of <label type="Job Specific Skills">Mental Health  Orientation</label> to <label type="Job Specific Skills">School Counseling</label>  <label type="Job Specific Skills">Counseling Theory</label> and <label type="Job Specific Skills">Practice  Group Counseling</label> <label type="Job Specific Skills">Theory and Practice</label>  <label type="Job Specific Skills">Grief &amp; Loss in Children</label>  <label type="Job Specific Skills">Appraisal &amp; Assessment    Culture</label>, Gender, &amp; Class in counseling  Professional Issues &amp; <label type="Job Specific Skills">Ethics in Mental Health</label>  <label type="Job Specific Skills">Consultation in School</label> Counseling  Counseling Practicum and Internship  <label type="Job Specific Skills">Child and Adolescent Development</label>  <label type="Job Specific Skills">Human Development</label> Across the Lifespan  Research &amp; Program Evaluation    Employment History  A. Higher Education  <label type="Years of Experience">2015  present</label>  <label type="Designation">Department Head</label> &amp; <label type="Designation">Associate Professor</label>, <label type="College Name">Wichita State University</label>  <label type="Years of Experience">2007  2015</label>  <label type="Designation">Associate Professor</label>, <label type="Job Specific Skills">Counseling &amp; Psychological Services</label>, <label type="College Name">SUNY</label>  <label type="Location">Oswego</label>  <label type="Years of Experience">Spring 2014</label>  <label type="Designation">Program Coordinator</label>, <label type="Job Specific Skills">Mental Health Counseling</label> program  <label type="Years of Experience">2008- 2009</label>  <label type="Designation">Interim Department Chair</label>, <label type="Job Specific Skills">Counseling &amp; Psychological Services</label>,  <label type="Companies worked at">SUNY</label> <label type="Location">Oswego</label>  <label type="Years of Experience">Spring 2008</label>  <label type="Designation">Acting Assistant Dean</label>, School of Education, <label type="Companies worked at">SUNY</label> <label type="Location">Oswego</label>  <label type="Years of Experience">Spring 2008</label>  <label type="Designation">Program Coordinator</label>, <label type="Job Specific Skills">Counseling Services Program</label>  <label type="Years of Experience">2007 - 2015</label>  Licensed <label type="Designation">Mental Health Counselor</label>, <label type="Companies worked at">CreekSide Counseling Services</label>    <label type="Years of Experience">20012007</label>    <label type="Designation">Assistant Professor</label>, <label type="Job Specific Skills">Counseling &amp; Psychological Services</label>, <label type="Companies worked at">SUNY</label>  <label type="Location">Oswego</label>  <label type="Years of Experience">2003-2007</label>  <label type="Designation">Mental Health Counselor</label>, <label type="Job Specific Skills">Integrative Counseling Services</label>, <label type="Location">Oswego</label>  <label type="Years of Experience">2000-2001</label>  <label type="Designation">Coordinator</label>, <label type="Job Specific Skills">Student Disability Services</label>, <label type="Companies worked at">SUNY</label> <label type="Location">Cortland</label>  <label type="Years of Experience">1998-2005</label>  <label type="Designation">Adjunct Professor</label>, <label type="College Name">Syracuse University</label>  <label type="Years of Experience">1998-1999</label>  <label type="Designation">EOP Counselor</label>, <label type="Designation">Adjunct Instructor</label>, <label type="Companies worked at">SUNY</label> <label type="Location">Morrisville</label>  <label type="Years of Experience">1997-1998</label>  <label type="Designation">Counseling Intern</label>, <label type="Companies worked at">SUNY</label> <label type="Location">Cortland</label>  <label type="Years of Experience">1996-1998</label>  <label type="Designation">Teaching Assistant</label> &amp; <label type="Designation">Clinical Supervisor</label>, <label type="College Name">Syracuse University</label>  <label type="Years of Experience">1994-1996</label>  <label type="Designation">Coordinator</label>, <label type="Job Specific Skills">Disability Support Services</label>, <label type="Companies worked at">SUNY</label> <label type="Location">Delhi</label>  <label type="Years of Experience">1993-1994</label>  <label type="Designation">Adjunct Instructor</label>, <label type="College Name">Marist College</label>  <label type="Years of Experience">1989-1992</label>  <label type="Designation">Instructor</label>, <label type="College Name">Broome Community College</label>  B. Primary/Secondary Education  <label type="Years of Experience">Fall 1993</label>  <label type="Designation">School Counselor</label>, Upstate Home for Children, <label type="Location">Oneonta</label>  <label type="Years of Experience">Spring 1993</label>  School <label type="Designation">Counseling Intern</label>, Cherry Valley-Springfield Central School  Program Development   Member of CACREP Self-Study Team   Assisted in developing a new Mental Health Counseling program for the metro center   As Chair of the CPS PDS Committee, developed a Professional Development School  model for the CPS Department. Organized and launched a series of Professional  Development Forums and a new mentoring program for students and new professionals  in the fields of Counseling &amp; School Psychology.   Developed a Graduate Certificate in Gerontology   Modified Counseling Services Program   Developed a licensure-qualifying 60 hour program in Mental Health Counseling  College/University Service  WSU   Leadership Team   Accreditation Steering Committee   College of Education Diversity Committee  SUNY Oswego   Academic Outreach Council: Member &amp; Chair   Faculty Assembly Representative   Governance Task Forces: Retention Task Force, Chair   Employee Assistance Program: Member   Search Committee Member   Member  Gerontology Graduate Certificate Committee   SOE Diversity Committee: Member   SOE Field Placement Committee: Chair   SOE Assessment Committee: Ex Officio Member   SOE Faculty Council: Ex Officio Member   SOE Administrative Advisory Council: Member   CPS Personnel Review Committee: Chair   Chair, PDI Committee   Coordinator, Professional Development Forums   Mental Health Counseling Program Coordinator (Fall 07, Spring 2014)   Mental Health Counseling Program Advisory Board                                        Counseling Services Program Coordinator (Spring 08)  Counseling Services Program Advisory Board  Chair, Ad Hoc Committee of Licensure Issues In Counseling  Curriculum Committee  Alumni Scholarship Research Grants Committee  SOE Diversity Subcommittee on Retention &amp; Recruitment of Candidates  SOE PDS Policies Committee  Coordinator, CPS Graduate Assistants  EAP Coordinator  Facilitator, Campus Smoking Cessation Program  Disaster Response Team  Liberty Partnership Program Advisory Council  Peer Review Committee  Coordinated the online portion of the School of Education-wide Symposium  Representative to the Liberty Partnerships Program Focus Forum  Catalyst Project Advisory Board  Provosts Planning Committee on Scholarly &amp; Creative Activities    Community Service   Board Member for the SETH Project  foundation for suicide prevention &amp; mental  health awareness   Opened a counseling clinic to serve high needs/low income clients in Oswego County   Consulted with Central Square School Counselors and administrators to improve  guidance programming   Advisory Board Member of the Central New York Autism Spectrum Disorders Advisory  Council   Member of the Disabilities Studies Institute, a regional committee headquartered in  Cortland, New York.   Consultant and advocate for persons with disabilities and their families   Campus Representative to the Onondaga/Oswego County Red Cross Disaster Services  Committee   Member of the Oswego-Onondaga County Red Cross Crisis Response Team   Member of the Oswego-Onondaga County Red Cross Disaster Preparedness Committee   Mental Health Services   Educational Liaison for Hillside Childrens Services  Professional Organizations  A. Memberships   American Counseling Association   Association for Counselor Education and Supervision   Kansas Counseling Association   Kansas Association for Counselor Education &amp; Supervision   Kansas School Counselors Association   North Atlantic Region Association for Counselor Education and Supervision   ACA - New York   New York Association for Counselor Education and Supervision   New York Mental Health Counselors Association    B. Professional Assignments  Present Reviewer - Journal of Clinical Counseling, a publication of the New York  Mental Health Counselors Association.  Past Co-Editor of the Journal of Clinical Counseling, a publication of the New York  Mental Health Counselors Association.  Past Editor of the NARACES Newsletter, a publication of the North Atlantic  Region Association for Counselor Education and Supervision.  Past Secretary/Treasurer of New York Association for Counselor Education &amp;  Supervision  Past Secretary of the North Atlantic Region Association for Counselor Education  and Supervision  Publications  A. Books &amp; Book Chapters  Fiorini, J. Understanding the Social/Emotional Problems of Students with Learning  Disabilities. Champaign, IL: Research Press. (Invited manuscript for publication)  Fiorini, J. (2008) Supervising Counselors Who Work With Special Needs Children, Mullen,  J. &amp; Drewes, A., Supervising Child Counselors, Rowman &amp; Littlefield Publishers.  Fiorini, J. &amp; Mullen, J. (2006). Counseling Children and Adolescents through Grief and  Loss. Champaign, IL: Research Press.  Fiorini, J. (2006). Chapter: Academic Difficulties: The boys just lazy. Published in  Hobson, S. Critical Incidents in Counseling Children, 1st Ed.  Fiorini, J. (2004). Chapter: Silent member. Published in Tyson, Perusse, and Pederson.  Critical Incidents in Group Counseling, 1st Ed.  Fiorini, J. (2004). Critical incident response: Attacking the Leader. Published in Tyson,  Perusse, and Pederson. Critical Incidents in Group Counseling, 1st Ed.  B. Articles  Kavanaugh, Claire, &amp; Fiorini, Jody (2009). Uses of bibliotherapy for adoptive children  and their families. ACA Vistas Online. American Counseling Association:  Arlington, VA.  Fiorini, J. &amp; Mullen J. (2006). Understanding Grief and Loss in Children. VISTAS 2006.  Arlington, VA: American Counseling Association.  Fiorini, J. (2003). Perceived Roles of School Counselors in Working with Students with  Learning Disabilities. Journal of the Professional Counselor, 18, pp. 31-41.  Fiorini, J. (2003). CPS Department Launches New Professional Development Initiative.  Sheldons Sphere, 10, pp.3-6.  Fiorini, J. (2002). Tapping the Strengths of Individuals with Attention Deficit Disorder:  Strategies for Counselors. NYMCHA News.  Fiorini, J. (2001). An investigation into the school counselors role with students with  learning disabilities. (Doctoral dissertation, Syracuse University, 2001) Dissertation  Abstracts International, 62, No. 06A.  Bradley, C. &amp; Fiorini, J. (1999). Evaluation of counseling practicum: National study of  programs accredited by CACREP. Counselor Education &amp; Supervision.  Fiorini, J. (1998). Student Perspective. ACES Spectrum, 59, p. 9.    C. Non-published Reports  Fiorini, J. (2014). Perceived Preparation of School Counselors in Working with Students  with Learning Disabilities. In revision.  Fiorini, J. (2002). Barriers that Prevent School Counselors from Working with Students with  Learning Disabilities. Manuscript submitted for publication.  Fiorini, J. (2002). Social-Emotional Characteristics of Students with Learning Disabilities.  Manuscript submitted for publication.  Presentations  Fiorini, J. Helping Counseling Students Overcome Classism. Paper presented at the  Association for Counselor Education and Supervision, Philadelphia, PA,  October, 2014  Fiorini, J &amp; Gonzalez, T. Professional Issues for School Counselors Transitioning to  Mental Health Positions. Paper presented at the North Atlantic Region  Association for Counselor Education and Supervision, Providence, RI,  September, 2014  Gonzalez, T. &amp; Fiorini, J. Sorry didnt mean to laugh: Techniques for curbing  inappropriate laughter. Paper presented at the North Atlantic Region  Association for Counselor Education and Supervision, Providence, RI,  September, 2014  Fiorini, J. SAVE Training, SUNY Oswego, November, 2014  Fiorini, J. Insurance Issues in Mental Health, Mental Wellness Conference, SUNY Oswego,  April 2014  Fiorini, J. Changing Definitions of Monogamy &amp; Infidelity, New York, Mental Health  Counselors Association Conference, Albany, NY, April, 2014  Fiorini, J. Mental Health Careers, SUNY Oswego Healthcare Careers Conference,  February, 2014  Fiorini, J. SAVE Training, SUNY Oswego, November, 2013  Fiorini, J. Mandated Reporter Training, SUNY Oswego, October, 2013  Fiorini, J. SAVE Training, SUNY Oswego, November, 2012  Fiorini, J. Mandated Reporter Training, SUNY Oswego, October 2012  Fiorini, J. SAVE Training, SUNY Oswego, November, 2011  Fiorini, J. Mandated Reporter Training, SUNY Oswego, October 2011  Fiorini, J. Counseling Children in Military Families, Jefferson County Mental Health  Association, Watertown, NY, May, 2013  Fiorini, J. NYS Licensure Preparation Workshop, Oswego, April 2011  Fiorini, J. Mandated Reporter Training, SUNY Oswego, October 2010.  Fiorini, J. Integrating Advocacy Projects into the Counseling Curriculum. Association for  Counselor Education and Supervision, San Diego, CA., October 2009.  Fiorini, J. Mandated Reporter Training, SUNY Oswego, October 2009.  Fiorini, J., Levine, C., Loban, E., Shepard, K. Counseling GLBT clients through the coming  out process. NY Mental Health Counselors Association Conference, Albany, NY.  April 2010.  Dzintars, K., Fiorini, J., Lortie, M., Ryan, J. Using poetry, song, and movement in  counseling. NY Mental Health Counselors Association Conference, Albany, NY.  April 2010.  Fiorini, J., Johnson, A., Halstead, A., Yaichuk-Ryan, R., Scialdone, J., Semeraro, D.  Empowering Mandated Clients. NY Mental Health Counselors Association  Conference, Albany, NY. April 2010.    Fiorini, J., Boyce, D., Butterfield, A., Hanlon, B, Henderson, P., Monahan, J, Wolcott, S.,  and Ziegen, R. (September, 2008). Integrating Advocacy Projects into the  Counseling Curriculum. Paper presented at the North Atlantic Region  Association for Counselor Education and Supervision Conference, Portland, ME.  Fiorini, J. (May 2008). Understanding Learning Disabilities, Oswego High School.  Fiorini, J. (December, 2007). Parenting Children with Special Needs, ARISE, Oswego,  NY.  Fiorini, J. (October 2007). Mandated Reporter Training. SUNY-Oswego.  Fiorini, J. (April 2008). Mandated Reporter Training. SUNY-Oswego.  Fiorini, J. (2007, October). Using Authentic Learning Activities to Teach Research and  Program Evaluation. Paper presented at the Association for Counselor Education &amp;  Supervision National Conference, Columbus, OH.  Fiorini, J. &amp; Cadwallader, E. (2007, March). Helping LD Students Transition from High  School to College or Work, CPS Professional Development Forum, SUNY Oswego.  Fiorini, J. (2007, April). Hearing the Patient's Voice. Cayuga Community College, Fulton,  NY.  Fiorini, J. (May, 2007). Understanding Learning Disabilities. Presented At Oswego High  School.  Fiorini, J., Anderson, M., Gonzalez, T., Kemp, J., Maruyama, Y., Okumu, L., Pozzi, K.,  Rodriguez, R., &amp; San Jorge, A. (2006, October) Growing pains: The experiences of  multicultural students attending a predominantly white counseling program.  Presented at the North Atlantic Region Association for Counselor Education and  Supervision Conference, Lake George, NY.  Fiorini, J. (July, 2006). Counseling Students Through Grief and Loss. Presented at Ray G.  Bodley High School for the Fulton City School District.  Fiorini, J. (May, 2006). Understanding Learning Disabilities. Presented At Oswego High  School.  Fiorini, J. (March 2006). Invited Keynote Address: Understanding Self-Inflicted  Violence. Presented at Cicero-North Syracuse Staff Development Day.  Fiorini, J. &amp; Mullen, J. (2006, March). Assisting families of children and adolescents who  have experienced grief and loss. Presented at the American Counseling Association  World Conference, Montreal, Canada.  Fiorini, J. &amp; Choudhuri, D. (2006, March). Becoming a counselor educator: The nuts and  bolts of teaching and training counselors. Presented at the American Counseling  Association World Conference, Montreal, Canada.  Fiorini, J. &amp; Mullen, J. (2005, October). Assisting counselors-in-training to work with  children and adolescents who have experienced grief and loss. Presented at the  Association for Counselor Education and Supervision Conference, Pittsburgh, PA.  Fiorini, J. (2005, April). What does a counselor do anyway? Advocating for our profession.  Paper presented at the SUNY Oswego Spring Seminar.  Mullen, J., Fiorini, J., &amp; LeBlanc, M. (2004, October). As seen on TV: Using popular media  in counselor education. Paper presented at the North Atlantic Region Association of  Counselor Education and Supervision conference, Mystic, Connecticut.  Fiorini, J., Sorrendino, M, &amp; Farfaglia, M. (2004, October). Alcohol 101: A primer for  counselors. Paper presented at the New York State Counseling Association  Conference, Glens Falls, NY.  Fiorini, J., Lawrence-Dever, C. (2004, October). Reframing PMS: The healing power of a  womans menstrual cycle. Paper presented at the New York State Counseling  Association Conference, Glens Falls, NY.    Clark, K., &amp; Fiorini, J. (2004, October). Addressing the professional development needs of  school psychologists and school counselors. Paper presented at the New York  Association of School Psychologists, Buffalo, NY.  Fiorini, J. (2004, November). Helping students negotiate the hidden curriculum. Presented  at the CPS Professional Development Initiative, Phoenix, NY.  Fiorini, J. (2004, April). Counseling Parents of Children with Disabilities. Presented at the  American Counseling Association World Conference, Kansas City, MO.  Fiorini, J. (2004, April). Counseling Parents of Children with Disabilities. Paper presented  at the New York Mental Health Counselors Association Conference, Albany, NY.  Fiorini, J. (2004, April). Stress Relief for Counselors. Presented at the SUNY Oswego  Spring Seminar.  Fiorini, J., Waterman, B, &amp; Clark, K. (2003, October). Maintaining Connections: A Joint  Professional Development Initiative. Paper presented at the North Atlantic Region  Association of Counselor Education and Supervision conference, Canandaigua, NY.  Le Blanc, M., &amp; Fiorini, J. (2003, October). Fear Factor: Dealing with Test Anxiety in  Counselor Training. Paper presented at the North Atlantic Region Association of  Counselor Education and Supervision conference, Canandaigua, NY.  Fiorini, J. &amp; Mullen, J. (2003, March). Counseling Children Through Grief and Loss. Paper  presented at the American Counseling Association World Conference, Anaheim,  CA.  Fiorini, J. (2003, April). Stress Relief for Counselors. Presented at the SUNY Oswego  Spring Seminar.  Fiorini, J. (2002, November). Wellness for Counselors. Paper presented at the New York  State Counseling Association Conference, Cooperstown, NY.  Fiorini, J. (2002, October). Experiencing a Learning Disability: Simulation Exercises for  Counselor Educators. Paper presented at the Association of Counselor Education  and Supervision conference, Park City, UT.  Fiorini, J. (2002, March). Imagine Living with a Learning Disability. Paper presented at the  SUNY Oswego Spring Seminar, Oswego, NY.  Fiorini, J. (2002, February). Experiencing a Learning Disability: Simulation Exercises for  School Counselors. Invited speaker at the Syracuse University Counselor Update  2002 Conference, Syracuse, NY.  Fiorini, J. (October 2001). Experiencing a Learning Disability: Simulation Exercises for  Counselor Educators. Paper presented at the North Atlantic Region for Counselor  Education and Supervision Conference, Amherst, MA.  Fiorini, J. (December 2000). Teaching Foreign Languages to Students with Learning  Disabilities. Paper presented at the Foreign Language Teachers Conference,  Cortland, NY.  Fiorini, J. (October 2000). Social Adjustment Problems of Students with Learning  Disabilities. Paper presented at New York Counseling Association Conference,  Syracuse, NY.  Fiorini, J. (October 2000). Imagine Life with a Disability. Paper presented at the Wellness  Wednesday Series, Cortland, NY.  Fiorini, J. &amp; Pearson, R. (September, 1998). Putting the group in group counseling. Paper  presented at the North Atlantic Region Association for Counselor Education &amp;  Supervision, Wells, ME.  Sapon-Shevin, M. &amp; Fiorini, J. (April, 1998). Inclusion in the schools: Collaboration  between counselors and special educators. Paper presented at the Region II School  Counselors Association, Syracuse, NY.    Fiorini, J. (March, 1998). Gender &amp; disability awareness for counselor educators. Paper  presented at the 1998 American Counseling Association World Conference,  Indianapolis, IN.  Fiorini, J. (September, 1997). Fostering disability awareness in counselors-in-training.  Paper presented at the 1997 North Atlantic Regional Association for Counselor  Education &amp; Supervision, Plattsburgh, NY.  Cimimi, D., Fiorini, J. &amp; Spey, D. (June, 1997). Psychological services for disabled  students. Paper presented at the Counseling Centers of New York 15th Annual  Conference, Syracuse, NY.  Fiorini, J. &amp; Hardt, M. (March, 1997). Counseling students with special needs. Paper  presented at the Region II School Counselors Association, Syracuse, NY.  Glover, N. &amp; Fiorini, J. (March, 1997). Stress relief for counselors. Paper presented at the  Region II School Counselors Association, Syracuse, NY.  Invited Speaker  Fiorini, J. Mental Health Careers, SUNY Oswego Healthcare Careers Conference,  February, 2014  Fiorini, J. Counseling Children in Military Families, Jefferson County Mental Health  Association, Watertown, NY, May, 2013  Fiorini, J. Coping with Lifes Challenges. Student Services Expo 2010, Oswego High  School, May 2010.  Fiorini, J. Private Practice and Licensure Issues, CPS 508, SUNY Oswego, April 2010.  Fiorini, J. Women with Disabilities, SUNY Oswego Women's Center, April 2010.  Fiorini, J. Ethics for School Counselors. CPS 530, SUNY Oswego, October, 2009.  Fiorini, J. (May 2008). Learning from Pooh. Keynote Address, Employee Recognition  Luncheon, SUNY Oswego.  Fiorini, J. (July, 2005) Invited Address: Understanding Issues of Social Class. Presented at  the Oswego County Opportunities Youth Services Training Seminar, Oswego, NY.  Fiorini, J. (February, 2005) Invited Address: Understanding Self-Inflicted Violence.  Presented at the Oswego County Opportunities Youth Services Training Seminar,  Oswego, NY.  Fiorini, J. ( January, 2004) Change is not a Four-Letter Word: Taking Care of Ourselves in  This Climate of Complexity. Invited Keynote Speaker at the 13th Annual Counselors\xe2\x80\x9d  Reflection and Renewal Conference at the University of Rochester  Fiorini, J. (May, 2003) The Learning Disabled Student and the College Search. Presented at  a Career Expo at Baldwinsville School District.  Fiorini, J. (March 2001) The Impact of Genetic Engineering and Selective Abortion on the  Psyche of Persons with Disabilities  Science &amp; Society Class  Philosophy  Department, SUNY Cortland  Fiorini, J. (April, 2001) Conducting Survey Research  Survey Research CourseInstructional Design, Development, and Evaluation Program  School of Education,  Syracuse University  Fiorini, J. (May, 2001) The Role of the School Counselor in Working with Students with  Disabilities  Counseling Internship Course  School of Education, <label type="College Name">Syracuse  University</label>"
</cv>
