<?xml version="1.0" encoding="UTF-8"?>
<cv>
"CURRICULUM VITAE  PERSONAL DATA______________________________________________________________________  NAME  :  <label type="Name">Kendall Myles Halvorson</label>  GENDER    :    Female    NATIONALITY    :    Kenyan    STATUS    :    Married    RELIGION    :    Christian    LANGUAGE    :    <label type="Soft Skills">English</label>, <label type="Soft Skills">Swahili</label> and <label type="Soft Skills">Meru</label>    EMAIL ADDRESS    :    <label type="Email Address">Ramon37@maak.io</label>    CELL PHONE NUMBER :    +254 723 553 385    SUMMARY____________________________________________________________________________  I have trained and worked as a <label type="Designation">lecturer</label>, <label type="Designation">motivational speaker</label>, and <label type="Designation">trainer</label> of community health workers,  facilitator, a <label type="Designation">nurse tutor</label> and <label type="Designation">nurse practitioner</label> for more than <label type="Years of Experience">10 years</label>. As a result I have gained relevant  experience and competence in <label type="Job Specific Skills">lecturing</label>, <label type="Job Specific Skills">training</label> and <label type="Job Specific Skills">teaching</label> to impart knowledge, skills and  appropriate attitudes that are necessary for healthy living to various audiences. I am now looking for  employment on a more permanent basis.  MISSION______________________________________________________________________________  To make the best use of accumulated knowledge and skills to improve the health and social economic  status of the population in <label type="Location">Kenya</label> and beyond, through participation and involvement in information,  communication and education for sustainable social change for health and development.  PROFESSIONAL TRAINING______________________________________________________________  2009    :    2006    :    1999    :    1982    :    1981  1977    :  :    1975    :    Admitted to study the award of <label type="Degree">PhD degree</label> of <label type="College Name">Kenyatta University</label>, admission  Number P97/11069/2008. I am doing corrections on the first draft of the thesis.  Awarded <label type="Degree">Master of Public Health and Epidemiology (MPHE) Degree</label> of <label type="College Name">Kenyatta  University</label>.  Awarded <label type="Degree">Bachelor of Art in Community Development (BA Com. Dev) Degree</label> of  <label type="College Name">Daystar University</label>.  Awarded <label type="Degree">Kenya Registered Health Visitor (KRCHN)</label> of the <label type="College Name">Nursing Council of  Kenya</label>.  Awarded <label type="Degree">Diploma in Advance Nursing (DAN)</label> of <label type="College Name">Nairobi University</label>.  Awarded <label type="Degree">diploma in Midwifery (KRM)</label> of the <label type="College Name">Nursing Council of Kenya</label> upon  completion of studies in <label type="Companies worked at">Mater Hospital</label>, <label type="Location">Nairobi</label>.  Awarded <label type="Degree">Diploma in Nursing (KRN)</label> upon completion of studies in the <label type="Companies worked at">Aga Khan  Hospital</label>, <label type="Location">Nairobi</label>.    PROFESSIONAL EXPERIENCE______________________________________________________________  LECTURING/ TEACHING  2013-To date    :    2007- To date :    2001- 2009    :    1999-2001    :    1990-1995    :    1981-1985    :    Part time <label type="Designation">lecturer</label> in the <label type="Companies worked at">department of Environmental Health</label> of <label type="College Name">Kenyatta  University</label>. Teaching <label type="Job Specific Skills">Child and Maternal Health</label> units.  Supervision of Research Projects for under graduates students  Part time <label type="Designation">lecturer</label> in the <label type="Companies worked at">Nursing Sciences Department</label> of <label type="College Name">Kenyatta University</label>.  Units taught: <label type="Job Specific Skills">Health promotion</label>, <label type="Job Specific Skills">Social work</label>, <label type="Job Specific Skills">Community Development,</label>  <label type="Job Specific Skills">Research Methodologies</label>, <label type="Job Specific Skills">Public Relations in Nursing</label> practice, <label type="Job Specific Skills">Occupational  Health</label>, Gender and Health and <label type="Job Specific Skills">Geriatric Nursing</label>.  <label type="Designation">Motivational Speaker</label> on continuing education for better living study skills and  academic advisory <label type="Designation">board member</label> in <label type="Companies worked at">PREMESE Africa Community Development  Institute</label>.  Lectured in the Living Word Church Bible School.  Units taught: <label type="Job Specific Skills">Church and Community Development</label>.  <label type="Designation">Chief trainer</label> and curriculum vitae developer for Community Health Workers  (CHWs) and Village Health Communities (VHCs) for the Family Health Action  Network. (FHN)  <label type="Designation">Nurse Tutor </label>and later acting principle tutor in <label type="College Name">Clive school of nursing</label>, <label type="Companies worked at">Chogoria  Hospital</label>.  Units Taught: <label type="Job Specific Skills">Pediatric nursing</label>, <label type="Job Specific Skills">Midwifery</label>, <label type="Job Specific Skills">Public Health</label>, <label type="Job Specific Skills">Mental health</label> and  <label type="Job Specific Skills">psychiatric nursing</label>. Also training of community health workers (CHWs), village  head communities (VHCs), traditional birth attendants (TBAs), Field Health  Educators (FHEs) and facilitator. I was later promoted to the position of  Coordinator of Primary Health Care (PHC).    WORKING EXPERIENCE  2001- 2007    :    1988-2011    :    1997- 1999    :    Lecturing and facilitating training seminars in <label type="Companies worked at">PREMESE Africa  Community Development Institute</label>.  <label type="Designation">External examiner</label> of the diploma programmes.  Units Taught: Impact of HIV/ AIDS on Community Development, <label type="Job Specific Skills">Gender and  development</label> and <label type="Job Specific Skills">Research methodologies</label>.  Engaged in private medical practice. Main areas of activities were preventive,  Maternal child health, Family planning, Counseling the chronically ill including  those living with HIV/ AIDS and referral for specialized management.  Worked part time in <label type="College Name">Daystar University</label> <label type="Companies worked at">Athi River campus Health Clinic</label>. Major  duties were <label type="Job Specific Skills">dispensing medicine</label>, <label type="Job Specific Skills">record keeping</label> and occasionally counseling  the chronically ill and emotionally disturbed.    1990- 1995    :    1986-1987    :    1975-1985    :    <label type="Designation">Founder</label> and <label type="Designation">program officer</label> of <label type="Companies worked at">Health Action Network (FAHN)</label>. Responsibilities  included project proposal writing and fund raising, Project development,  training women, youth and village leaders on health and development matters  and educating sex workers on alternative methods of earning income.  Consulted in breast feeding promotion and control of marketing breast milk  substitute, curriculum development of Primary Health Care projects and training  of community health workers at Breast feeding Information Group (BIG) and  International Breast feeding Alliance Network (IBFAN)  Worked in Pediatric, medical, maternity, Nursing School and  community health departments in Chogoria Hospital. The areas of experience  included, pediatric and medical nursing as nursing officer III, Maternity ward as  nursing officer II in charge. Part time midwifery tutor, also responsible for  delivery and home visiting assessment. Transferred as ordinary tutor and later  acting principle tutor, in-charge of administration of the school of nursing. Other  responsibilities included teaching <label type="Job Specific Skills">Community Health Nursing</label>, <label type="Job Specific Skills">Mental Health  and Psychiatric Nursing</label> and research methodology (Community diagnosis)  Later I worked as a <label type="Designation">coordinator</label> of <label type="Companies worked at">Community Based Health Care Program</label> in the  community Training and <label type="Designation">Coordinator of facilitators</label>, CHWs, TBAs and Field  Health educators. Rose to the level of senior nursing officer by the time when I  resigned.    OTHER RELEVANT EXPERIENCE  2005- 2009  2002    :  :    2001    :    1999    :    1999    :    1994    :    1987-1990    :    1985    :    1985    :    Developed manuscripts for publication when funds will be available.  Participated in setting up a community based health fund for parents and  friends of disabled children.  Carried out a research titled \xe2\x80\x9cRESPIRATORY DISORDERS ASSOCIATED WITH  QUARY MINING IN <label type="Location">EMBAKASI, NAIROB</label>I\xe2\x80\x9d.  Co- authored a research paper presented in the Annual Scientific Conference in  <label type="College Name">Kenyatta University</label>.  Co-ordinated a training seminar for manager of Social Welfare Department of  Lavington United Church. The theme was to review the program and plan for  new millennium. Had seven weeks internship in the social welfare program.  Conducted a study on religious Denominational Affiliation of Commercial Sex  workers in Njiru Location, Nairobi (Unpublished).  Participated in two community diagnosis studies with a view to establish  Primary Health Care in Njiru Location, Nairobi and Navakholo Location,  Kakamega, respectively.  Participated in Food relief program during famine in Meru sponsored by UNICEF  <label type="Location">Kenya</label> Office.  Participated in comprehensive evaluation of a community based health care  project in Chogoria Hospital. The findings were used to restructure the project.    INTERESTS____________________________________________________________________________  Researching on community health and development issues, empowering disadvantaged groups such as  women and children, gender issues and travelling.  REFEREES_____________________________________________________________________________  Mrs. <label type="Name">Kendall Myles Halvorson</label>  <label type="Designation">Chairperson</label>  <label type="Companies worked at">Nursing Department</label>,  <label type="College Name">Kenyatta University</label>  P.O BOX 43123-456789  <label type="Location">Nairobi, Kenya</label>.  Cell Phone: 0729 469 970  Mrs. <label type="Name">Kendall Myles Halvorson</label>  <label type="Designation">Lecturer</label>  <label type="College Name">Kenyatta University</label>  P.O BOX 43123-456789  <label type="Location">Nairobi, Kenya</label>.  Cell Phone: 0722 466 297  Dr. <label type="Name">Kendall Myles Halvorson</label>  <label type="College Name">Mount Kenya University</label>  <label type="Companies worked at">Department of Nursing Sciences</label>  Cell Phone: 0723 846 810"
</cv>
