<?xml version="1.0" encoding="UTF-8"?>
<cv>
"Sample resume  secondary education  DO NOT COPY: You are advised not to copy  this sample, but to use it to generate ideas to  create your own resume.    <label type="Name">Aubrey Okuneva</label>  35 Hill Cresent  Oakleigh Vic, 3166  Mobile: 0415 340 020  <label type="Email Address">Herbert42@yahoo.com</label>    Education  <label type="Graduation Year">Feb 2014  Current</label>    <label type="Degree">Masters of Teaching</label>  <label type="College Name">Monash University</label>   Subject specialisms: <label type="Job Specific Skills">History</label> and <label type="Job Specific Skills">Media Studies</label>   Due to complete November 2015    <label type="Graduation Year">Feb 2008  Nov 2010</label> <label type="Degree">Bachelor of Arts</label>  <label type="College Name">Monash University</label>  <label type="Degree">Majors: History, Minor: Media Studies</label>   Achieved a Distinction Average   Undertook Journalism Professional Practice unit at Herald Sun  Nov 2007    V.C.E.  South Oakleigh Secondary College   Prefect and captain of womens soccer team    Professional Development  Jun 2012    Child Protection  Professional Development course  Hillside Primary School    Nov 2009  And 2012    Senior <label type="Degree">First Aid Certificate</label>: Level 2  Australian <label type="Soft Skills">First Aid</label>   Updated <label type="Soft Skills">CPR training</label>, <label type="Years of Experience">February 2010    Summer 2009</label>    <label type="Designation">Education Support</label> (Training Program)  <label type="Companies worked at">Australian Education Industry Centre</label>    Teaching Experience  <label type="Years of Experience">Aug-Sept 2014</label>    <label type="Designation">Student Teacher</label>  <label type="Companies worked at">Rowville Secondary</label> College   Developed <label type="Job Specific Skills">lesson plan units</label> for Media Studies and History  Highlights   Worked with the children on exploring multiculturalism,   Initiated a small project, which contributed to students term assessment and  ability to independently take class activities    <label type="Years of Experience">Apr - May 2013</label>    <label type="Designation">Student Teacher</label>  <label type="Companies worked at">Brighton Secondary</label> School   Lesson plan areas included Health and PE, Literacy and Numeracy  Highlights   Worked in an open classroom environment   Experienced and compared the differences between a rural and suburban  classroom    Relevant Educational Experience  <label type="Years of Experience">Mar 2008 - Current</label>    <label type="Designation">Integration Aide</label>  <label type="Companies worked at">Hillside Primary</label> School  Responsibilities:   Supervised children with additional needs, including Autism Spectrum  Disorder, Attention Deficit Hyperactivity Disorder, Down Syndrome and  Narcolepsy   Managed individual students progress and learning, behaviour management   Liaised with classroom teacher, principal and parents about student progress    <label type="Years of Experience">Nov 2009  Feb 2013</label> <label type="Designation">Out of School Hours Care Service Attendant</label>  <label type="Companies worked at">Hillside Primary</label> School, Out of School Hours Care program  Responsibilities:   Supervised approximately 40 children   Developing a positive and warm environment for the children   Ensued implementation of appropriate <label type="Job Specific Skills">behaviour management strategies</label>   Assisted with the overall administration of the OSHC program   Provided care reflecting an awareness of childrens' individual needs,  including assisting with planning and providing stimulating activities, catered  to the specialised care of children with additional needs   Ensured that all involved with the OSHC program had an understanding of the  Quality Assurance standards and procedures    Skills Summary  <label type="Soft Skills">Communication</label> and <label type="Soft Skills">Interpersonal</label> skills   Natural ability to establish a <label type="Soft Skills">good rapport</label> with young people, strengthened  through establishing <label type="Soft Skills">supportive relationships</label> with students in the classroom  environment and unstructured playing environment during placement   Effectively communicated with parents, staff members and children  demonstrated through success in teaching placements  <label type="Soft Skills">Planning</label> and <label type="Soft Skills">Organisational</label> skills   Strong organisational and planning skills, particularly highlighted through  planning, developing and implementing curriculum at Hillside Out of School  Hours Care program   Effectively co-ordinated a classroom of children, with particular skills in  <label type="Job Specific Skills">behaviour management strategies</label> and constructive use of time  Technology skills   Proficient in: <label type="Tech Tools">Microsoft Office</label> (<label type="Tech Tools">Word</label>, <label type="Tech Tools">Excel</label>, <label type="Tech Tools">Power-point</label> and <label type="Tech Tools">Publisher</label>),  <label type="Tech Tools">Internet</label>, <label type="Tech Tools">E-mail</label> and <label type="Tech Tools">Acrobat reader</label>   Specialist media software knowledge includes <label type="Tech Tools">Adobe InDesign</label>, <label type="Tech Tools">Photoshop</label>  <label type="Name">Aubrey Okuneva</label>    0415 057 478    Page 2  monash.edu/careers  <label type="Email Address">Herbert42@yahoo.com</label>  +61 3 9905 4170  Facebook.com/MonashECD    Pastoral skills          Encouraged a caring and positive learning environment fostered through  assisting students with additional needs within a regular class room setting  Demonstrated competence in <label type="Job Specific Skills">general care</label>, appropriate <label type="Job Specific Skills">curriculum planning</label>  and <label type="Job Specific Skills">teaching skills</label>, as well as administration and management across a range  of childrens services    Other Employment Experience  <label type="Years of Experience">July 2007  Nov 2012</label> <label type="Designation">Tutor</label>, <label type="Degree">Victorian Certificate of Education (VCE)</label>, History  Self-Employed   Tutored seven VCE History students to support their learning in VCE  curriculum   Effectively negotiated hours, boundaries and curriculum with students and  parents  <label type="Years of Experience">Feb 2008  Nov 2009</label> <label type="Designation">Contributor</label> and On Editorial Board  Lots Wife, <label type="College Name">Monash University</label> <label type="Companies worked at">Student Newspaper</label>   Contributed regular and ad-hoc articles   Selected and commissioned articles  Jan 2005  Feb 2008 General Waitperson  Chinos Caf\xc3\xa9, Rowville   Customer service and order taking   Prepared table s, plated food   Handled cash    Registrations_____________________________________________________________  2008, 2011    Working with Children Check    2008    National Criminal History Record Check    ref no. 89763330    Interests_________________________________________________________________  Reading crime novels, swimming, tennis, yoga and painting    Referees_________________________________________________________________  <label type="Name">Aubrey Okuneva</label>  <label type="Designation">Principal</label>  Hillside Primary School  <label type="Email Address">Herbert42@yahoo.com</label>  Phone: (03) 9995 4332    J<label type="Name">Aubrey Okuneva</label>    Mrs. <label type="Name">Aubrey Okuneva</label>  <label type="Designation">OSHC Co-ordinator</label>  Hillside Primary School OSHC  <label type="Email Address">Herbert42@yahoo.com</label>  Phone: (03) 9876 667    0415 057 478    Dr. <label type="Name">Aubrey Okuneva</label>  <label type="Designation">Lecturer</label>, Education Faculty  <label type="College Name">Monash University</label>, <label type="Location">Berwick</label>  <label type="Email Address">Herbert42@yahoo.com</label>  Phone: (03) 9800 1334    Page 3  monash.edu/careers  <label type="Email Address">Herbert42@yahoo.com</label>  +61 3 9905 4170  Facebook.com/MonashECD"
</cv>
