<?xml version="1.0" encoding="UTF-8"?>
<cv>
"JOB SEEKER  128 Pleasant Street  <label type="Location">Minneapolis, MN</label> 55416    ePortfolio: http://employment.eduction.umn.edu/jseeker    <label type="Email Address">OKris@fhal.info</label>  (123)345-7890    MINNESOTA STATE TEACHING LICENSES  \xe2\x80\xa2  \xe2\x80\xa2    <label type="Degree">Physical Education</label>, <label type="Degree">K-12</label>  Special Education: Developmental Adapted Physical, Pre K - grade 12    August 2011  August 2011    EDUCATION  <label type="College Name">University of Minnesota</label>, <label type="College Name">School of Kinesiology</label>  <label type="Degree">Masters of Education, Physical Education</label>  <label type="Degree">Bachelor of Science, Kinesiology Exercise Science</label>  \xe2\x80\xa2 Minor: Youth Studies  <label type="Degree">CPR Certification </label> Children and Adults  Awards and Honors  \xe2\x80\xa2 National Association for Sport &amp; Physical Education Student of the Year  \xe2\x80\xa2 Womens Physical Education Alumnae Association Scholarship    Twin Cities Campus  Anticipated May, 2013  May, 2010  2010 - Present  2010  2009    TEACHING EXPERIENCE  th    9 Grade<label type="Designation"> Physical Education and Health Student Teacher</label>  <label type="Location">Minneapolis, MN</label>  <label type="Companies worked at">Lane High School </label> <label type="Years of Experience">January  May 2011</label>  \xe2\x80\xa2 Lead a unit on <label type="Job Specific Skills">sexual health and reproduction</label> from which 90% of students met learning  objectives at or above 85% as assessed by an objective, multiple choice, True/False and short  essay exam adapted from district curriculum  \xe2\x80\xa2 Taught students how to work with others through team building activities such as the human knot,  relays, and the action name game  \xe2\x80\xa2 Prepared and taught a lesson on badminton from which, based on a formal assessment, 100% of  students learned the rules, shots, and stance  K-5 Physical Education  <label type="Location">Minneapolis, MN</label>  <label type="Companies worked at">Kenny Elementary</label> School  <label type="Years of Experience">September  December 2010</label>  \xe2\x80\xa2 Organized age appropriate sporting events, such as basketball, wiffleball, baseball, T-ball, and  kickball, focusing on students learning of strategy, teamwork, and cooperation  \xe2\x80\xa2 Ensured safety of children, utilizing cones, providing water breaks, equipment inspections, and  close supervision of class  \xe2\x80\xa2 Discussed the dangers of violence, peer pressure, and the importance of health and hygiene  COACHING EXPERIENCE  Girls High School <label type="Designation">Soccer Coach</label>, Sunnybrook Charter School, Fridley, MN  Girls Junior High <label type="Designation">Volleyball Coach</label>, Sunnybrook Charter School, Fridley, MN  Girls Ages 8-10 <label type="Designation">Soccer Coach</label>, Minneapolis Youth Soccer  Girls Ages 6-8 <label type="Designation">Assistant Soccer Coach</label>, Minneapolis Youth Soccer    2008-2009  2007-2009  2004-2007  2003    JOB SEEKER, page 2  RELATED EXPERIENCE  After School Activities Assistant  Spring Lake Park, MN  Spring Lake Park Elementary School  <label type="Years of Experience">August 2008 - June 2009</label>  \xe2\x80\xa2 Prepared classes in beading and instructed groups of 10-12 students in designing and making  jewelry, encouraging creativity and originality  \xe2\x80\xa2 Supervised children, ages 6-12, and provided structured games and activities  \xe2\x80\xa2 Encouraged full participation in games and instructed students in rules and techniques  <label type="Designation">Intern</label>  <label type="Location">Boundary Waters, MN</label>  <label type="Companies worked at">Outward Bound Wilderness  Dogsled and Ski Adventure</label>  Winter Break (4 weeks), 2008  \xe2\x80\xa2 Instructed teenagers and adults, in small groups of ten, in preparing sleds, dogs, and equipment  \xe2\x80\xa2 Taught cross country ski technique and strategies for keeping stamina in long distance trips  \xe2\x80\xa2 Assisted Leader in group processes and activities and in team building  \xe2\x80\xa2 Counseled individuals having difficulty with the adventure and assisted them in overcoming fears  Participant  December (15 days), 2007  \xe2\x80\xa2 Attended and participated in Outward Bound Winter Adventure with family members  <label type="Designation">Camp Counselor</label>/<label type="Designation">Activities Coordinator</label>  <label type="Location">Bemidji, MN</label>  <label type="Companies worked at">Camp Sunshine</label>  <label type="Years of Experience">Summer, 2007</label>  \xe2\x80\xa2 Provided instruction on activities such as rowing, sailing, volleyball, kickball, and other outdoor  games to children ages 10-15  \xe2\x80\xa2 Created lesson plans and coordinated scheduling of activities so all kids could participate  \xe2\x80\xa2 Recognized by supervisors for providing activities that kept campers interested and engaged  \xe2\x80\xa2 Sought out by campers for extra lessons in sailing  VOLUNTEER EXPERIENCE  Member  <label type="College Name">University of Minnesota</label>  Adaptive Sports Club, Department of Recreational Sports  2010-Present  \xe2\x80\xa2 Promoted and facilitated the involvement of University students and staff with disabilities in sport  clubs, intramural sports, outdoor recreation, aquatic activities, and other program offerings  \xe2\x80\xa2 Organized adaptive recreation, exercise, and sport activities for students and staff, including  water aerobics and wheelchair basketball games  Volunteer Big Sister  <label type="Location">Minneapolis, MN</label>  Big Brothers/Big Sisters  <label type="Years of Experience">2010-Present</label>  \xe2\x80\xa2 Provide ongoing support and mentoring to a now twelve year old girl from a single parent  household on welfare assistance due to parental mental illness  \xe2\x80\xa2 Volunteered as a big sister for two other girls who have since moved out of state  Volunteer  Special Olympics  \xe2\x80\xa2 Officiated volleyball games and recruited day-of-event volunteers  \xe2\x80\xa2 Helped with day-of-event organization and information for participants    <label type="Location">Minneapolis, MN</label>  2009"
</cv>
