<?xml version="1.0" encoding="UTF-8"?>
<cv>
"SAMPLE TWO PAGE TEACHER RESUME  <label type="Name">Walter</label> Children  E-mail: <label type="Email Address">wReichel@rs.net</label>  Local Address  2201 Wildquail Circle  <label type="Location">Birmingham, AL</label> 35229  (123)345-7890    Permanent Address  P.O Box 816  <label type="Location">New South, NC</label> 27509  (123)345-7890    Career Objective: To teach at the elementary level  Education:    <label type="Degree">Bachelor of Science</label>, <label type="Graduation Year">Dec. 2004</label>  <label type="College Name">Birmingham-Southern College</label>, <label type="Location">Birmingham, AL</label>  <label type="Degree">Major: Early Childhood/ Special Education/ Elementary Education</label>  Collaborative Degree (Birth-6th Grade) Class B Certification  Cumulative GPA: 3.2/4.0  Major GPA: 3.8/4.0    <label type="Designation">Student Teaching</label>:  <label type="Companies worked at">Oak Mountain Elementary</label> School, <label type="Designation">Birmingham, AL</label> <label type="Years of Experience">Fall 2004</label>  \xe2\x80\xa2 Taught a 1st grade inclusion classroom  \xe2\x80\xa2 Unit taught: North America/ Christopher Columbus  Cahaba Heights Community School, <label type="Location">Birmingham, AL</label> Fall 2004  \xe2\x80\xa2 Taught 4th grade  \xe2\x80\xa2 Unit taught: World War II/ American Life  Clinical Experiences:  Brookwood Elementary School (Inner-city) (Spring 2004)  \xe2\x80\xa2 3rd Grade; Unit taught: Life Cycle of Honeybee  Oak Mountain Intermediate School: <label type="Location">Hoover, AL</label> (<label type="Years of Experience">Fall 2003</label>)  \xe2\x80\xa2 Kindergarten/1st Grade; Adapted lessons for typical students and ones with  special needs  Oak Mountain Elementary School: <label type="Location">Hoover, AL</label> (<label type="Years of Experience">Fall 2003</label>)  \xe2\x80\xa2 4th Grade: Taught/adapted lessons for inclusion classroom  <label type="Companies worked at">Hand in Hand Child Care Center</label>: <label type="Location">Homewood, AL</label> (<label type="Years of Experience">Fall 2003</label>)  \xe2\x80\xa2 3 year olds; worked cooperatively with classroom teacher, Physical  Therapists, and Occupational Therapists to assist children with physical  disabilities  <label type="Companies worked at">South Shades Crest Elementary</label> School: <label type="Location">Hoover, AL</label> (<label type="Years of Experience">Spring 2003</label>)  \xe2\x80\xa2 4th Grade; Unit taught: <label type="Companies worked at">Pioneers  Cornerstone Elementary</label> School <label type="Location">Birmingham, AL</label> (Fall 2002 )  \xe2\x80\xa2 2nd Grade; Taught lessons on age-appropriate curriculum  Related Experiences:  <label type="Designation">Elementary Tutor</label> (<label type="Years of Experience">Summer 2004</label>)  Prepared girl for entrance into 1st grade  \xe2\x80\xa2 Worked on her fine motor skills, phonemic awareness, letter/number  recognition and vocabulary words.    Page 1 of 2    AEylove Children  (123)345-7890  Related Experiences (Continued)  <label type="Designation">Professional Babysitter</label>  \xe2\x80\xa2 Baby-sit for children of all ages providing a safe, enjoyable, and controlled  environment  <label type="Designation">Substitute Teacher</label> (part-time employment Jan. 2004)  <label type="Companies worked at">Hand in Hand</label>, <label type="Location">Birmingham, AL</label>  \xe2\x80\xa2 Provided assistance to <label type="Job Specific Skills">children with disabilities</label>  Child-Care Employee (part-time employment Summer 2004)  First Baptist Church Huntsville, AL  \xe2\x80\xa2 Supervised activities of children (infants-6th grade) during thechurchs  Sunday and Wednesday night events and seminars  \xe2\x80\xa2 Planned, conducted, and taught church related lessons and games  \xe2\x80\xa2 Monitored behavior to ensure safety and security for the children  Other Work Experience:  Office of Admissions Assistance, Birmingham-Southern, <label type="Location">Birmingham, AL</label>  <label type="Designation">Receptionist</label>, <label type="Companies worked at">Heritage Bank of Huntsville</label>, AL  College Activities/ Honors/ Affiliations:  Phi Mu Sorority  Deans List  Phi Delta Kappa, the Professional Association in Education  Kappa Delta Epsilon, Honorary Professional Education Fraternity  Alabama Reading Association  Awarded Best Art Activity Certificate  College Missions Team Leader for Brookwood Baptist Church,  Coordinate and volunteer to feed Homeless at Linn Park, <label type="Location">Birmingham, AL</label> 2003-2004  Selected as a mentor for Mentor Alabama (a statewide mentoring initiative to reduce juvenile  crime by involving positive adult role models) 2003  Relay for Life Team Captain for Kappa Delta Sorority, fundraiser for Breast Cancer Awareness,  survivors, and research, April 2004  Dale Carnegie Training, January 2004  Cultural/Travel: Traveled to the west coast of <label type="Location">Africa</label>, <label type="Location">Belgium</label>, East <label type="Location">Canada</label>, <label type="Location">Alaska</label> and <label type="Location">Nicarauga</label>  Computer Skills: <label type="Tech Tools">Windows</label>, <label type="Tech Tools">Microsoft Word</label>, <label type="Tech Tools">Excel</label>, <label type="Tech Tools">PowerPoint</label>, <label type="Tech Tools">SmartBoard</label>, <label type="Tech Tools">Dreamweaver</label>, <label type="Tech Tools">Photoshop</label>,  Electronic portfolio and Easy CD Creator    References, Video and Electronic Portfolio Available Upon Request    Page 2 of 2"
</cv>
