<?xml version="1.0" encoding="UTF-8"?>
<cv>
<label type="Name">Justin Hackett</label>
<label type="Location">Mumbai, Maharashtra</label> - Email me on Indeed: <label type="Email Address">Mohr.Lindsay@yahoo.com</label>

WORK EXPERIENCE

<label type="Designation">L1 network engineer</label>

<label type="Companies worked at">Cisco </label>-  <label type="Location">Mumbai, Maharashtra</label> -

<label type="Years of Experience">February 2017 to Present</label>

associated with Cisco on the role of <label type="Companies worked at">ACESOFTLABS (INDIA) Pvt. Ltd</label>

EDUCATION

<label type="Degree">HSC</label>

<label type="College Name">Maharashtra Board</label>

March <label type="Graduation Year">2012
</label>
<label type="Degree">SSC
</label>
<label type="College Name">Maharashtra Board</label>

March <label type="Graduation Year">2010
</label>
<label type="Degree">B.E in Electronics &amp; Telecommunication</label>

<label type="College Name">Shivaji University</label>

SKILLS

<label type="Job Specific Skills">Architecture</label> (Less than 1 year), <label type="Job Specific Skills">BGP</label> (Less than 1 year), <label type="Job Specific Skills">DHCP</label> (Less than 1 year), <label type="Job Specific Skills">DNS</label> (Less
than 1 year), <label type="Job Specific Skills">EIGRP</label> (Less than 1 year)

ADDITIONAL INFORMATION

Technical Skills

• <label type="Job Specific Skills">Layer 2 Technologies</label> like <label type="Tech Tools">VTP</label>, <label type="Tech Tools">VLAN</label>, <label type="Tech Tools">STP</label>, and <label type="Tech Tools">RSTP</label>.
• <label type="Job Specific Skills">OSI Architecture</label>, <label type="Tech Tools">TCP/IP</label> Module
• <label type="Tech Tools">TCP/UDP</label>, <label type="Tech Tools">DHCP</label>, <label type="Tech Tools">DNS</label>
• MP-BGP IPv4/IPv6, VPNv4, VPNv6, RT-Filter, IPv6-Multicats.
• Access-List, Prefix-List, Distribution List, QOS.
• MPLS, L2/L3 VPN.
• GRE, IPSec, DMVPN.
• FTP-Active/Passive, TFTP.
• Configuring and Troubleshooting L2 and L3 Ether channels on Cisco 3550, 3560, 2950 switches.
• <label type="Job Specific Skills">IP Addressing</label>, VLSM, Summarization, understanding Lease Line and Dedicated Lease Lines.

https://www.indeed.com/r/justin-hackett


• Configuring HSRP, VRRP, GLBP on <label type="Job Specific Skills">Cisco Routers and Switches</label>.
• VTP &amp; Frame Tagging protocols ISL, Dot1q
• NAT, PAT, NAT-T.
• Strong skills in Configuring <label type="Job Specific Skills">Cisco Routers</label> (ASR901, ASR903, ASR900) using ISIS, OSPF, EIGRP
and BGP. A good understanding of working on Small to High E1nd Routers and Switches.
• Comprehensive understanding of networking concepts pertaining to LAN, WAN, Security, IT
communication, WAN protocols, Networking devices administration and maintenance in multi-
platform environments.
• Strong hands-on technical knowledge of <label type="Job Specific Skills">Microsoft Operating Systems</label> (Network &amp; Desktop),
<label type="Job Specific Skills">establishing &amp; managing networks</label>, <label type="Job Specific Skills">Cisco Routers</label>, Hardware clients &amp; switches.
• Expertise in <label type="Job Specific Skills">managing medium to large networks</label> with Routers, Switches.
</cv>
