<?xml version="1.0" encoding="UTF-8"?>
<cv>
"<label type="Name">Clayton Windler</label> V. Bolton, <label type="Degree">Ed. D</label>.  <label type="College Name">Widener University</label>  One University Place  Chester PA 19013  123-345-7890 (office)  <label type="Email Address">WFarrell@yahoo.com</label>    EDUCATION  <label type="College Name">Shenandoah University</label>  <label type="Degree">Ed. D, Administrative Leadership</label>, <label type="Graduation Year">August 2004</label>.  <label type="College Name">University of South Carolina</label>  <label type="Degree">M.Ed., Remedial Reading</label> , <label type="Graduation Year">December, 1978</label>  <label type="College Name">Shippensburg University</label>  <label type="Degree">Certificate for Reading Recovery Teacher</label> Leader, <label type="Graduation Year">June 1997</label>  <label type="College Name">University of Florida</label>  <label type="Degree">BA, Early Childhood</label>, <label type="Graduation Year">August 1975</label>    EXPERIENCE  <label type="Years of Experience">2014-Present</label>    <label type="Designation">Assistant Dean of Education</label>, Accreditation and Licensure, <label type="Companies worked at">School of Education,  Hospitality, and Continuing Studies (SEHCS)</label>, <label type="College Name">Widener University</label>.    <label type="Years of Experience">2009-2011</label>    <label type="Designation">Assistant Professor of Education</label>, <label type="Companies worked at">School of Education, Innovation, and  Continuing Studies</label>, <label type="College Name">Widener University</label>.    <label type="Graduation Year">2008</label>    <label type="Designation">Assistant Professor of Education</label>, <label type="College Name">Virginia State University</label>, VA    <label type="Years of Experience">2005-2008</label>    <label type="Designation">Assistant Professor of Education</label>, <label type="College Name">Glenville State College</label>, <label type="Location">Glenville WV</label>    <label type="Years of Experience">2001-2005</label>    Title I <label type="Designation">Lead Teacher</label>/Reading Recovery\xc2\xae Teacher Leader, Haiover Couty  Schools, VA    <label type="Years of Experience">2002-2004</label>    <label type="Designation">Adjunct</label>, <label type="College Name">Virginia Commonwealth University</label>, <label type="Location">Richmond, VA</label>    <label type="Years of Experience">2000-2001</label>    <label type="Designation">Reading Recovery Teacher Leader</label>, <label type="Companies worked at">Hanover County Schools</label>, <label type="Location">Hanover, VA</label>    PROFESSIONAL APPOINTMENTS  2014-Present    NCATE Coordinator, SEHCS    2011-2015    Associate Professor of Education, SEICS    1    Bolton    PROFESSIONAL AFFLIATIONS AND MEMBERSHPS  Kappa Delta Pi  International Reading Association/Keystone State Reading Association  The Professors of Reading Teacher Education  Directors of Student Teaching\xe2\x80\x94Regional Meetings  National Association for the Education of Young Children  Southern Early Childhood Association  The Delta Kappa Gamma Society International\xe2\x80\x94Chair Scholarship 2008  Eastern Educational Research Association\xe2\x80\x94Treasurer 2010-2012    RESEARCH ACTIVITIES  AY 2007-2013  Articles in Peer Reviewed Journals  Bolton, M. V. &amp; Reisboard, D. (2013). Improving pre-service teacher dispositions. Journal of  Teaching Effectiveness and Student Achievement (in press).  Bolton, M. V. (Fall, 2011). Supporting literacy with successful intervention. Professors of  Reading Teacher Educators Newsletter.  Bolton, M. V. (2010). Fly on the Wall: Using teleconferencing to supervise student teacher  performance. Journal of Open, Flexible, and Distance Learning, 14(1), p. 62-76.    Non Peer-Reviewed Publications  Bond, N., Bolton, M., Cook, M., Dagenais, R., Gaffney, C., Pope, A, Stewart, P., and Sterrett, W.  (2013). The future of teaching as a profession (white paper). Retrieved from kdp.org  Bond, N., Bolton, M., Cook, M., Dagenais, R., Gaffney, C., Pope, A, Stewart, P., and Sterrett, W.  (2012). Teacher evaluation (white paper). Retrieved from kdp.org  Bolton, M. (2012). Truth or fiction. Blog on kdp.org  Bolton, M. &amp; Pugh, A. (2007). Through the eyes of a 5th grader: Awareness of socioeconomic  classes. Professional Development Schools Research Book Series, Volume III. Charlotte,  NC: Information Age. April 2007.  Bolton, M. V. (2007). Reading coaches as a professional development model. The Reading  Matrix. (7)2, August 2007.    2    Bolton    Presentations  Bolton, M. V. (2011) Presentation for the 56th Annual Convention of the  IRA Associations Special Interest Group, Professors of Reading Teacher  Educators (PRTE)  Yoder, N. &amp; Bolton, M. (2011) Steeping Pre- service Teachers in Literacy  Techniques. A  presentation at the Third International Literacy Coaching  Summit and the  Widener Reading Conference.  Bolton, M. V., Schaming, S.P., &amp; Korin, D.R. (2011). Gatekeeping responsibilities: Assessing  and addressing dispositions of pre-service teachers and school counselors. A roundtable  at EERA Annual Conference, Sarasota, Fl.  Strong, M. &amp; Bolton, M. V. (2010). Strategies for teaching power verbs to increase critical  thinking. A presentation at the Keystone State Reading Association 43rd Annual  Conference, Hershey, PA.  Bolton, M. V. &amp; Ledoux, M. L. (2010). Preparing Literacy Teachers and  Leaders.  Symposia presented at the International Reading Association: Leading and Learning in  Literacy 23rd World Congress on Reading. Auckland, New Zealand.  Bolton, M. V. &amp; Conner, C. (2010). Navigating Ocean Waters: Preparing  candidates for  the deep waters of literacy teaching. A presentation  Virginia State Reading  Association 43rd Annual Conference  Bolton, M. V. (July, 2009). Phonics, phonemic awareness, and fluency: Making them work for  you. A seminar conducted at Federation of Teachers Act 48 training for Philadelphia  City Schools.  Bolton, M. V. (November, 2009). College and school personnel administrators discuss  partnerships for student teaching. A panel discussion at the Eastern Pennsylvania  Association of School Personnel Administrators.  Bolton, M. V. 2009: A Place for me. An in-service presented to Philadelphia Federation of  Teachers. Philadelphia, Pa.    Bolton, M.V. &amp; DeWitt, A. (2008). Fly on the Wall: Using distance learning  equipment to  supervise interns: Investigating the Hawthorn Effect during distance supervision. A  presentation at the National Professional Development Schools Conference. Orlando,  Florida.    STUDENT DISSERTATION/THESIS DIRECTION &amp; WORK  2015 Chair: Lautenslager  Committee member: Bradshaw, Bendistis, George, Lepore,  Reader: Manela, Kemper, Kaskey, Rosario  2014 Chair: Flood, Reed, White, Gardiner  Committee: Beaudry, Bradshaw, Achampoing, Antonis, Strollar  Reader: Bortz, Valentin, Begley, Valentin, Bortz, Gehringer, Bachelor    3    Bolton  2013    2012  2011    Committee: Poncheri, McInerney, Sawyer, Johnson, Radosh  Reader: Decker, Futrick, Hillery, Bryne, Mehrotra, Kozachyn, Hoover, Jerue,  Trail, Keenan, Seibert  Committee: Wolfe, Magliano, Redding, Best, Eckman, Lentz, Taddei, Black  Reader: Buchanan, Watson-Mack, Evans-Weaver, Martino, Rile, Littlefield  Committee: Bove, Martin  Reader: DeMinico    TEACHING EXPERIENCE  <label type="Designation">Student Teaching</label> Seminar  Classroom Management  Classroom Management for the Middle Years  Introduction to Education, Education (Undergraduate and Graduate level)  English Language Learners  Implementing the Elementary Curriculum    SERVICE ACTIVITIES  Community Outreach &amp; Evaluation  2015  2015  2009-2015    Urban Immersion Project  Teacher Residency  WU Habitat for Humanity Build adult leader-Alternate Spring Break    Professional Service  2015  Pennsylvania State Department of Education Major Program  Review, reviewer  2010- Present    School/University Partnerships Journal\xe2\x80\x94Reviewer    2009-Present    PAC-TE journal Reviewer    2012-Present    JEPPA- Journal of Education Policy, Planning and Administration board  member and reviewer    2013    Planning Committee, 18th European Conference on Reading. University  of Jonkoping in Sweden.    2009-2013  2011    KDP Public Policy Advocacy Board.  Advising Summit University College Advising Summit Widener  University. Summit conducted at Widener University, Chester, PA.  Pennsylvania Educator Certification Tests (PECT) Item Review  Conference. Chair of the review committee for PreK-4 item review team    University Service  Middle states working group  TLA Bridge Week Advisory Group  High Impact Practices Committee    4    Bolton  General Education Task Force\xe2\x80\x94Secretary  Teacher Education Council Member  Eastern Pennsylvania Association of School Personal Administrators\xe2\x80\x94Panel member  Freshmen Move-In Day  Homecoming Alumni Volunteer  Counselor: Kappa Delta Pi, Phi Sigma Pi    College Service  Interdisciplinary Day Facilitator  Faculty Secretary  Professional Development Schools Committee Chair Certification Committee\xe2\x80\x94Secretary  Graduate Admissions Member  Directors of Student Teachers Member  Doctoral Comprehensive Examination Proctor  Selection Committee Member for Special Education Faculty search  Selection Committee Chair for Director of Field Experience    5"
</cv>
