<?xml version="1.0" encoding="UTF-8"?>
<cv>
"<label type="Name">Devin Nan Hettinger</label>  11111 Any Street. <label type="Location">New York, NY</label> 11111 ~ (123)345-7890 ~ <label type="Email Address">Jared13@rk.biz</label>  ________________________________________________________________________    EXPERIENCES  <label type="Designation">Counseling</label>  Facilitated small groups and classroom presentations in the high school and middle  school programs addressing issues of: career and life planning; conflict resolution;  decision making skills; self-esteem; alcohol and drug use/abuse; divorce; social  skills; stress management and relaxation  Counseled and advised adolescents in the areas of academic, career, college and  personal development and issues including: scheduling classes; creating four year  academic plans; mediating problems between students and other students, teachers,  and/or parents; assisting students' with the college search and application process;  exploring personal interests, values, and career information; suicide and risk  assessments and stabilization; referrals for therapy in the community  Participated in Special Education meetings: Educational Support Team, IEP, 504,  and RTI meetings  Curriculum and Development  Develop an innovative curriculum to provide support services to the general  education program through collaborative planning, co-teaching, small group  instruction (with special and general education students in general education  classes) and direct instruction to mainstream special education students  Organize time, space and resources to balance heavy workloads and stringent  deadlines  Use <label type="Job Specific Skills">unconventional methods</label> and resources to educate students in grammar,  spelling, mathematics, science and social studies  <label type="Job Specific Skills">Educational Assessment  Review</label> numerous classroom assessment methods and techniques, adopt effective  tools that are complaint with the school board  Spearhead volunteer programs to fulfill a need for students requiring additional  assistance outside of the classroom  Student/Parent Relations  Cultivate parent involvement through consistent written and verbal  communication, classroom participation, invitations and home visits  Plan numerous extracurricular activities, including organizing tournaments,  coordinating transportation, and chaperoning student out-of-town trips  Classroom Presentation  Identify students\xc3\xa2\xc2\x80\xc2\x99 individualism and develop a curriculum to accommodate  different learning styles, maximizing students comprehension  Establish comfortable, student-focused, two-way communication that empower  students to enjoy the learning process  Maintain a productive learning environment by stating the classroom rules, holding  students accountable for their actions, and implementing consistent and fair  consequences    <label type="Years of Experience">8/07-12/09</label>  <label type="Designation">Special Education Teacher </label>AAA High School, <label type="Location">New York, NY</label>  Responsible for the creation and implementation of <label type="Job Specific Skills">lesson plans</label> based on student  learning styles and the use of Differentiated instruction  Effectively manage classroom by setting firm and fair guidelines, role modeling  behaviors and using verbal and non verbal cues  Case load manager for 12 students - responsibilities include resource room, reteaching, re-explaining, breaking down of task(s), simplifying and monitoring  guidance of students with disabilities and the writing of their IEP.  Co-teacher for Living Environment and Global 9  <label type="Years of Experience">8/05-7/06</label>  <label type="Designation">Special Education Teacher</label> BBB Elementary School, <label type="Location">New York, NY</label>  Educated and managed an average of 25 students in an education setting.  Participated with a team of teachers to collaborate with parents and administrators  to create individual <label type="Job Specific Skills">education plans for students with disabilities</label>.  Participated in school committees to evaluate our success as a school and to make  recommendations for improvement.  Organized and updated student records, professional development records, report  cards, student folders, attendance records, discipline reports, tardy records, lesson  plans and weekly schedules.  Checked out instructional material and equipment and inventoried it at the end of  the school year.  Organized and participated in student accountability meetings with parents.  Purchased, ordered and distributed educational supplies, textbooks, paper, pencils,  and t-shirts.  Taught technology club, homework club and special education tutoring to  elementary students after school.  <label type="Years of Experience">6/04 -12/04</label> <label type="Designation">Special Education Teacher</label> CCC Middle School, <label type="Location">New York, NY</label>  Coordinated and facilitated IEP meetings  Developed and implemented goals and objectives  Maintained exceptionally high degree of professionalism while interacting with  support staff, peer teachers, and administrators  Built reputation for valuable classroom management skills and capacity to deliver  broad range of detailed lesson plans  Established strong, equitable learning environment to meet needs of H.S. learners  during leave of faculty member    PROFESSIONAL ASSOCIATIONS  American Counseling Association  National Career Development Association    SKILLS  Computer Skills: <label type="Tech Tools">PC</label> and <label type="Tech Tools">Mac</label>; <label type="Tech Tools">Windows 2000 and XP</label>; <label type="Tech Tools">MSWorks</label> &amp; <label type="Tech Tools">MSWord</label>;  internet; Win School  Research - <label type="Job Specific Skills">data entry</label>, <label type="Job Specific Skills">literature search</label> and review, <label type="Job Specific Skills">questionnaire development</label>,  <label type="Job Specific Skills">research design</label>, <label type="Job Specific Skills">data collection</label>, input, and analysis  <label type="Job Specific Skills">Behavior Management Techniques</label>  <label type="Job Specific Skills">Crisis Intervention Techniques</label>    INTERESTS  <label type="Soft Skills">Conflict resolution</label>  Personal/Professional <label type="Soft Skills">coaching</label>  <label type="Soft Skills">Communication</label> skills training  <label type="Job Specific Skills">Career development</label>  <label type="Job Specific Skills">Individual/group counseling</label>  <label type="Job Specific Skills">Stress management</label>    EDUCATION  <label type="College Name">New York University</label>, <label type="Location">New York, NY</label>  <label type="Degree">Doctorate of Education in Counseling Psychology</label>, Expected graduation <label type="Graduation Year">2012</label>  <label type="College Name">New York State University</label>, <label type="Location">New York, NY</label>  <label type="Degree">Masters of Arts in Guidance Counseling</label>, <label type="Graduation Year">July 2005</label>  <label type="College Name">University of New York</label>, <label type="Location">New York, NY</label>  <label type="Degree">Special Education Teacher Certification</label>, <label type="Graduation Year">July 1997</label>  <label type="College Name">Southern University</label> and <label type="College Name">A&amp;M College</label>, <label type="Location">Baton Rouge, Louisiana</label>  <label type="Degree">Bachelor of Science in Clothing, Textiles and Related Arts</label>, <label type="Graduation Year">December 1995</label>  References furnished upon request."
</cv>
