<?xml version="1.0" encoding="UTF-8"?>
<cv>
"Objective: To get a position as an <label type="Designation">administrative assistant</label> and to gain further experience in this  field.  Experience Summary:  \xef\x82\x95  Carried out key administrative responsibilities related to <label type="Job Specific Skills">student management</label> with  efficiency  \xef\x82\x95    Introduced new work process that improved <label type="Job Specific Skills">work productivity and efficiency</label>    Professional Experience:  <label type="Designation">Administrative Assistant</label>, July 20XX to Present  <label type="Companies worked at">ABC Management Institute</label>  \xef\x82\x95    Handled the task of assigning students to academic counselors  \xef\x82\x95  Handled student's issues related to their studies, exams and social behavior with  teachers and fellow students.  \xef\x82\x95    Prepared reports on important sectors of the institute's activities    <label type="Designation">Administrative Secretary</label>, July 20XX to August 20XX  <label type="Companies worked at">All Language Institute</label>  \xef\x82\x95    Handled tasks related to student registrations  \xef\x82\x95    Performed assignment of student to different language section    \xef\x82\x95    Handled various ledgers related to student activities    \xef\x82\x95    Coordinated with professor on conduction of exams, seminars and meetings    Education  20XX - 20XX <label type="College Name">Marks' Junior College</label>, <label type="Location">Camden, NJ</label>  \xef\x82\x95    Completed a comprehensive <label type="Degree">secretarial course</label>    Skills  \xef\x82\x95    Fast Typing  \xef\x82\x95    Knowledge in using <label type="Tech Tools">word</label> and <label type="Tech Tools">excel</label>. Able to quickly learn new software packages    References  Furnished upon request"
</cv>
