<?xml version="1.0" encoding="UTF-8"?>
<cv>
"<label type="Name">Lenny Joaquin Murphy</label>  55 Elm St.,  Sometown, AZ 85701  Home: 123-345-7890 | <label type="Email Address">Blondell.Shields@gmail.com</label>  OBJECTIVE  Recent honors graduate of Sometown High School eager to launch career as a <label type="Designation">veterinary assistant</label>.  PROFILE  <label type="Designation">Veterinary assistant</label> candidate whose qualifications include a high school diploma (earned with  honors) and a passion for <label type="Job Specific Skills">caring for animals</label>. Experience includes:  <label type="Years of Experience">Two years</label> of dedicated service as an <label type="Companies worked at">SPCA animal shelter</label> <label type="Designation">volunteer</label>;  <label type="Years of Experience">Four years</label> as an active member/<label type="Designation">officer</label> in <label type="Companies worked at">4-H</label>;  Four years of experience as a horse owner and competitive barrel racer; and  Eight years of experience as a pet owner (dogs, cats, rabbits, macaw).  EDUCATION  SOMETOWN HIGH SCHOOL -- Sometown, AZ  High School Diploma, 2011 (GPA: 3.8)  Honors: National Honor Society  VOLUNTEERISM  SOCIETY FOR THE PREVENTION OF CRUELTY TO ANIMALS -- Sometown, AZ  Animal Ambassador II, 1/10-Present  Animal Ambassador I, 10/09-12/09  Advanced to level II animal ambassador at Sometown SPCA Animal Shelter after completing  intensive ""<label type="Job Specific Skills">Animal Handling</label>""training and 20 hours of volunteer work in two months. Currently  <label type="Designation">volunteer</label> for an average of 16 hours monthly, assisting in training, socializing and feeding animals  awaiting adoption as well as handling basic shelter upkeep tasks. Qualified for""<label type="Job Specific Skills">Medical Services  Assistant</label>"" training, set to begin in January 2012.  ACTIVITIES AND AWARDS  Member/Vice President, 4-H Club (Sometown Chapter), 2007-2011  County Winner (First Place), 4-H Public Speaking Contest, 2011  State 4-H Finalist, Level I Equestrian (Western), 2009  Placed in the Top 3 at eight rodeos as a competitive barrel racer (youth division), 2008-2011    COMPUTER SKILLS  <label type="Tech Tools">MS Office</label> (<label type="Tech Tools">Word</label>, <label type="Tech Tools">Excel</label>, <label type="Tech Tools">PowerPoint</label>, <label type="Tech Tools">Outlook</label>); <label type="Tech Tools">Windows XP</label>/Vista  ADDITIONAL INFORMATION"
</cv>
