<?xml version="1.0" encoding="UTF-8"?>
<cv>
"Sample Resume - High School - No Work Experience  First Name Last Name  6 Pine Street, <label type="Location">Arlington, VA</label> 12333  home: 123.345.7890  cell: 123.345.7890  email: <label type="Email Address">Miriam64@hotmail.com</label>    Education  Arlington High School, <label type="Location">Arlington, Virginia</label>  <label type="Graduation Year">2002 - 2006</label>    Experience  <label type="Designation">Pet Sitter</label>  <label type="Years of Experience">2004 - Present</label>  \xe2\x80\xa2 Provide pet sitting services including <label type="Job Specific Skills">dog walking</label>, <label type="Job Specific Skills">feeding</label> and <label type="Job Specific Skills">yard care</label>.  <label type="Designation">Child Care</label>  <label type="Years of Experience">2002 - Present</label>  \xe2\x80\xa2 Provide child care for several families after school, weekends and during school vacations.    Achievements  \xe2\x80\xa2 National Honor Society: 2004, 2005, 2006  \xe2\x80\xa2 Academic Honor Roll: 2002 - 2006    Volunteer Experience  \xe2\x80\xa2 Big Brother / Big Sisters  \xe2\x80\xa2 Arlington Literacy Program  \xe2\x80\xa2 Run for Life    Interests / Activities  \xe2\x80\xa2 Member of Arlington High School Tennis Team  \xe2\x80\xa2 Girl Scout  \xe2\x80\xa2 Piano    Computer Skills  \xe2\x80\xa2 Proficient with <label type="Tech Tools">Microsoft Word</label>, <label type="Tech Tools">Excel</label>, and <label type="Tech Tools">PowerPoint</label>, and Internet    1    Sample Teen Resume  First Last Name  Street Address, City, State, Zip  Phone (Cell/Home)  Email Address  Objective:    To obtain knowledge of the day-to-day work of a business through a part time job, summer internship  and/or job shadowing experience.    Education:  Main St. High School, Philadelphia, PA  Selected Courses:  Early Childhood Development (2005) - Freshman Year  Urban Education (2006) - Sophomore Year  Urban Education - Psychology (2006-07) - Junior Year  Urban Education - Instructional Internship (2007-08) - Senior Year  Dance and Art Electives    Activities:            Modeling Club (2005) MSHS  JROTC Drill Team (2005) MSHS  Drama Club (2005) MSHS  Cheerleading (2005-2008) MSHS    Volunteer Work and Job History:  <label type="Companies worked at">McDonald's Fast Food Restaurant</label> (<label type="Years of Experience">2007</label>)  <label type="Location">Philadelphia, PA</label>  <label type="Companies worked at">Boutique</label>, summer (2007)  <label type="Location">Philadelphia, PA</label>  <label type="Companies worked at">Beacon Program</label>, summer (2006)  <label type="Location">Philadelphia, PA</label>  <label type="Companies worked at">Convenient Store</label>, summer (2006)  <label type="Location">Philadelphia, PA</label>    Skills and Languages:            <label type="Soft Skills">Spanish</label> - Beginners level  <label type="Soft Skills">French</label> - Beginners level  <label type="Soft Skills">Communication</label> skills  Experience in <label type="Job Specific Skills">child caring</label> - intermediate    2    Sample Resume - High School  FirstName LastName  6 Pine Street, <label type="Location">Arlington, VA</label> 12333  home: 123.345.7890  cell: 123.345.7890  email: <label type="Email Address">Miriam64@hotmail.com</label>    Education  Arlington High School, <label type="Location">Arlington, Virginia</label>  <label type="Graduation Year">2002  2006</label>    Experience  <label type="Designation">Sales Associate</label>, <label type="Companies worked at">The Retail Store</label>  <label type="Years of Experience">June 2005  Present</label>  \xe2\x80\xa2 Maintain and restock <label type="Job Specific Skills">inventory</label>.  \xe2\x80\xa2 Provide <label type="Job Specific Skills">customer service</label>.  \xe2\x80\xa2 Operate computerized <label type="Job Specific Skills">cash register system</label>.  <label type="Designation">Child Care</label>  <label type="Years of Experience">2002 - Present</label>  \xe2\x80\xa2 Provide child care for several families after school, weekends and during school vacations.    Achievements  \xe2\x80\xa2 National Honor Society: 2004, 2005, 2006  \xe2\x80\xa2 Academic Honor Roll: 2002 - 2006    Volunteer Experience  \xe2\x80\xa2 Big Brother / Big Sisters  \xe2\x80\xa2 Arlington Literacy Program  \xe2\x80\xa2 Run for Life    Interests / Activities  \xe2\x80\xa2 Member of Arlington High School Tennis Team  \xe2\x80\xa2 Girl Scout  \xe2\x80\xa2 Piano    Computer Skills  \xe2\x80\xa2 Proficient with <label type="Tech Tools">Microsoft Word</label>, <label type="Tech Tools">Excel</label>, and <label type="Tech Tools">PowerPoint</label>, and Internet    3    Sample High School Resume (Retail Store)  First Name Last Name  6 Elm Avenue, Stockler, CA 91733  Home: 123.345.7890 Cell: 123.345.7890  <label type="Email Address">Miriam64@hotmail.com</label>  OBJECTIVE  A weekend part time position in a retail store that sells music, books or sporting supplies.  EDUCATION  Woodrow Wilson National High School, Stockler CA  High School Diploma anticipated in May 2009 Junior, GPA 3.41  High School Awards and Honors  National Honor Society: Fall 2005, Fall 2006, Spring 2008  Middle School Academic Honor Roll: 2002, 2003  Perfect Attendance 2006  WORK EXPERIENCE  <label type="Companies worked at">Franklin's Lawn &amp; Garden Services</label>, <label type="Location">Stockler CA</label> <label type="Years of Experience">2004 to Present</label>            Assist family business to provide lawn and yard care services for 25 neighborhood homes  bi-weekly.  Create and distribute 200 flyers about lawn services using Print-to-Pretty software in the  neighborhood monthly.  Help to stuff envelopes with invoices for monthly billing and enter payments into Quick  spreadsheet software.    <label type="Companies worked at">Chuck's Sodas &amp; Pizza</label>, <label type="Location">Stockler CA</label> Summer <label type="Years of Experience">2007</label>            Restocked condiments, napkins and maintained a clean counter.  Provided great customer service for about 25 walk-in customers on each shift.  Operated cash register, POS, and frequent guest card system.    VOLUNTEER &amp; COMMUNITY  Big Kids Society - 10 hours monthly  Library Reading Program - 2 hours monthly  5K Walk with family - October 2004, 2005, 2006  INTERESTS &amp; SKILLS  -Community Basketball League - Most Improved Player Award 2001  -Bass Guitar - Indoor Marching Band 2nd Place Tournament of Bands 2008  -Proficient with <label type="Tech Tools">Microsoft Word</label>, <label type="Tech Tools">Excel</label>, and <label type="Tech Tools">PowerPoint</label>, and Internet Research    4"
</cv>
