<?xml version="1.0" encoding="UTF-8"?>
<cv>
"SAMPLE EDUCATION RESUME  FRED FLINTCARRIER  2000 Bellagio Place  Pretend, NE 60000  (123)345-7890  <label type="Email Address">Sherril.Bashirian@fg.com</label>    Education  <label type="Degree">Bachelor of Science in Education and Human Sciences</label>  GPA: 3.78/4.0    Anticipated Graduation Date: December, 20xx  <label type="College Name">University of Nebraska</label>-Lincoln    Study Abroad    <label type="College Name">University of Munich</label>, <label type="Location">Germany</label>    September-December, 20xx    Endorsement    Middle Grades Education    Subject areas: Mathematics, Language Arts    Certification    Local Substitute Teaching Certificate (Lincoln)  Application pending for Nebraska Initial Teaching Certificate    Praxis Status    Completed Praxis I    Related Experience in Education  <label type="Designation">Student Teaching</label>, <label type="Companies worked at">Pretend Middle School</label>, <label type="Location">Pretend, NE</label>  <label type="Years of Experience">January-May</label>, 20xx  Pre-Algebra, Grade 8  \xe2\x80\xa2 Taught one section of 22 students of varying abilities  \xe2\x80\xa2 Conducted review of fractions  Pre-Geometry , Grade 9  \xe2\x80\xa2 Taught one section of 14 students with low math abilities  \xe2\x80\xa2 Created, planned, and implemented unit on Pythagorean theorem and right triangles  Language Arts, Grade 8  \xe2\x80\xa2 Taught two sections of students with a full range of abilities  \xe2\x80\xa2 Initiated essay writing assignments about rural heritage  \xe2\x80\xa2 Assembled students essays and photos into album to be donated to County Museum  Comprehensive duties:  \xe2\x80\xa2 Participated in all aspects of teaching, including mid-term reports and Parent-Teacher Conferences  \xe2\x80\xa2 Attended faculty meetings and in-services  \xe2\x80\xa2 Co-sponsored Middle School Math Day  Practicum, Wilma High School, Wilma, NE  October-November, 20xx  Language Arts, Grade 6  \xe2\x80\xa2 Observed and assisted <label type="Job Specific Skills">classroom teaching</label> in a block scheduling system  \xe2\x80\xa2 Developed unit on preposition games  \xe2\x80\xa2 Graded quizzes for Short Story unit    Flintcarrier\xe2\x80\x94Page 2  <label type="Designation">Tutor</label>, <label type="Companies worked at">Pebble Middle School</label>, <label type="Location">Pretend, NE</label>  \xe2\x80\xa2 Tutored 8th grade student in Math, English, and Social Studies    <label type="Years of Experience">February-May</label>, 20xx    <label type="Designation">Head Water Safety Instructor &amp; Lifeguard</label>, <label type="Location">Pretend, NE</label>  Summers 20xx-20xx  \xe2\x80\xa2 Organized Pretend Pools summer session of Red Cross Swimming Lessons  \xe2\x80\xa2 Taught all levels of swimming abilities, from infants to adults  \xe2\x80\xa2 Supervised maintenance of pool  Honors  Regents Scholarship, 4 years  National Golden Key Honor Society  Mathematics Master Scholarship, 20xx  Deans List, College of Education &amp; Human Sciences, four semesters  Professional Skills  <label type="Soft Skills">Public speaking</label>, including Power Point  <label type="Soft Skills">Interpersonal</label> <label type="Soft Skills">communication</label>  Basic reading and speaking level of <label type="Soft Skills">German</label>  Strong <label type="Soft Skills">writing</label> skills  Experience with European culture  Computer (<label type="Tech Tools">Word</label>, <label type="Tech Tools">Excel</label>)  International travel experience: <label type="Location">Germany</label>, <label type="Location">England</label>, <label type="Location">France</label>, <label type="Location">Italy</label>, <label type="Location">Spain</label>, <label type="Location">Canada</label>, and <label type="Location">Mexico</label>  Relevant Coursework  Introduction to Complex Variable Theory  Mathematical Analysis  Ordinary Differential Equations I &amp; II  Native American Women Writers  Chicano Literature    Multicultural Education  Intercultural Communication  Nationality and Race Relations  Advanced Composition  Computers in the Classroom    Volunteer Activity  Big Brother, Lincoln, NE  Reader, Elderly Nursing Home, Pretend, NE    Spring &amp; Fall Semesters, 20xx  Summer, 20xx    Campus Activities  Member, Circle J International, UNL  Member, Nebraska Student Education Association, UNL  Member and Officer, University Singers Choir, UNL    20xx-Present  20xx-Present  20xx-20xx    Additional Work Experience  <label type="Designation">Sales Associate</label>, <label type="Companies worked at">Cheap &amp; Tacky Clothing</label>, Cavalier Mall, <label type="Location">Lincoln, NE</label>  <label type="Designation">Produce Clerk</label>, <label type="Companies worked at">Expensive Foods</label>, <label type="Location">Pretend, NE</label>    January, 20xx-June, 20xx  January, 20xx-August, 20xx"
</cv>
