<?xml version="1.0" encoding="UTF-8"?>
<cv>
"1\xe2\x80\x9d margins on entire document    Font Size for Name: 14-16    Font Styles:  Times New Roman or Arial    PHYLISS PHYSICAL    201 South Sycamore \xef\x82\xa8 <label type="Location">Wayne, NE</label> 68787 \xef\x82\xa8 (123)345-7890 \xef\x82\xa8 <label type="Email Address">SKilback@gs.net</label>    OBJECTIVE  To obtain a position teaching <label type="Degree">Physical Education (K-12)</label> with coaching opportunities  EDUCATION  <label type="Degree">Bachelor of Science Degree in Education  Endorsement</label>: <label type="Degree">K-12 Health and Physical Education and Coaching</label>  <label type="College Name">Wayne State College</label>, <label type="Location">Wayne, Nebraska</label>  Only include GPA  Expected Graduation: May [year]  if 3.0 or higher  GPA: 3.3    Use clear, concise  objective    Font Size for Body  of Resume: 11-12    TEACHING EXPERIENCE  <label type="Designation">Student Teacher</label>  Spring [year]  K  12 Health &amp; Physical Education, <label type="Companies worked at">West Point Public Schools</label>, <label type="Location">West Point, NE</label>  Always list the  \xef\x82\xa8 Develop and teach units in the following areas: <label type="Job Specific Skills">Health Awareness</label> Issues,  most present  <label type="Job Specific Skills">Physical Fitness &amp; Weight Control</label>, <label type="Job Specific Skills">Nutrition</label>, and <label type="Job Specific Skills">Exercise</label> as Leisure  jobs first on the  resume.  \xef\x82\xa8 Plan age appropriate physical fitness activities for children grades K-6  \xef\x82\xa8 Coordinate special events including Jump Rope for Heart and Field Day  \xef\x82\xa8 Communicate curriculum and students progress to parents on a weekly basis  <label type="Designation">Substitute Teacher</label>  Fall [year] - Present  <label type="Companies worked at">Northeast Nebraska Teacher Academy (NENTA)</label>, <label type="College Name">Wayne State College</label>, <label type="Location">Wayne, NE</label>  \xef\x82\xa8 Taught all subjects in curriculum in the absence of the regular classroom teacher  \xef\x82\xa8 Received and implemented APL classroom management training  \xef\x82\xa8 Established and maintained <label type="Soft Skills">positive relationships</label> with students, staff and administration in  three Northeast Nebraska schools  RELATED EMPLOYMENT  <label type="Designation">Assistant High School Track Coach</label>  <label type="Companies worked at">West Point Public Schools</label>, <label type="Location">West Point, NE</label>  \xef\x82\xa8 Instill good sportsmanship both on and off the field  \xef\x82\xa8 Plan daily/weekly <label type="Job Specific Skills">high jump workouts</label>  \xef\x82\xa8 Assist in planning middle and <label type="Job Specific Skills">long distance workouts</label>  \xef\x82\xa8 Initiate and maintain communication with parents    Spring [year]  Start each  description  with a  strong  action verb    <label type="Designation">Camp Counselor</label>  May [year]-August [year]  <label type="Companies worked at">YMCA Day Camp</label>, <label type="Location">Columbus, NE</label>  \xef\x82\xa8 Directed and supervised children in activities such as: canoeing, archery, crafts, sports,  Watch verb  and nature exploration  tenses use  \xef\x82\xa8 Monitored conduct and ensured discipline among campers  present  tense if still  \xef\x82\xa8 Created a positive and supportive learning environment for campers  at job/past  tense if not.    Second page should at least have your name and  page 2, or can use same heading as Page 1.    PHYLISS PHYSICAL    201 South Sycamore \xef\x82\xa8 Wayne, NE 68787 \xef\x82\xa8 (123)345-7890 \xef\x82\xa8 phphysi@wsc.edu    OTHER EMPLOYMENT  <label type="Designation">Waitress</label>, <label type="Companies worked at">Genos Steakhouse</label>, <label type="Location">Wayne, NE</label>  <label type="Designation">Food-Service Employee</label>, <label type="Companies worked at">Chartwells, Inc.</label>, <label type="Location">Wayne, NE</label>    September [year] - Present  August [year]  May [year]    HONORS AND ACTIVITIES  Wayne State College Softball Team, Player  S.H.A.P.E Club, Students Helping Achieve Physical Fitness &amp; Exercise, Member  SPORTS Club, Students Pursing Opportunities Related to Sports, Member  REFERENCES  Ms. <label type="Name">Zachariah Rohan</label>  <label type="Designation">Cooperating Teacher</label>  <label type="Companies worked at">West Point Elementary</label>  625 North Sixth Street  <label type="Location">Lincoln, NE</label> 68722  (123)345-7890    Mr. <label type="Name">Zachariah Rohan</label>  <label type="Designation">Owner</label>  <label type="Companies worked at">Genos Steakhouse</label>  511 West 1st Street  <label type="Location">Wayne, NE</label> 68787  (123)345-7890    Get involved!  Employers like to see  students who have  been active on-campus  and in the community.    Ask references before  using and ask where  they wish to be  contacted (home or  work).    Dr. <label type="Name">Zachariah Rohan</label>  <label type="Designation">Professor of Education</label>  <label type="College Name">Wayne State College</label>  1111 Main Street  <label type="Location">Wayne, NE</label> 68787  (123)345-7890    OTHER TIPS:   All resumes are different. . .choose a format that works for YOU!   Never use a resume template or Wizard Format!   Avoid the use of \xe2\x80\x9cI\xe2\x80\x9d or first person   Use bold, italics, and bullets to draw attention to important items   Appearance should be professional and \xe2\x80\x9cclean\xe2\x80\x9d looking with no spelling or  grammatical errors   Layout of resume should be easy to read with proper spacing between sections   Sections of resume may vary (i.e. you may have Teaching Experience, Relevant  Experience or Other Employment)   Never list age, race, gender, marital status or religious affiliation   List job description items in order of importance (i.e. if waitress, list customer  service skills before cleaning tables)   Print final copy of resume on a laser printer   Use 20-24 pound paper in conservative color (white/ivory/gray)   If possible use matching envelope   Always have at least one person review your resume before sending   Note: If resume is to be scanned, different rules apply as you avoid using bullets,  italics, underlining and bold."
</cv>
