<?xml version="1.0" encoding="UTF-8"?>
<cv>
"<label type="Name">Wehner</label> Education  Current Address: 123 Orange Avenue \xe2\x80\xa2 <label type="Location">Baldwin City, KS</label> 66006 \xe2\x80\xa2 123-345-7890  Permanent Address: 432 Hometown Drive \xe2\x80\xa2 Middletown, KS 32145 \xe2\x80\xa2 <label type="Email Address">vLittel@am.com</label>  EDUCATION  <label type="College Name">Baker University</label>, <label type="Location">Baldwin City, KS</label>  <label type="Graduation Year">May 2016</label>  <label type="Degree">Bachelor of Science: Elementary Education    Minor: Psychology</label>    GPA: 3.5    TEACHING EXPERIENCE  <label type="Designation">Student Teacher</label>  <label type="Companies worked at">Rising Star Elementary</label>, <label type="Location">Lenexa, KS</label>  <label type="Years of Experience">Spring 2016</label>   10 weeks teaching 4th grade class of 21   Modified lessons and assignments for 3 ELL, 2 special education, and 2 gifted students   Created month-long social studies unit on state capitals (integrating reading, math, and writing);  80% of students earned a grade of B or higher on unit final assessment  Observations  Vinland Elementary, Vinland, KS  Fall 2015, first grade  Planning and Observation   3 days planning, organizing, and preapring for the first day of school - 20 hours  <label type="Companies worked at">Baldwin Elementary</label>, <label type="Location">Baldwin City, KS</label>  <label type="Years of Experience">Spring 2015</label>, <label type="Designation">Kindergarten  Observation and Classroom Teaching</label>   40 hours teaching small group reading lessons, full group math lessons, aided with positive  classroom management  Marion Springs Elementary, Baldwin City, KS  Fall 2014   30 hours observing 3rd grade class of 19   10 hours aiding an ADHD student in one-on-one math and reading tutoring for state testing  OTHER EXPERIENCE  <label type="Designation">Student Leader</label> (\xe2\x80\x9cFirst Year Experience\xe2\x80\x9d Class), <label type="College Name">Baker University</label>, <label type="Location">Baldwin City, KS</label>  Fall 2015   Co-taught introductory course to 18 students with university professor   Independently created lessons, activities and assignments for 5 out of 12 textbook chapters   Acted as mentor, providing academic and personal advice, and referring university resources  <label type="Designation">Summer Orientation Leader</label>, <label type="College Name">Baker University</label>, <label type="Years of Experience">Summers 2014-2015</label>   Serve as resource for new students in 7 orientation programs  <label type="Designation">Resident Assistant</label>, <label type="College Name">Baker University</label>, <label type="Years of Experience">August 2013-May 2014</label>   Created and facilitated programming for residents 9 times throughout the year   Document policies and violations and provide incident reports to the <label type="Designation">Area Coordinator  Assistant</label>, <label type="Companies worked at">LLC Caregiver</label>, <label type="Location">Lawrence, KS</label>  <label type="Years of Experience">Summer 2013</label>   Aided 20 y.o. male with severe physical and mental disability at outings and daily activities   Taught budgeting, hygiene, social skills, and motor skills, 30 hours per week.  HONORS AND ACTIVITIES  Sigma Tau Chi Fraternity  2013  Present   New Member Educator  2014  2015  \xef\x82\xa7 Created and led 8 weekly lessons on chapter history for 12 new members  University Student Ambassador  2013  2014   Provided 4 weekly university tours for prospective students and families (groups of up to 15)  Blue Key, Academic Honors Organization  2014  2016"
</cv>
