<?xml version="1.0" encoding="UTF-8"?>
<cv>
"<label type="Name">Marco Buckridge</label>  123 Main Street \xe2\x80\xa2 <label type="Location">Atlanta, Georgia</label> \xe2\x80\xa2 30339  Home: (123)345-7890 \xe2\x80\xa2 Cell: (123)345-7890 \xe2\x80\xa2  <label type="Email Address">NGerlach@mg.info</label>  Desire the Position of <label type="Designation">Education Administrator</label> - <label type="Designation">High School Principal</label>  Summary  Recently licensed school administrator with more than <label type="Years of Experience">17 years experience</label> in  <label type="Job Specific Skills">teaching</label> and <label type="Job Specific Skills">high school administration</label>. Possession of in-debth knowledge of  <label type="Job Specific Skills">policies and procedures</label> that govern schools and districts. Manages 28 staff,  including 25 teachers, 2 counselors, and a secretary, daily. Responsible for  discipline for 860 students, curriculum and instruction, school-wide program  and events; as well as managing several buildings on campus. Observing and  supervising teachers and the master schedule. Proven track record of <label type="Job Specific Skills">sound  budgeting</label>, <label type="Job Specific Skills">staff evaluations</label>, and <label type="Job Specific Skills">student disciplinary actions</label>. Adept in <label type="Soft Skills">critical  thinking</label>, <label type="Soft Skills">problem solving</label>, <label type="Soft Skills">communication</label> skills, <label type="Soft Skills">listening</label> and <label type="Soft Skills">articulation of  ideas</label> and <label type="Soft Skills">group interaction</label>.  Education  <label type="Degree">PhD Education Administration</label>, <label type="College Name">University of New York</label>, <label type="Location">NY</label> (<label type="Graduation Year">2000</label>)  A valid <label type="Degree">Nova Scotia Teacher's License</label>.  <label type="Degree">M.A Education Administration</label>, <label type="College Name">University of New York</label>, <label type="Location">NY</label> (<label type="Graduation Year">1993</label>)  <label type="Degree">B.A English Education</label>, <label type="College Name">University of New York</label>, <label type="Location">NY</label> (<label type="Graduation Year">1989</label>)  Professional Experience  <label type="Designation">Assistant Principal</label>, <label type="Companies worked at">White Lake School District</label>, <label type="Location">New  York</label>  <label type="Years of Experience">1999 - Present</label>  Assist the principal with all certified and non-certified staff.  Assist the principal in observing, evaluating and working through  personnel issues with staff.  Monitor hallways, lunch times, before and after school times.  Supervising out of school activities and rotating with other administrators  at school events.  Promote student involvement in school activities by assisting principal in  maintaining student advisors, student council, club and activities,  organizing assemblies and special events.  Receive and assigning in-school suspension write-ups, conducting  informal student conferences on conduct reports, and making counselor  referrals when appropriate.  Support school security staff in maintaining a safe and secure school  environment.    Make parent contacts and conducting parent conferences, especially in  out of school suspensions.  Receive parent complaints proceeding to investigate and help resolve  the issues.  Work with school staff to research, plan and implement school reform  initiatives.  Assist staff with <label type="Job Specific Skills">instructional techniques</label>, <label type="Job Specific Skills">classroom management</label> and  curricular issues.  Help principal with <label type="Job Specific Skills">building schedules</label>, <label type="Job Specific Skills">teacher assignments</label> and  recurring substitute teachers.  <label type="Designation">English Teacher</label>, <label type="Companies worked at">Mt. Sinai Area School District</label>, <label type="Location">Uniondale,  NY</label>  <label type="Years of Experience">1988 - 1999</label>  Collaborated with the social studies teacher to integrate freshmen  English and U.S. History.  Coordinated drama activities.  Communicated and liaised with fellow team department members on a  regular basis with regards to planning, assessment, parent and  community contact, subject organization and classroom issues such  including discipline, expectations and routines.  Communicated and liaised with other school colleagues to promote and  establish integrative links and awareness.  Performed <label type="Job Specific Skills">behavioral management</label> and pastoral care of class and  homeroom groups.  Attended and constructively contributed in staff meetings.  Assisted in supervising student breaks.  Coordinated class activities.  Maintained up-to-date records of assessment, attendance, planning,  reports, conferences, and communication with parents.  Established links with parent community to ensure that parents are kept  well informed about student progress.  Assisted, in the development of curricular materials.  Acted as a resource, contact and support for new staff members (i.e.  curriculum, schedules, procedures).  Participate in and assisted with school events.  Computer Skills  <label type="Tech Tools">Windows</label>, <label type="Tech Tools">WordPerfect</label>, <label type="Tech Tools">PowerPoint</label>, <label type="Tech Tools">Word</label>, <label type="Tech Tools">Westlaw</label>, <label type="Tech Tools">Lexis-Nexis</label>, <label type="Tech Tools">Lotus Notes</label>  and <label type="Tech Tools">Excel</label>."
</cv>
