<?xml version="1.0" encoding="UTF-8"?>
<cv>
"<label type="Name">Sadie Ivey Goldner</label>, <label type="Degree">MBA</label>, <label type="Degree">PMP</label>  P.O. Box 1673\x01 <label type="Location">Callahan, FL</label> 32011\x01 123.345.7890  <label type="Email Address">Stark.Dee@gmail.com</label>    <label type="Designation">Program Manager</label> / <label type="Designation">PMO Director</label>  Dynamic, versatile, hands-on <label type="Designation">Program Manager</label> who leads teams to design and implement successful IT projects that align  business and IT objectives and deliver rapid results  <label type="Job Specific Skills">Project Management</label> | <label type="Job Specific Skills">Strategic Planning</label> | <label type="Job Specific Skills">PMO Management</label>  <label type="Soft Skills">Energetic</label>, <label type="Soft Skills">trusted</label>, and <label type="Soft Skills">detail-oriented</label> <label type="Designation">Senior Program Manager</label> and <label type="Job Specific Skills">strategic solutions </label>provider with outstanding <label type="Job Specific Skills">project management</label>  and <label type="Job Specific Skills">conflict management</label> skills. Hand-picked by executive team to turn around underperforming programs; accomplished leader  known and respected for leading successful change in projects and building credibility with executive teams and staff. <label type="Job Specific Skills">Solutions driver</label>  who bridges the gap between business and technology with expertise in managing complex programs and multiple concurrent projects.  Directs <label type="Job Specific Skills">PMO</label> teams to develop high-quality programs that solve business problems and provide tangible results for enterprise-level  financial systems and legacy workflow systems.  \xe2\x99\xa6 <label type="Job Specific Skills">Conflict Management</label>  \xe2\x99\xa6 <label type="Job Specific Skills">Turnaround Operations</label>  \xe2\x99\xa6 <label type="Job Specific Skills">Risk &amp; Issue Management</label> \xe2\x99\xa6 <label type="Job Specific Skills">Financial Modeling &amp; Analysis</label>  \xe2\x99\xa6 <label type="Job Specific Skills">Cost/Benefit Analysis</label>  \xe2\x99\xa6 <label type="Job Specific Skills">Change Management</label>    \xe2\x99\xa6 <label type="Job Specific Skills">Staffing &amp; Resource Management</label>  \xe2\x99\xa6 <label type="Job Specific Skills">Agile</label> &amp; <label type="Job Specific Skills">Waterfall</label> Methodologies  \xe2\x99\xa6 <label type="Job Specific Skills">Stakeholder Management</label>    CERTIFICATIONS  <label type="Degree">Project Management Professional (PMP)</label> ~ <label type="Degree">Certified Information Systems Auditor (CISA)</label>  <label type="Degree">Lean Six Sigma Green Belt (LSSGB) Professional</label> ~ ITIL V.8 (Basis) <label type="Degree">Certified  Certified Financial Planner (CFP)</label>    Professional Experience  <label type="Companies worked at">Gridlock Builders</label>; <label type="Location">Boston, MA</label> (<label type="Years of Experience">2011\xe2\x80\x94Present</label>)  <label type="Designation">DIRECTOR OF FINANCE</label> / <label type="Designation">PROGRAM MANAGEMENT</label>  <label type="Job Specific Skills">PMO Start-Up</label> | <label type="Job Specific Skills">Contract Management</label> | <label type="Job Specific Skills">PMO Management</label>  Trusted Financial Executive with CFO- and CIO-level responsibilities; adds transparency to IT and financial operations while adapting  financial strategy to organizational goals. Program Manager over all IT projects\xe2\x80\x94manage workloads, define deliverables, hire and  mentor resources, conduct performance reviews, and ensure compliance with established PMO processes. Direct business  forecasting and financial analysis activities and identify opportunities and risks along with action plans to ensure attainment of financial  goals.  \xe2\x80\xa2 Spearheaded the development of the first-ever Program Management Office; defined project management processes,  including those related to requirements management, change control, and user acceptance testing.  \xe2\x80\xa2    Captured 60% savings in projects costs in only five months\xe2\x80\x94reengineered project plan and renegotiated contracts with new  vendors; enhanced quality assurance and maintained timelines.    \xe2\x80\xa2    Reengineered vendor policy to enhance quality assurance and to identify risks and issues at earlier stages during the project;  manage contracts for all IT vendors including website development, hosting, IT operations, and IT applications development.    <label type="Companies worked at">New Morgan and Co., Inc.</label>; <label type="Location">Trenton, NJ</label> (<label type="Years of Experience">2010\xe2\x80\x942012</label>)  <label type="Designation">VP OF ENTERPRISE INFRASTRUCTURE PROJECTS</label> / <label type="Designation">PROGRAM MANAGEMENT</label>  <label type="Job Specific Skills">Off-Shore Project Management</label> | <label type="Job Specific Skills">Multimillion-Dollar Budgets</label> | <label type="Job Specific Skills">Global PMO Staff</label>  Top-performing Program Manager consistently sought out to reengineer troubled projects. Managed PMO staff in a matrix reporting  structure consisting of 44 Global Project Managers and a department budget of $15-million. Managed all projects, budgets, and  strategic analysis for all programs. Prescribed solutions that provided quick ROI for maximum revenue productivity, service  optimization, and system flexibility.  \xe2\x80\xa2    Directed programs with up to 70 infrastructure and application projects\xe2\x80\x94implemented vendor and financial strategies that  improved project planning and reduced costs by 60% in only five months.    <label type="Name">Sadie Ivey Goldner</label>, <label type="Degree">MBA</label>, <label type="Degree">PMP</label>  <label type="Email Address">Stark.Dee@gmail.com</label> \x01 123.345.7890  \xe2\x80\xa2    Led multi-functional technology teams and key contributor and mentor for a PMO office with up to 80 resources; managed  development of innovative software systems and applications.    \xe2\x80\xa2    Directed all services, resources, and project plans for major scalable enterprise solutions supporting $1.2-billion with  unique ability to drive transformational change in both business and technology leadership roles.    \xe2\x80\xa2    Provided business analysis for projects of up to $150-million that included requirements, success criteria, milestones, Key  Performance indicators (KPIs), and Work Breakdown Structures.    <label type="Companies worked at">Apex Professional Services</label>/<label type="Companies worked at">Dollar Group</label>; <label type="Location">Wayne, NJ</label> (<label type="Years of Experience">2007\xe2\x80\x942010</label>)  <label type="Designation">SENIOR FINANCIAL ANALYST</label> / <label type="Designation">IT PROJECT / PROGRAM CONSULTANT</label>  <label type="Job Specific Skills">Business Case Management</label> | Sarbanes-Oxley | <label type="Job Specific Skills">Process Improvement</label>  Directed IT financial planning and analysis for a $120-million department\xe2\x80\x94developed business cases, mitigated risks, and managed  forecasting, operations, and budgets. Led all IT audits for Sarbanes-Oxley documentation and testing, as well process improvement  initiatives.  \xe2\x80\xa2    Improved Project Management processes through the implementation of a new business case template\xe2\x80\x94enhanced project  visibility to determine project status for Executive <label type="Soft Skills">decision-making</label>.    \xe2\x80\xa2    Increased financial planning process effectiveness by 35% through the development and implementation of a capital budget  cycle that ensured the accuracy and data integrity of all financial transactions.    FINANCIAL MANAGEMENT ROLES:  <label type="Companies worked at">Children Toys, Inc.</label> (<label type="Years of Experience">2005</label>)  \xe2\x80\xa2 Directed <label type="Job Specific Skills">global planning</label> and <label type="Soft Skills">analysis</label> for a real estate and IT portfolio of $550-million that included capital investments and  post-spending analysis.  <label type="Companies worked at">Minolta Corporation</label> (<label type="Years of Experience">2004</label>)  \xe2\x80\xa2 Managed <label type="Job Specific Skills">budgets</label>, <label type="Job Specific Skills">forecasting</label>, and <label type="Job Specific Skills">business case modeling</label> initiatives for North American operations; improved 120 business  processes that boosted productivity levels by 40% in only five months.  <label type="Companies worked at">Light Technologies, Inc.</label>; <label type="Location">Sprain, NJ</label> (<label type="Years of Experience">1995\xe2\x80\x942003</label>)  <label type="Designation">MANAGER</label>, <label type="Designation">PROGRAM MANAGEMENT</label>  <label type="Job Specific Skills">Multibillion-Dollar Budgets</label> | <label type="Job Specific Skills">Program Management</label> | <label type="Job Specific Skills">Cost Savings</label>  Managed all IT planning, forecasting, and business case management for the largest division at Light Technologies\xe2\x80\x94a $5-billion  department; directed multibillion-dollar budgets, reporting, investment analysis, metrics development, and software implementation.  \xe2\x80\xa2    Captured $70-million in cost savings per year through implementation of a reverse logistics programs\xe2\x80\x94reverse engineered  the entire supply chain and reduced inefficiencies.    \xe2\x80\xa2    Led initiatives for business cases of more than 350 projects within 80 programs ranging from manufacturing, IT services, to  wireless strategy.    \xe2\x80\xa2    Pioneered vision and implementation of a new IT financial analysis and internal project tracking process for four large IT  departments including Business Communication Services IT, Manufacturing IT, and Services IT.    \xe2\x80\xa2    Managed projects with varying levels of complexity and identified and mitigated potential risks; <label type="Job Specific Skills">developed requirements</label>,  managed <label type="Job Specific Skills">change control</label>, and tracked schedules and cost performance while ensuring project activities aligned with business  objectives.    Early Career: <label type="Designation">Manager of Planning and Analysis</label>, <label type="Companies worked at">Phone Global Corporation</label>    Education  <label type="Degree">Master of Business Administration, Business Economics/Finance</label>\xe2\x80\x94 <label type="College Name">State University</label>, <label type="Location">Newark, NJ</label>  <label type="Degree">Bachelor of Science, Finance/Accounting</label>\xe2\x80\x94<label type="College Name">Hoboken State University</label>, <label type="Location">Hoboken, NJ</label>"
</cv>
