<?xml version="1.0" encoding="UTF-8"?>
<cv>
"R\xc3\x89SUM\xc3\x89 SAMPLE : HIGHER EDUCATION  <label type="Name">Majorie Basil Schowalter</label>  2136 G Street NW, <label type="Location">Washington, DC</label> 20052  <label type="Email Address">Winford.Yundt@yahoo.com</label>  EDUCATION\xef\xbf\xbc    123.345-7890    The <label type="College Name">George Washington University</label>  <label type="College Name">Graduate School of Education &amp; Human Development</label>  <label type="Degree">Master of Arts in Higher Education Administration</label> - GPA 4.0    <label type="Location">Washington, DC</label>  Anticipated Graduation <label type="Graduation Year">May 2011</label>    <label type="College Name">University of Pittsburgh</label>  <label type="Degree">Bachelor of Arts in English Literature</label> summa cum laude - GPA 3.8  <label type="Degree">Women Studies Certificate</label> Program  Concentration in Education  Imperial College  Study Abroad Experience    <label type="Location">Pittsburgh, PA</label>  May 2007    <label type="Location">London, England</label>  January to April 2006    WORK EXPERIENCE  THE <label type="College Name">GEORGE WASHINGTON UNIVERSITY</label>  <label type="Location">Washington, DC</label>  <label type="Companies worked at">GW Housing Programs</label>  <label type="Years of Experience">August 2009 to Present</label>  <label type="Designation">House Mentor</label>  Mentor over 500 third and fourth year undergraduate residents and implement a curriculum that stresses  <label type="Job Specific Skills">Professional Development</label>, <label type="Job Specific Skills">Life Skills</label> and opportunities unique to GW  Organize and facilitate workshops, speaker series and discussions for residents that will help them prepare for postcollegiate experiences  Advise Resident Advisory Council of 10 residents who plan community building events and initiatives for residents  Mediate and arbitrate roommate conflicts  Respond to campus and community emergencies and perform crisis management within residence hall community  <label type="Companies worked at">GW Career Center</label>  <label type="Years of Experience">August 2010 to Present</label>  <label type="Designation">Career Ambassador</label>/<label type="Designation">Graduate Intern</label>  Meet with students to discuss professional opportunities including internships, work study and part-time, full-time  employment, and volunteer work  Critique resumes, curriculum vitae, and cover letters for undergraduate students, graduate students, and alumni  Assist students with navigating the online including Vault job database, CareerSearch.net, Career Advisor Alumni  Network, and MyPlan.com  Attend <label type="Job Specific Skills">professional development</label> workshops and conferences including the Mid-Atlantic Career Counseling  Association meeting and Partnership for Public Service Federal Advisor Training  Conference and Summer Housing  Lead Summer Associate  Trained and supervised undergraduate summer staff in shifts of 15 to 20 students  Contacted academic program and conference representatives to organize guest services  <label type="Job Specific Skills">Maintained financial and administrative records</label> for roughly 5,000 summer guests    <label type="Years of Experience">March to August 2009</label>    <label type="College Name">Columbian College of Arts and Sciences</label>  <label type="Years of Experience">January to May 2009</label>  <label type="Designation">Graduate Intern</label>  Sent advising correspondence to students with regard to academic performance and progress toward graduation  Utilized Banner System to update student records and record academic information  Shadowed professional advisors during student and professional meetings    R\xc3\x89SUM\xc3\x89 SAMPLE : HIGHER EDUCATION CONTD  <label type="Name">Majorie Basil Schowalter</label>    Page 2    Greater Harrisburg Association of REALTORS\xc2\xae  <label type="Location">Harrisburg, PA</label>  Harrisburg REALTORS\xc2\xae Institute  <label type="Years of Experience">September 2007 to August 2008</label>  <label type="Designation">Director of Professional Development</label>/<label type="Designation">Assistant School Director</label>  Organized institute classes for over 2,500 students by contacting instructors, creating schedule, and registering  students  Advised students on courses and designation degree requirements  Maintained and updated aspects of Association professional standards requirements for 1,700 REALTOR\xc2\xae members  <label type="Companies worked at">George T. Harrell Library</label>, <label type="College Name">Penn State College of Medicine</label>  <label type="Designation">Library Assistant</label>  Assisted students and library patrons with locating materials needed for research  Organized books and patron files within library computer system    <label type="Location">Hershey, PA</label>  <label type="Years of Experience">May 2004 to August 2008</label>    <label type="Location">London, UK</label>  <label type="Companies worked at">United Kingdom National Literacy Trust</label>  <label type="Years of Experience">January to May 2006</label>  <label type="Designation">Literacy Campaign Intern</label>  Assisted \xe2\x80\x98Reading the Game Literacy Campaign director with organizing, scheduling and maintaining campaign  events  Performed website maintenance and updates  HONORS / AWARDS  \xef\xbf\xbc  Deans List  Every semester during undergraduate and graduate coursework  Graduation Speaker, Department of English Literature, 2007  National Society of Collegiate Scholars Member  Gold Key National Honour Society Member  ACTIVITIES / ORGANIZATIONS  \xef\xbf\xbc  <label type="College Name">THE GEORGE WASHINGTON UNIVERSITY </label> <label type="Location">Washington, DC</label>  Higher Education Student Association (HESA)  April 2010 to Present  Vice President of Academic Affairs  Facilitate Meet the Leaders, which brings nationally renowned higher education scholar-practitioners to The George  Washington University for a speaking event and student discussion\t\t  Organize and execute all academic and professional development activities  Serve as chief liaison between HESA and the Educational Symposium for Research and Innovation (ESRI), a student led  academic conference  Columbian College of Arts and Sciences Graduation Committee  January to May 2009  Committee Member\t  Assisted with facilitation of Columbian College Graduation Ceremonies for roughly 2,000 students by distributing  tickets and organizing line-ups and seating on the National Mall  GW Housing Academic Committee  August 2008 to May 2009  Chair  August 08  May 09  Chaired committee of 10 undergraduate house staff members  Organized and facilitated educational opportunities for community of roughly 2,000 residents including career panel  discussions, cultural events and informal student workshops  Women Administrator in Higher Education  ACPA College Student Educators International  ACPA Commission for Career Development  Higher Education Student Association    August 2009 to Present  August 2008 to Present  August 2008 to Present  August 2008 to Present  OFFICE OF CAREER SERVICES  2136 G Street, NW | <label type="Location">Washington, DC</label> 20052  123-345-7890 <label type="Email Address">Winford.Yundt@yahoo.com</label>  gsehd.gwu.edu/career-services"
</cv>
