<?xml version="1.0" encoding="UTF-8"?>
<cv>
"Education Resume Example - <label type="Designation">Principal</label>    <label type="Name">Dan Moen</label>  415 Northgate Drive  <label type="Location">Milton, Nebraska</label> 69xxx  (555) 999-xxxx  e-mail:  Education  <label type="Degree">Master of Education in Education Administration</label>  Endorsements: Middle Level Principal, 7-12 Secondary  <label type="College Name">University of Nebraska</label>-<label type="Location">Lincoln</label>    May, 19xx    <label type="Degree">Bachelor of Science in Education</label>  Endorsements: 7-12 English  <label type="College Name">University of Nebraska</label>-<label type="Location">Lincoln</label>    May, 19xx    Certificate Held: xxxxx  Educational Experience  <label type="Designation">Assistant Building Principal</label>, <label type="Companies worked at">Milton Middle School</label>, <label type="Location">Milton, Nebraska</label>, 19xx-20xx  Direct responsibility for grade reporting and attendance  Responsible for <label type="Job Specific Skills">student disciplinary procedures</label>, including parental conferences  Observed classroom teachers on regular basis  Middle School English Teacher, Milton Middle School, <label type="Location">Milton, Nebraska</label>, 19xx-19xx  <label type="Job Specific Skills">Taught English</label> 7 and 8  Sponsored Creative Writing Club  Co-coordinated Fine Arts Night for Milton Middle School  High School <label type="Designation">English Teacher</label>, <label type="Companies worked at">Juno High School</label>, <label type="Location">Juno, Nebraska</label>, 19xx-19xx  <label type="Job Specific Skills">Taught English</label> 10, 11 and 12  Directed Junior-Senior Class Play  Sponsored school newspaper  Sponsored school yearbook  Administrative Skills and Experience  Leadership  \xc2\xb7 Researched and developed a plan for implementation of an Adviser/Advisee  program for Milton Middle School  \xc2\xb7 Collaborated and implemented a reporting system for mid-term assessments  adopted by Milton Middle School  \xc2\xb7 Served as <label type="Designation">Team Leader</label> for <label type="Companies worked at">Milton Education Association</label> <label type="Soft Skills">Negotiations</label> team  \xc2\xb7 Collaborated and conducted events to raise scholarship money  Computer/Technology  \xc2\xb7 Spearheaded drive to update computers in district  \xc2\xb7 Set up Homework Online program for Milton Middle School  \xc2\xb7 Attended 11 technology workshops regarding Education Technology  \xc2\xb7 Became proficient in Internet, <label type="Tech Tools">Fetch</label>, <label type="Tech Tools">Persuasion</label>, <label type="Tech Tools">Pagemaker</label>, <label type="Tech Tools">Clarisworks</label>,  <label type="Tech Tools">QuickTake</label>, and <label type="Tech Tools">Power Point</label>  <label type="Soft Skills">Communication</label>  \xc2\xb7 Wrote Option II Paper on \xe2\x80\x9cReporting Progress of Middle Level Students\xe2\x80\x9d  \xc2\xb7 Addressed Middle Level Academy on Reporting and Recording Student Progress  \xc2\xb7 Addressed various large and small community organizations about the significance  of the middle school bond issue  \xc2\xb7 Created brochure for middle school bond issue  \xc2\xb7 Created brochure for Milton Public Schools Human Resources Division  Professional Affiliations  National Association of Middle School Principals  Association for Supervision and Curriculum Development  Nebraska Women in Educational Leadership  Special Recognition  Graduate Research Award, <label type="College Name">Teachers College, University of Nebraska</label>-<label type="Location">Lincoln</label>, 19xx  Outstanding Teacher of the Year, Milton Middle School, 19xx-19xx  Outstanding First Year Teacher, Juno High School, 19xx-19xx  Alpha Delta Kappa Scholarship, <label type="College Name">University of Nebraska</label>-<label type="Location">Lincoln</label>, 19xx, 19xx"
</cv>
