<?xml version="1.0" encoding="UTF-8"?>
<cv>
"<label type="Name">Seth Hauck</label>  1515 Stanley Drive #62  Hometown, KS 66202  <label type="Email Address">qNitzsche@gmail.com</label>  (123)345-7890  RESUME PROFILE  Outstanding student with experience in <label type="Job Specific Skills">print and online journalism</label> seeks a position working with a <label type="Job Specific Skills">communications</label>,  <label type="Job Specific Skills">public relations</label>, or <label type="Job Specific Skills">publishing</label> firm where I can use my <label type="Soft Skills">writing</label>, <label type="Soft Skills">editing</label>, and <label type="Soft Skills">organizational</label> skills.  EDUCATION  <label type="College Name">The University of Missouri</label> at <label type="Location">Kansas City</label>  <label type="Degree">B.A. Communication Studies with a concentration in Corporate Communications with a minor in Sociology</label>  EXPERIENCE  <label type="Designation">Newspaper Staff Member</label>, <label type="Companies worked at">The Daily</label>        <label type="Designation">Aug 2012 - present</label>. Features editor of campus newspaper, responsible for award-winning design.  Aug 2009 - Aug 2011. Researched information for news articles using library and Web sources. Composed  and edited informational articles, columns, editorials, and advertising copy.    <label type="Designation">Staff Member</label>, <label type="Companies worked at">91.7 KVRX</label>, <label type="Companies worked at">UMKC's College Radio Station</label>        <label type="Years of Experience">Aug 2011 - Aug 2012</label>. <label type="Designation">Assistant Program Manager</label>. Developed radio playlists and implemented special  radio promotions.  <label type="Years of Experience">Aug 2010 - Aug 2011</label>. <label type="Designation">DJ</label>. Hosted a weekly radio show and assisted with radio station promotions.    RELEVANT COLLEGE STUDIES AND SKILLS  <label type="Job Specific Skills">Technical writing</label>; advanced composition; debate; video production; public relations; marketing; computer classes  providing knowledge of <label type="Job Specific Skills">word processing</label>, <label type="Job Specific Skills">desktop publishing</label>, and <label type="Job Specific Skills">Web software</label>.  HONORS, AWARDS, AND MEMBERSHIPS              U.S. Media Association Scholarship recipient  Scholarship based on academic achievement, community service, and campus participation and leadership  in college projects and studies.  2012 Best College Newspaper Design winner  Missouri Journalism Education Association Contest  President of college chapter of Future Communicators of America (FCA), 2011 - 2012  Member, 2011 - present.  <label type="Designation">Treasurer</label> of <label type="Companies worked at">Student Debate Team</label>, <label type="Years of Experience">2011 - 2012</label>"
</cv>
