<?xml version="1.0" encoding="UTF-8"?>
<cv>
"Sample Resume  Education  DO NOT COPY: You are advised not to  copy this sample, but to use it to generate  ideas to create your own resume.    <label type="Name">Kim Kreiger</label>    790 Brown St  Traralgon VIC 3844    Ph: 03 51 7777 (H)  Ph: 1230456789 (M)  email: <label type="Email Address">Fadel.Jone@pzar.io</label>    EDUCATION  2013\xe2\x80\x90current    2011  2010  2000    <label type="Degree">Bachelor of Education</label> (Honours):<label type="College Name"> Monash University</label>  <label type="Degree">Majors: Primary Education and Psychology</label> / Welfare  Achieved Distinction average  Integration Aide  Level 1: Scope (Vic) Ltd  Associate <label type="Degree">Diploma in Welfare Studies</label>: <label type="College Name">Monash University</label>  Victorian Certificate of Education: <label type="College Name">John Paul College</label>    ACADEMIC ACHIEVEMENTS and AWARDS  2015  2014    Member Monash Golden Key International Honour Society, offered to the top 15% of  Monash University academic achievers  Awarded Monash University Education Faculty Scholarship for outstanding academic success    PRACTICAL TEACHING PLACEMENTS  2015  2014  2013  2012    <label type="Companies worked at">Princeton Primary School</label> (<label type="Designation">Internship</label> 40 days) Grade 2-3  Sherwood Primary School (15 days) Grade 5-6  Kings Primary School (15 days) Grade 3-4  Meadowfield Primary School (10 days) Grade 1-2    PROFESSIONAL DEVELOPMENT  2015                  Delivered Understanding Giftedness workshop to colleagues: Princeton Primary School  Observation: Collingwood Gardens Stephanie Alexander Kitchen  Problem Based Learning PD: Catholic Regional Office  Victorian Essential Learning Standards (VELS) <label type="Job Specific Skills">Assessment and Reporting</label>: <label type="College Name">Monash University</label>  Principles of <label type="Job Specific Skills">Learning Standards</label> (PoLTS): <label type="College Name">Monash University</label>  Diabetes and EpiPen PD: Princeton Primary School  Healthy Eating PD Go For Your Life: Princeton Primary School    monash.edu/careers    2014   Integration Support Literacy and Numeracy - Module 4 and 5: Bilcott Educational Services   Gifted Education Differentiated Programs: Gifted Education Research, Resource and  Information Centre (GERRIC)   Understanding Culturally Diverse Learning: The Education Alliance  2013   Social Values and Family Issues: Depart of Education and Workplace Relations  2012                You Can Do It PD: Meadowfield Primary School  ICT In\xe2\x80\x90services: <label type="College Name">Monash University</label>  A Framework for Understanding Poverty: Social Solutions  Sociology of Children: <label type="College Name">Monash University</label> short course  Sociology of the Family: Monash University short course  Behavioural Challenges and Special Needs: About.Com  Special Needs Childre    EMPLOYMENT  2010\xe2\x80\x90current    <label type="Designation">Tutor</label>: Self Employed  Tutored primary and secondary children in:   <label type="Job Specific Skills">Math</label>: covering key skills areas from basic levels with numbers at primary level to  secondary in such skills as fractions, statistics, ratios, algebra and calculus   English: language development and literacy  Liaised with parents and schools regarding students needs and developing individualised  programs basing the outcomes according to VELS    2012    <label type="Designation">Volunteer</label>: <label type="Companies worked at">Jellop Primary School</label>   Assisted four children with literacy skills, particularly in regards to spelling and phonics    2009\xe2\x80\x902011    <label type="Designation">Teacher Assistant</label> and <label type="Designation">Integration Aide</label>: <label type="Companies worked at">Smithville Primary School</label>   Supported a group of four children with ADHD (an area of particular interest)   Aided a child with Aspergers syndrome to develop language skills, vocabulary and ability  to express himself emotionally    2005\xe2\x80\x902008    Raised a family while working casually in retail    2001\xe2\x80\x902002    <label type="Designation">Full\xe2\x80\x90time Instructor</label>: <label type="Companies worked at">Silver Adult Training Centre</label>, <label type="Location">Johnsonville</label>   Developed and implemented programs and action plans,   Met with parents, carers, staff and specialised professional bodies at centre and home  visits   Liaised with families regarding truancy   Developed and implemented individualised programs and general service plans covering:  independent living skills, literacy, numeracy, finance, hygiene, art and sport. Plans  demonstrating in\xe2\x80\x90depth knowledge of both physical and intellectual disabilities    Joanne Smith  email: <label type="Email Address">Fadel.Jone@pzar.io</label>    monash.edu/careers  <label type="Email Address">Fadel.Jone@pzar.io</label>  +61 3 9905 4170  Facebook.com/MonashECD    REFEREES  <label type="Name">Kim Kreiger</label>  <label type="Designation">Principal</label>  <label type="Companies worked at">Princeton Primary School</label>  Email: <label type="Email Address">Fadel.Jone@pzar.io</label>  Ph: 03 9509 5555 (Bus), 9509 5555 (H)   Able to speak of my dedication in working with children with challenging behaviours,  professionalism plus record keeping and research abilities  Sue Green  <label type="Designation">Internship</label> <label type="Designation">Mentor</label>  <label type="Companies worked at">Princeton Primary</label> School  Email: <label type="Email Address">Fadel.Jone@pzar.io</label>  Ph: 9905 3545 (Bus), 9905 6525 (H)   Able to comment on my commitment and ability as a teacher, capacity to relate to staff  and students plus positive, professional and enthusiastic nature  Dr. <label type="Name">Kim Kreiger</label>  <label type="Designation">Lecturer</label> and <label type="Designation">Internship coordinator</label>  <label type="College Name">Monash University</label>, Gippsland Campus, Faculty of Education  Email: <label type="Email Address">Fadel.Jone@pzar.io</label>  Ph: 03 5122 6980 (Bus)   Able to provide information relating to my passion for learning, willingness to be a  reflective practitioner, dedication and enthusiasm for developing effective curriculum and  ability to be a team player    <label type="Name">Kim Kreiger</label>  email: <label type="Email Address">Fadel.Jone@pzar.io</label>    monash.edu/careers  <label type="Email Address">Fadel.Jone@pzar.io</label>  +61 3 9905 4170  Facebook.com/MonashECD"
</cv>
