<?xml version="1.0" encoding="UTF-8"?>
<cv>
"OBJECTIVE  Teaching position in elementary education in the <label type="Location">Baltimore</label> area.    SUMMARY     <label type="Degree">Teacher certification for Elementary Education</label>   Magna Cum Laude graduate with <label type="Degree">BA in Elementary Education</label>   Completed <label type="Designation">Student Teaching</label> with <label type="Companies worked at">Baltimore Public School System</label>    EDUCATION  <label type="Degree">Bachelor of Arts in Elementary Education</label>, <label type="Graduation Year">May 2017</label>  <label type="College Name">Illinois State University</label>, <label type="Location">Normal, Illinois</label>  Graduated Magna Cum Laude with a GPA of 3.6 on a 4.0 scale  Courses included:  <label type="Designation">Student Teaching Practicum</label>  <label type="Job Specific Skills">Early Childhood Education</label>  Elementary Computer Literacy  <label type="Job Specific Skills">The Multicultural Classroom</label>    <label type="Job Specific Skills">Psychology of Early Childhood</label>  Parent and Community Relations  <label type="Job Specific Skills">Discipline and Classroom Management</label>  Multiethnic <label type="Job Specific Skills">Teaching Techniques</label>    EXPERIENCE  <label type="Designation">Student Teaching</label>, <label type="Years of Experience">August 2016-December 2016</label>  <label type="Companies worked at">Baltimore Public School System</label>, <label type="Location">Baltimore, Maryland</label>   Served as <label type="Designation">Teacher Assistant</label> for Grades 2 and 3 at <label type="Companies worked at">Rockport Elementary School</label>   Co-taught the Language Arts classes for Grade 2   Awarded \xe2\x80\x9cStudent Teacher of the Year Award\xe2\x80\x9d for 2007  <label type="Designation">Tutor</label>, <label type="Years of Experience">August 2015-August 2016</label>  <label type="Companies worked at">Center for Teacher Education</label>, <label type="Location">Normal, Illinois</label>   Worked in partnership with area elementary schools to provide tutoring to special needs students on an asneeded basis   Provided written feedback to teachers and parents on progress of students    ACTIVITIES     Student Exchange Program, <label type="College Name">Edinburgh University</label>, <label type="Location">Scotland</label>, 2014-2015   <label type="Designation">Dorm Resident Assistant</label>, <label type="Years of Experience">2015-2017</label>  \xc2\xa9"
</cv>
