<?xml version="1.0" encoding="UTF-8"?>
<cv>
"<label type="Name">Elias Turcotte</label>    <label type="Designation">TRAINING MANAGER</label>    1692 River Street  <label type="Location">Aberdeen, MO</label> 39730  123.345.7890  <label type="Email Address">Kohler.Terisa@mh.org</label>    High-performing senior-level, <label type="Designation">training professional</label>  eager to provide <label type="Soft Skills">leadership</label> and deliver results    PROFESSIONAL PROFILE  \xe2\x80\xa2  \xe2\x80\xa2    \xe2\x80\xa2    \xe2\x80\xa2    <label type="Soft Skills">Versatile</label>, <label type="Soft Skills">innovative</label> manager with  strengths in <label type="Job Specific Skills">training</label>, <label type="Job Specific Skills">staffing</label>,  <label type="Job Specific Skills">coaching</label>, and <label type="Job Specific Skills">career development</label>.  Award-winning <label type="Soft Skills">public speaker</label>  recognized for presenting complex  topics with clarity, creativity, and  enthusiasm.  <label type="Soft Skills">High-energy</label> trainer and creative  facilitator, skilled in guiding learners  through engaging, breakthrough  learning opportunities.  <label type="Soft Skills">Strategic</label> <label type="Soft Skills">team leader</label> with extensive  track record motivating diverse teams  and building successful client  relationships.    PERFORMANCE AT  <label type="Companies worked at">MYERS BRIGGS TYPE CONSULTING</label>  \xe2\x80\x9cI have had the pleasure of knowing  Brian for over 10 years as a colleague and  as a service provider. He is intelligent,  likable and very quickly earns the respect  of those he works with. Brian sincerely  cares about people, and it shows in his  personal and professional relationships. I  continue to utilize his career assessment  expertise with my clients who are in  career transition.\xe2\x80\x9d   <label type="Designation">Principal</label>/<label type="Designation">Owner</label>,  <label type="Companies worked at">Myers Briggs Type Consulting </label>   PROFESSIONAL EXPERIENCE  <label type="Designation">Owner</label>/<label type="Designation">Trainer</label>/<label type="Designation">Consultant</label>, <label type="Companies worked at">M yers Briggs Type Consulting</label>  (www.mbti.com), <label type="Location">Aberdeen, MO</label>, <label type="Years of Experience">1994 to Present</label> (part-time when  concurrent with other positions)  \xe2\x80\xa2 Train and facilitate wide variety of workshops, including:  o MBTI personality type workshops for <label type="Companies worked at">Merrill Lynch</label>, <label type="Companies worked at">ACC</label>,  <label type="Companies worked at">RE/MAX</label>, <label type="Companies worked at">Vignette</label>, and <label type="College Name">St. Josephs University</label>.  o <label type="Job Specific Skills">Technical product sales</label> training for <label type="Companies worked at">Cingular/AT&amp;T</label>.  o Team building through experiential activities for Dell, Texas  Instruments, and Applied Materials.  o Creative problem-solving and test-taking skills for SureScore  and Kaplan Test Prep.  \xe2\x80\xa2 <label type="Soft Skills">Coach</label> individual clients through career transitions, using  personality assessments and creative exercises.  \xe2\x80\xa2 Teach New Paths: 10 Steps to Your Ideal Job through <label type="College Name">The University  of Missouri</label>s Informal Classes program.  \xe2\x80\xa2 Developed e-learning development strategic plan for Beijing  Electron.  \xe2\x80\xa2 Co-authored study on \xe2\x80\x9cIntensified Learning Situations\xe2\x80\x9d published  by Penguin Press.    <label type="Designation">Director  Corporate Training Practice</label>, <label type="Companies worked at">E-Business Learning  Systems</label>, <label type="Location">Gattman, MO</label>, <label type="Years of Experience">May 2005 to Nov. 2006</label>  \xe2\x80\xa2 Built corporate practice essentially from scratch, doubling  revenue in first year  from $60K/month to $140K+/month in  average billable revenues by growing relationship with <label type="Companies worked at">Dell</label>, and  establishing new relationships with <label type="Companies worked at">Motion Computing</label>, <label type="Companies worked at">Centex  Homes</label>, <label type="Companies worked at">Whole Foods</label>, <label type="Companies worked at">Hilton</label>, and <label type="Companies worked at">Texas Instruments</label>.  PERFORMANCE AT  \xe2\x80\xa2  Developed corporate side that generated most of companys  E-BUSINESS LEARNING SYSTEMS  revenue.  \xe2\x80\x9cBrian did an exceptional job of  \xe2\x80\xa2 Built and motivated strong, cohesive team of motivated,  managing expectations and ensuring the  productive, and highly creative people, keeping them focused on  delivery of a quality product above and  beyond our expectations\xe2\x80\xa6 He was  project goals while maintaining an open creative environment.  always ready with creative suggestions  \xe2\x80\xa2 Managed multiple teams of loyal, dedicated project managers,  and solutions and was an absolute delight  instructional designers, visual designers, course developers, and  to work with. Brian was instrumental to  engineers, to create more than 50 e-learning courses for diverse  making Fusion a long-term provider of  corporate clients.  our eLearning solutions  \xe2\x80\xa2  Led development of E-Business proprietary ABUCO course Manager,  creation engine, which uses a template-based approach to  Clifford Homes  separate content from technology, enabling quick, easy,  economical development of richly interactive courses, thus  reducing development time and costs.  \xe2\x80\xa2 Created atmosphere of open communication and trust.    CREATIVE \xe2\x80\xa2 ENTHUSIASTIC \xe2\x80\xa2 EMPOWERING    <label type="Name">Elias Turcotte</label> \xe2\x80\xa2 Page Two    PERFORMANCE AT  GENERATIVE BUSINESS SOFTWARE  \xe2\x80\x9cIve worked with Brian several times  over the last decade or two, and I look  forward to doing so again. Brian is a man  of talent, action and deep convictions,  which add up nicely in a way that gets a  job done well, efficiently and artistically  \xe2\x80\xa6 He has the ability to inspire and  instigate when things are going slowly  and to get the heck out of the way when  things are going well. Its been a lot of  years, and I have yet to meet anybody  who has a bad thing to say about him.  Those who know him respect him and  would work with him again in a  heartbeat.\xe2\x80\x9d   Audio Producer  PERFORMANCE AT  MANAGING PEOPLE  \xe2\x80\x9cBrian came to Managing People during  a critical time and proved to be an  outstanding consultant. He handled one  customer account exclusively and was not  only attentive to each of the clients, but  helped each determine next steps in their  career providing excellent guidance and  career advice. Brian is very bright,  creative and works extremely well with  teams. He continued to serve as a senior  consultant for Managing People at one of  the Managing People Career Centers and  again received outstanding evaluations  from clients. I recommend Brian without  hesitation.\xe2\x80\x9d   Managing Consultant  PERFORMANCE AT BLASIL SYSTEMS  \xe2\x80\x9cBrian was great at creating the venues  and events that attracted top talent to  Blasil. I personally valued his clear  assessments of employees to find the best  way to mentor them. His connections  with both people management and  technology made him very valuable to me  and to the company.\xe2\x80\x9d   colleague at Blasil    Producer, <label type="Companies worked at">Generative Business Software</label>, <label type="Location">Monroe, MO</label>, 2004  \xe2\x80\xa2 For Santa Cruz-based game developer and publisher, managed  team of 12 developers on Islen Empires, a massive multiplayer  online game that enables thousands of simultaneous players to  interact in a dynamically changing simulated fantasy world.  \xe2\x80\xa2 Generated unique ways to motivate and recognize team members,  as well as keep team focused and on track to meet project goals.  \xe2\x80\xa2 Cited as \xe2\x80\x9cbest producer\xe2\x80\x9d by Director of Development, who said,  \xe2\x80\x9cHe always manages to strike a comfortable balance between  encouraging and facilitating creative people like me and looking  out for the needs of the company.\xe2\x80\x9d  \xe2\x80\xa2 Maintained high customer satisfaction in online player community  by managing community relationships and posting updates and  announcements about the project and its upcoming releases.  <label type="Designation">Career Consultant</label>, <label type="Companies worked at">M anaging People</label>, <label type="Location">Becker, MO</label>, <label type="Years of Experience">2001 to 2004</label>  \xe2\x80\xa2 Delivered up to 10 workshops monthly in various aspects of  career development for worldwide HR consulting company  specializing in career transition; provided technical training in  proprietary Internet-based search tools; developed five new  workshops.  \xe2\x80\xa2 Personally coached hundreds of diverse clients outplaced from  such companies as IBM, Dell, Apple, Motorola, Broadwing, and  Applied Materials, reducing job-search time and increasing career  satisfaction.  \xe2\x80\xa2 Supported more than 50 remote clients, using Internet-based  facilitation tools and telephone coaching.  \xe2\x80\xa2 While providing high-quality personal coaching, particularly  focused on needs of people making major midlife changes in their  career directions.  <label type="Designation">Manager of Worldwide Staffing and HR Operations</label>, <label type="Companies worked at">Blasil  Systems</label>, <label type="Location">Aberdeen, MO</label>, <label type="Years of Experience">2000 to 2001</label>  <label type="Designation">Manager of University Relations</label>, <label type="Companies worked at">Blasil Systems</label>, <label type="Location">Aberdeen, MO</label>,  <label type="Years of Experience">1999 to 2001</label>  \xe2\x80\xa2 Deployed exceptional initiative to establish from scratch college  recruiting program for this Compaq software company,  leveraging Compaqs existing resources while maintaining an  independent Blasil identity.  \xe2\x80\xa2 Identified, hired, and motivated top talent in the form of 152 new  graduates from 20+ universities in first year.  \xe2\x80\xa2 Managed team of 10 recruiters and HR professionals; integrated  Blasils HR operations with Compaqs, improving efficiency;  coordinated redeployment and outplacement for more than 250  downsized employees.  \xe2\x80\xa2 Directed Blasil Center of Excellence in Systems Management, a  $6.5M relationship with The <label type="College Name">University of Missouri</label>, including  research funding, scholarships, internships, teaching grants, and  software donations.  \xe2\x80\xa2 Dramatically increased Blasils local visibility through companys  becoming Official Software Sponsor of UM Athletics.  \xe2\x80\xa2 Played key role in positioning Blasil as world-class employer, one  of Columbias most recognized and sought after.    CREATIVE \xe2\x80\xa2 ENTHUSIASTIC \xe2\x80\xa2 EMPOWERING    <label type="Name">Elias Turcotte</label> \xe2\x80\xa2 Page Three    PERFORMANCE AT UM  FORMER STUDENTS ASSOCIATION  \xe2\x80\x9cThe Former Students Association was  so fortunate to have Brian to create from  the ground floor a career services  program for alumni\xe2\x80\xa6 He immediately  gained credibility and respect from  colleagues across the campus, and we  constantly received profuse praise from  alumni about his valuable services and  professional delivery. The systems,  direction, and goals that Brian created for  the office are still in place; we have been  able to build an outstanding program  based on his groundwork. Brian has a  strong ability to grasp the big picture of  an organization and the appropriate sense  of his place in it. He gives thoughtful  input to creative change, and  demonstrates a quiet leadership that  quickly gains respect.\xe2\x80\x9d   <label type="Designation">Associate Executive Director</label>, <label type="Companies worked at">UM  Former Students Association</label>  EDUCATION  <label type="Degree">Master of Arts in Human Services</label>, <label type="College Name">St.  Josephs University</label>, <label type="Location">Philadelphia, PA</label>   Completed in two years with 4.0 GPA,  while working full-time to support  family.   Concentration in <label type="Job Specific Skills">Social/Psychological  Services</label> including <label type="Job Specific Skills">Organizational  Behavior</label>, <label type="Soft Skills">Conflict Resolution</label>,  <label type="Job Specific Skills">Counseling</label>, <label type="Soft Skills">Assessment</label>, <label type="Soft Skills">Leadership</label>,  <label type="Job Specific Skills">Special Populations</label>, <label type="Job Specific Skills">Career  Development</label>, and <label type="Job Specific Skills">HR Law</label>.  <label type="Degree">Bachelor of Science in Computer  Science</label>, <label type="College Name">Pace University</label>, <label type="Location">New York, NY</label>  <label type="Degree">Human Resource Development  Instructor Certification</label>, <label type="College Name">The University  of Missouri</label>, <label type="Location">Columbia, MS</label>, <label type="Years of Experience">1997</label>    <label type="Designation">Director of Career Services</label>, <label type="College Name">The University of M issouri</label> <label type="Companies worked at">Former  Students A ssociation</label>, <label type="Location">Columbia, MS</label>, <label type="Years of Experience">1996 to 1999</label>  \xe2\x80\xa2 Founded one of the countrys first alumni career services,  providing more than 67,000 members with:  o Personality and interest assessments (MBTI, True  Colors), and individual career consulting.  o Monthly career workshops in Columbia, Aberdeen,  Lincoln, Carroll, and Clinton.  o Resource library, resume database service, and job-listings  web site.  o The Missouri Manage Career Network of 500+  worldwide alumni advisors.  \xe2\x80\xa2 Established Columbia Campus Career Council, increasing  cooperation and communication among more than a dozen  university career services.  \xe2\x80\xa2 Organized UMs first Real World 101 conference.  Director of Business Services, Career Connoisseurs, Columbia,  MS, 1995 to 1996  \xe2\x80\xa2 Trained groups and coached individuals in career development,  skill identification, resume writing, job-search strategies, and  interviewing skills.  \xe2\x80\xa2 Designed and implemented Career Exploration Program and  Career Direction Program, combining assessment, career  counseling, and search-skills training.    AFFILIATIONS AND ACTIVITIES  \xe2\x80\xa2    \xe2\x80\xa2    TOASTMASTERS INTERNATIONAL: Member, Frontier and Arthur  Storer clubs, 1992 to Present  o Won 20+ awards, including 2002 Best Humorous Speech  contest for Missouri district.  o Elected President for two years of Frontier club, and one year  of Arthur Storer club.  AMERICAN SOCIETY FOR TRAINING AND DEVELOPMENT, Lincoln  chapter, 1992 to Present  o Served as 2005 VP of Programs, recruiting broad variety of  speakers for monthly meetings.    Myers-Briggs Type Indicator (MBTI)  Qualification, Type Resources, Inc.,  Austin, TX, 1994    AREAS OF EXPERTISE  \xe2\x80\xa2  \xe2\x80\xa2  \xe2\x80\xa2  \xe2\x80\xa2  \xe2\x80\xa2  \xe2\x80\xa2  \xe2\x80\xa2  \xe2\x80\xa2  \xe2\x80\xa2    <label type="Job Specific Skills">Training and Development </label> <label type="Job Specific Skills">Coaching</label> and <label type="Job Specific Skills">Consulting</label>  Simulation and Game Design  <label type="Job Specific Skills">Sales and Marketing</label>  <label type="Job Specific Skills">Career Development</label>  <label type="Job Specific Skills">Human Resources and Staffing</label>  <label type="Soft Skills">Team</label> <label type="Soft Skills">Leadership</label>  <label type="Soft Skills">Relationship</label> Building  Assessments (MBTI, True Colors)    <label type="Soft Skills">CREATIVE</label> \xe2\x80\xa2 <label type="Soft Skills">ENTHUSIASTIC</label> \xe2\x80\xa2 <label type="Soft Skills">EMPOWERING</label>"
</cv>
