<?xml version="1.0" encoding="UTF-8"?>
<cv>
"<label type="Name">Jose O'Conner</label>  4354 Linda Vista Cir., <label type="Location">Miami, FL</label>  Phone: 123-345-7890 Email: <label type="Email Address">Kirstie.Huel@hotmail.com</label>    Objectives  To become an active member of a leading corporate law firm; to represent private and public  corporations, specifically in <label type="Job Specific Skills">corporate finance</label>.    Experience  <label type="Years of Experience">2012-2014</label>  <label type="Companies worked at">Gunster Law Firm</label>  <label type="Designation">Paralegal</label>  Assisted in representing clients with private start-ups and clients with multipart, public  transactions  Prepared files to comply with <label type="Job Specific Skills">local and statewide business regulations</label>  Worked with amendments and withdrawals for prominent corporations  Assisted in closing transactions that included mergers and acquisitions  Filed SECs, UCCs, and SS-4 forms with the Internal Revenue Service  Counseled clients through private equity investments and initial and secondary public  offerings  <label type="Years of Experience">2011-2013</label>  <label type="Companies worked at">The Business Law Society</label>, FIU  Active <label type="Designation">Board Member</label>  Organized interactive group events with the goal of informing students of the myriad areas  of business law  Facilitated discussion amongst peers pertaining to current developments in business law  and how to be an ideal candidate for competitive law schools    Created one-on-one mock meetings where students practiced discussing transactions they  would encounter in real life settings    Education  <label type="College Name">Florida International University</label> <label type="College Name">College of Law</label>, <label type="Location">Miami, Florida</label>  <label type="Degree">Business Law</label>, <label type="Degree">Juris Doctor</label>, 2014  GPA 3.7  <label type="College Name">Florida Atlantic University</label>, <label type="Location">Boca Raton, Florida</label>    Accounting, 2011  Honors: Magna Cum Laude, completed honors thesis    <label type="Degree">Bar Admission</label>  <label type="Graduation Year">2014</label> State of Florida    Skills  Knowledge of <label type="Tech Tools">Microsoft Office</label>, <label type="Tech Tools">Access</label>, <label type="Tech Tools">Excel</label>, <label type="Tech Tools">PowerPoint</label>  <label type="Soft Skills">Data analytics</label> software that includes <label type="Tech Tools">SPSS</label> and <label type="Tech Tools">SAS</label>  Versed in extensive <label type="Soft Skills">mathematical</label> skills that include the areas of <label type="Soft Skills">statistics</label> and <label type="Soft Skills">calculus</label>  <label type="Soft Skills">Accounting software</label>: <label type="Tech Tools">Quicken</label> and <label type="Tech Tools">Peachtree</label>  <label type="Soft Skills">Financial management software</label>: <label type="Tech Tools">Hyperion</label> and <label type="Tech Tools">Quantrix</label>"
</cv>
