<?xml version="1.0" encoding="UTF-8"?>
<cv>
"Peperfeld 55  D-30457 Hannover  Tel. : +49 511 26 222 26  Fax : +49 511 26 222 27  Mobile: +49 123 34507890    e-mail: <label type="Email Address">zChristiansen@sr.io</label>  www: iraqilawconsultant.com    CURRICULUM VITAE  Name:  Birth:  Nationality:  Personal Status:    1.    <label type="Name">Tanner Stamm</label>  <label type="Location">Iraq</label>, 02.05.1938  German  Married, two children    Education and Professional Qualification:    <label type="Graduation Year">1956 - 60</label>    <label type="Degree">B.A. Degree in Law with Distinction</label>, <label type="College Name">Baghdad University</label>,  <label type="Location">Baghdad, Iraq</label>, awarded in June 1960.    <label type="Graduation Year">1961</label>    <label type="Degree">Certificate in English and Comparative Law with Distinction</label>,  <label type="College Name">The City of London College,</label> <label type="Location">London, England</label>,  awarded in August 1961.    <label type="Graduation Year">1960 - 63</label>    <label type="Degree">Postgraduate Academic Diploma in Law</label>, <label type="College Name">University of  London</label>, <label type="Location">England</label>, awarded in October 1963.    <label type="Graduation Year">1963 - 65</label>    <label type="Degree">Diploma in International and Comparative Air Law</label>,  <label type="College Name">London Institute of World Affairs</label>, awarded in August 1965.    <label type="Graduation Year">1967 - 70</label>    Researcher as a <label type="Degree">Ph.D.</label> student in <label type="Degree">International Law</label>,  <label type="College Name">University of Durham</label>, <label type="Location">England</label>.    Since 1960    Member of the Iraqi Bar Association.    Since 1989    Qualified and registered in <label type="Location">Germany</label> as <label type="Designation">Legal Advisor</label>/Rechtsbeistand  in Business Laws of Arab Countries and in Islamic Law.    Since 1989    Admitted as an arbitrator by the Euro Arab Arbitration System.    Since 1998    Registered at the Law Society (London) as Middle East Legal  Consultant.    Since 2001    Admitted as a full member (MCI Arb) of the Chartered Institute of  Arbitrators, London.    1/4    2.    Legal Practice:  As it can be seen from the following, I have about <label type="Years of Experience">50 years of experience</label> as  <label type="Designation">Legal Advisor</label> and <label type="Designation">Attorney at Law</label> in the field of <label type="Job Specific Skills">Iraqi and Middle Eastern  business laws</label> including <label type="Job Specific Skills">company laws</label>, <label type="Job Specific Skills">telecom laws</label>, <label type="Job Specific Skills">construction contracts</label>  and related claims as well as <label type="Job Specific Skills">litigations</label>, <label type="Job Specific Skills">arbitration</label> and <label type="Job Specific Skills">tendering</label>. Presently, I  practise as a <label type="Designation">legal consultant </label>in the above mentioned field in association with  a  group  of  international  lawyers  (please  see  my  website:  www.Iraqilawconsultant.com).  2.1 In Iraq:  I was for more than <label type="Years of Experience">10 years</label> <label type="Designation">Legal Advisor</label> and <label type="Designation">Attorney at Law</label> for Iraqi  Ministries and government organisations, as well as practicing before Iraqi  courts.  2.2 In Europe:  a) I have been licensed as <label type="Designation">Middle East Consultant</label> in <label type="Location">Germany</label> and  <label type="Location">England</label>, and have given <label type="Job Specific Skills">legal advice</label> and expert opinion to European  and American law firms, companies and courts and arbitration tribunals  on legal questions concerning Iraqi and Arab laws, including claims  arising from contractual liability and unlawful acts.  b) I have advised the <label type="Companies worked at">UN Compensation Commission</label> on issues related to  the liability of Iraq for loss and damages resulting from Iraqs invasion  of Kuwait.  c) I have presented foreign creditors including Hyundai in debt collection  proceedings in Iraq.  d) I have advised a major telecommunication company in the Middle East  on due diligence and acquisition of another Middle East  telecommunication company.  e) I have also advised law firms in <label type="Location">London</label> and submitted expert opinion  on a billion dollar claim regarding the liability of the Iraqi State for the  debts of its public entities.  f)    Recently, I have advised a law firm in London and submitted expert  opinion in respect of claims filed by Iraqi victims of unlawful arrest and  torture against the <label type="Companies worked at">UK Ministry of Defence</label> involving questions of  tortious liability and limitation period.    g) I am also engaged as an arbitrator on claims related to shipping and  demurrage.  During many years of experience, I have learned the art of legal drafting, negotiating  and the talent for <label type="Soft Skills">communicating</label> across borders, and <label type="Job Specific Skills">strategic planning</label>.  3.    Last Post:  2/4    From December 1980 until May 2003, I spent more than 22 years in full-time posts  as a <label type="Designation">Senior Legal Advisor</label> (Referatsleiter), <label type="Designation">Company Secretary</label> and later as a  <label type="Designation">Director</label> (Prokurist) of the Contract Management Department in Preussag, a large  industrial group of companies in <label type="Location">Germany</label>.  My duties included:  -    -    4.    Acquisition and establishment of business outside Germany and corporate  legal matters abroad.  Study of international tender documents for industrial, construction, and supply  projects, as well as drafting legal and commercial comments.  <label type="Job Specific Skills">Contract risks analysis</label> and contract interpretation.  <label type="Job Specific Skills">Contract management</label>, follow up, and taking part in management decision  making on legal and commercial problems arising during execution of projects.  <label type="Job Specific Skills">Contract negotiations</label>, study and drafting of contracts including:  Contracts and sub-contracts for construction and industrial projects, agencyand distributorship agreements, pre-bidding agreements, joint venture  agreements, technical assistance, and licensing agreements, engineering  consultancy contracts, supply contracts, and other legal documents.  Giving <label type="Job Specific Skills">legal advice</label> on questions related to <label type="Job Specific Skills">business laws in Middle Eastern  Arabic countries</label>.  Preparation and follow up of claims and arbitration concerning construction and  industrial projects and supply contracts.    Past Posts:  -    <label type="Years of Experience">November 1977 - November 1980</label>  <label type="Designation">Manager</label> of the legal department and <label type="Designation">legal consultant</label> to the chairman of the  <label type="Companies worked at">State Organisation for Technical Industries</label>, <label type="Location">Baghdad, Iraq</label>.  My duties included:  Management of the department, contract administration, taking charge of law  suits, studying and giving legal opinion on claims and problems arising from the  execution of international contracts, preparation of tender documents, and  evaluation of international tenders, drafting and negotiating large  engineering/ industrial contracts.    -    <label type="Years of Experience">May 1975 - November 1977</label>  <label type="Designation">Legal advisor</label> and <label type="Designation">manager</label> of the legal department of the <label type="Companies worked at">National Centre for  Engineering and Architectural Consultancy</label>, <label type="Location">Baghdad, Iraq</label>.    -    <label type="Years of Experience">August 1974 - May 1975</label>  <label type="Designation">Legal advisor</label> and <label type="Designation">manager</label> of the legal department of the <label type="Companies worked at">Iraqi Maritime  Transport Company</label>, <label type="Location">Baghdad, Iraq</label>.  My duties included: taking charge of <label type="Job Specific Skills">maritime law suits</label>.    -    <label type="Years of Experience">January 1973 - August 1974</label>  <label type="Designation">Legal advisor</label> and <label type="Designation">manager</label> of the legal department of the <label type="Companies worked at">National Computer  Centre</label>, <label type="Location">Baghdad, Iraq</label>.    -    <label type="Years of Experience">April 1971 - January 1973</label>  <label type="Designation">Chief supervisor</label>, shipping department of the <label type="Companies worked at">Iraqi Maritime Transport  Company</label>, <label type="Location">Baghdad, Iraq</label>.  3/4    5.    Other Experience:  -    Member of Iraqi delegations to a number of government conferences and  international conferences and delegations, including: The Third Session of the  United Nations Conference for Trade and Development, Santiago, Chile, 1972,  and the Board Meeting of the Arab Academy for Maritime Transport, Cairo,  Egypt, 1974.    -    Participant, and occasionally a speaker, in a number of international seminars,  including:  FIDIC Seminar on the Role of the Consultant Engineer in Developing  Countries, Teheran, Iran, 1977; Seminar on Project Insurance, London,1978;  Seminar on Project Contracts held in London in June 1980; Seminar on FIDIC  General Conditions for Civil Engineering Contracts, Vienna, February 1988; and  Seminar on Commercial Contracts, London, October 1988; MEED Conference  on the Gulf Crisis, London, England, September 1990 (as a speaker),  Arbitration in Arab States, Paris, 1994, and New Engineering Contract, London,  1998, and other recent seminars such as: Master classes on Arbitration, and  demurrage. Speaker at Seminars on legal questions related to business laws  in Middle Eastern countries, as well as on contract risks management, and  many other seminars and conferences.    -    -    Member of the Iraqi Inter-Ministerial Committee which drafted the Government  Standard Contract for Electrical and Mechanical Projects, and the Standard  Contract for Engineering Services (1978-1980).    -    Intensive course for 2 weeks on EEC Laws in Luxembourg, 02. - 12. April 1991.    6. Publications:  -    I have written a number of articles on subjects such as <label type="Job Specific Skills">Iraqi construction law</label>,  <label type="Job Specific Skills">economic sanctions</label> against Iraq, <label type="Job Specific Skills">tendering</label> and <label type="Job Specific Skills">arbitration</label> in certain Middle  Eastern countries, enforcement of judicial awards in Iraq, <label type="Job Specific Skills">risks analysis</label> in  construction contracts, trading with Iraq, and time bar under Iraqi law, as well as  on the application of <label type="Job Specific Skills">Islamic law</label>, interest and <label type="Job Specific Skills">Islamic banking</label>.    7. Languages:   <label type="Soft Skills">Arabic</label>:   <label type="Soft Skills">English</label>:   <label type="Soft Skills">Persian</label>:   <label type="Soft Skills">German</label>:    Mother tongue  As good as a mother tongue  Medium standard  Medium standard    8. Membership:   Member of the Iraqi Bar Association   Member of the German Association of Arabic and Islamic Laws   Member of the Arab Lawyers Association   Member of the Chartered Institute of Arbitrators  Hannover, July 2011  4/4"
</cv>
