<?xml version="1.0" encoding="UTF-8"?>
<cv>
"<label type="Name">Hyman Murray</label>  <label type="Designation">Legal assistant</label>  AREAS OF EXPERTISE  <label type="Job Specific Skills">Legal research</label>  <label type="Job Specific Skills">Document management</label>  <label type="Job Specific Skills">Diary management</label>  <label type="Job Specific Skills">Contract terminology</label>    PERSONAL SUMMARY  Highly <label type="Soft Skills">efficient</label> <label type="Designation">legal assistant</label> with extensive knowledge of the <label type="Job Specific Skills">administrative  and secretarial procedures</label> in a <label type="Job Specific Skills">legal environment</label>. Extensive experience and  understanding of <label type="Job Specific Skills">laws</label>, <label type="Job Specific Skills">legal codes</label>, <label type="Job Specific Skills">court procedures</label>, precedents and government  regulations. A strong <label type="Soft Skills">team player</label> with excellent client facing and configuration  skills. Having an ability to <label type="Soft Skills">communicate</label> complex sensitive information in an  understandable form to clients.  Now looking forward to a making a significant contribution in a company that  offers a genuine opportunity for progression.    Preparing legal documents    WORK EXPERIENCE  <label type="Companies worked at">Customer and Personal  Service    Solicitors Office</label>  <label type="Location">Coventry</label>    <label type="Designation">LEGAL ASSISTANT</label>  Secretarial duties    PROFESSIONAL  <label type="Degree">Certificate and Diploma  for Legal Secretaries</label>  (City &amp; Guilds)    PERSONAL SKILLS  <label type="Soft Skills">Integrity</label>  <label type="Soft Skills">Commitment</label>  <label type="Soft Skills">Judgement</label>  <label type="Soft Skills">Methodical</label>    <label type="Years of Experience">June 2008 - Present</label>    Tasked with providing general legal administrative and secretarial support to  solicitors &amp; a legal team. Involved in researching legal precedent, investigating  facts and also keeping professional contact with a caseload of over 100 clients.  Duties:  Involved in cases of litigation, arbitration and regulatory investigations.  Audio typing legal documents for private clients.  Typing, formatting, amending contracts, letters and other legal documents.  Managing and forwarding on requests from Clients for legal assistance.  Providing secretarial &amp; paralegal support to a team of solicitors.  Responsible for the management of Commercial Contracts.  Recording and submitting expense forms.  Reviewing and analysing large volumes of documentary evidence.  Writing replies to points of dispute with clients.  Investigating facts and law &amp; calling upon witnesses to testify at hearing.  In charge of Co-ordinating access to meeting &amp; conference rooms.  Managing the flow of paperwork &amp; communication with partners.  Greeting visitors who come to the offices and introducing them to their solicitor.  Filing and administrative responsibilities.  Assisting with the completion of Confidentiality Agreements.  Coordinating and arranging meetings and diary schedules.  Photocopying, scanning documents and faxing as required.  KEY SKILLS AND COMPETENCIES    PERSONAL DETAILS  <label type="Name">Hyman Murray</label>  34 Anywhere Road  <label type="Location">Coventry</label>  CV6 7RF    Have a working knowledge of the role and responsibilities of a secretary.  Ability to work well within a team.  Can work under pressure and with limited supervision.  Creative and resourceful in producing results with minimal direction.    ACADEMIC QUALIFICATIONS    T: 02123 345 7890  M: 0123 345 7890  E: <label type="Email Address">xTorphy@seah.org</label>    <label type="Degree">FDeg in Legal Practice (Foundation Degree)</label>  <label type="College Name">Nuneaton University</label> <label type="Graduation Year">2005 - 2008</label>    DOB: 12/09/1985  Driving license: Yes  Nationality: British    A levels:  Maths (A) English (B) Technology (B) Science (C)  <label type="College Name">Coventry Central College</label> <label type="Years of Experience">2003 - 2005</label>  REFERENCES  Available on request.    Copyright information - Please read  \xc2\xa9 This legal assistant CV template is the copyright of Dayjob Ltd August 2010. Jobseekers may download and use this CV  example for their own personal use to help them create their own CVs. You are most welcome to link to this page or any other  page on our site www.dayjob.com. However these CVs must not be distributed or made available on other websites without  our prior permission. For any questions relating to the use of this CV template please email: <label type="Email Address">xTorphy@seah.org</label>."
</cv>
