<?xml version="1.0" encoding="UTF-8"?>
<cv>
"CURRICULUM VITAE  <label type="Name">Marvin DuBuque</label>  <label type="Designation">Secretary General</label>  <label type="Companies worked at">International Civil Aviation Organization</label>    Born:  24 November 1945, <label type="Location">Alexandria (Egypt)</label>  Citizenship:  French  Family status: Married, 2 children  Languages:  French (mother tongue) and English  Education  <label type="Degree">Masters degree in Public Law</label>  <label type="College Name">Faculty of Law and Economic Sciences</label>, <label type="Location">Paris</label>  Diploma from the <label type="College Name">Institute of Political Studies</label>, <label type="Location">Paris</label>  Diploma from the <label type="College Name">Institute of Higher International Studies</label>, <label type="Location">Paris</label>  Professional Experience  <label type="Years of Experience">August 2009</label>    <label type="Designation">Secretary General</label> of the <label type="Companies worked at">International Civil Aviation Organization (ICAO)</label>    <label type="Years of Experience">2008  2009</label>    <label type="Designation">Special Adviser</label> to the <label type="Companies worked at">Joint Aviation Authorities Training Organization (JAA/TO)</label> and to  the <label type="Companies worked at">European Aviation Security Training Institute (EASTI)</label>.    <label type="Years of Experience">1994 - 2007</label>    <label type="Designation">Executive Secretary</label> of the <label type="Companies worked at">European Civil Aviation Conference (ECAC)</label>  Developed and presented <label type="Job Specific Skills">policy advice</label> and strategic options to the President and the 42  Member States of ECAC on all issues relating to the Conferences work programme, with  particular emphasis on safety, security and environment. Oversaw the integration of new  Member States. Served as <label type="Designation">Observer</label> to the <label type="Companies worked at">European Union Security Regulatory  Committee</label>.    <label type="Years of Experience">1989-1994</label>    <label type="Designation">Chief</label>, <label type="Companies worked at">Aviation Security Branch, International Civil Aviation Organization (ICAO)</label>  Advised the Secretary General and President of the Council on security policy matters  and the development of a worldwide airport assessment and technical assistance  programme. Developed a network of aviation security training schools and standardized  training packages (STPs). Served as <label type="Designation">Secretary</label> of the <label type="Companies worked at">ICAO Aviation Security Panel</label> and  of the <label type="Companies worked at">ICAO Group of Experts for the Detection of Plastic Explosives</label>.    <label type="Years of Experience">1983-1989</label>    <label type="Designation">Deputy Secretary</label>, <label type="Companies worked at">European Civil Aviation Conference (ECAC)</label>    <label type="Years of Experience">1982-1983</label>    <label type="Designation">Air Transport Officer</label>, <label type="Companies worked at">European Civil Aviation Conference (ECAC)</label>    <label type="Years of Experience">1977-1982</label>    <label type="Designation">Negotiator of air transport bilateral agreements</label>, <label type="Companies worked at">Civil Aviation Administration of France</label>    <label type="Years of Experience">1976-1977</label>    <label type="Designation">Adviser to Human Resources Division</label>, <label type="Companies worked at">Civil Aviation Administration of France</label>    <label type="Years of Experience">1973-1976</label>    <label type="Designation">Researcher</label> at the <label type="Companies worked at">Secretariat of State in charge of French universities</label>    1<label type="Years of Experience">970-1973 </label>   <label type="Designation">Adviser</label> in the <label type="Companies worked at">Office of the Dean of the Paris Academy</label> in charge of relations with  universities  \xe2\x80\x94\xe2\x80\x94\xe2\x80\x94\xe2\x80\x94\xe2\x80\x94\xe2\x80\x94\xe2\x80\x94\xe2\x80\x94"
</cv>
