<?xml version="1.0" encoding="UTF-8"?>
<cv>
"<label type="Name">Saul Sauer</label>  Flat 5a, 26 Gistock Street, Aberdeen, AB26 3NP  Tel: 01123 456789, Mobile: 07123 456789, E-mail: <label type="Email Address">Miriam84@ob.biz</label>    EDUCATION  <label type="Graduation Year">2013 - 2017</label>    <label type="Degree">LLB Honours</label> (2.1 expected), <label type="College Name">University of Aberdeen</label>    Passed all exams at first sitting and on course to achieve at least a 2.1 based on my honours results  so far in <label type="Job Specific Skills">Employment Law</label> (16/20) and <label type="Job Specific Skills">Commercial Law</label> (17/20). I am currently taking Oil and Gas  Law at honours level and conducting research for my dissertation.  2007 - 2013    Shiltons Academy, Glasgow    Highers: Biology (A), French (A), History (A), English (A), Information Systems (B)  Standard Grades: 8 at Credit level    LAW RELATED EXPERIENCE  <label type="Years of Experience">July 2016 - Aug 2016</label>    <label type="Designation">Summer Placement</label>    <label type="Companies worked at">Pinsent Masons</label>, Aberdeen    Based in the Energy Department for 6 weeks, this placement exposed me to work in the oil and gas  and offshore wind sectors for clients such as <label type="Companies worked at">Baker Hughes</label> and <label type="Companies worked at">British Energy Renewables</label>. My  responsibilities ranged from conducting research, drafting letters and attending conference calls with  clients to preparing and giving a presentation to a group of ten members of staff, including two  partners.  <label type="Years of Experience">July 2015 - Sept 2015</label>    <label type="Designation">Legal Placement Student</label>    <label type="Companies worked at">Aberdeenshire Council</label>, <label type="Location">Stonehaven</label>    Conducted <label type="Job Specific Skills">legal research</label>, ownership enquiries and produced title reports. Further duties included  processing freedom of information requests, compiling documents for the public local inquiry in  relation to the Deeside Windfarm proposal, tree preservation orders, road bonds and compulsory  purchase orders.  <label type="Years of Experience">Jun 2014 - Aug 2014</label>    <label type="Designation">Voluntary Work Placement</label>    <label type="Companies worked at">Legal Services Agency</label>, <label type="Location">Glasgow</label>    Responsibilities included assisting in objective evidence research and conducting research on  aspects of <label type="Job Specific Skills">immigration and asylum law</label>, case law research and case summaries. I also worked on  <label type="Job Specific Skills">case preparation</label> including reference source checking of expert reports.    OTHER EMPLOYMENT  <label type="Years of Experience">Sept 2014  present</label>  <label type="Designation">Telesales</label>  <label type="Companies worked at">Space Kitchen Designs</label>, <label type="Location">Aberdeen</label>  Cold telephone calling to a high volume of potential customers. Received an award for exceeding  sales targets on five occasions.  <label type="Years of Experience">Jul 2011 - Sept 2013</label> <label type="Designation">Team Member</label>  <label type="Companies worked at">Pizza Hut</label>, <label type="Location">Glasgow</label>  Responsibilities included reception, dispatch, preparation and training of new staff members.  <label type="Job Specific Skills">Customer care</label> skills demonstrated by keeping positive and professional under the pressure of  balancing customer requirements against the abilities of the kitchen team.    RELEVANT SKILLS  <label type="Job Specific Skills">Commercial Awareness</label>: Experienced in identifying, measuring and allocating resources (both in  terms of time and money) to manage a variety of projects for the Ultimate Frisbee society. Gained an  understanding of how a range of businesses operate through employment in the retail, hospitality and  legal sectors. I have successfully managed my personal budgeting by designing an Excel  spreadsheet to track financial income and outgoings.  <label type="Soft Skills">Communication</label>: Confident communicating one-to-one, within and to groups gained from working  with fellow students, with staff ranging from secretary to partner in Pinsent Masons and with a wide  range of people through my customer related roles over the phone and in person.  <label type="Soft Skills">Team Work</label>: Developed the ability to adapt to a range of roles within a team context, including  leadership where needed, through my role as President of the Ultimate Frisbee Society. Particular  strengths in motivating others and ensuring work is focused to specific goals, demonstrated in my  telesales role where I motivated my colleagues to achieve top team sales in 3 consecutive months.  <label type="Soft Skills">Attention to Detail</label>: Accurately produced a variety of documents within work placements at  Aberdeenshire Council and Pinsent Masons which were approved by senior staff and sent to clients.  <label type="Soft Skills">Time Management</label>: Successfully balanced work (sometimes up to 20 hours per week) with  consistently achieving marks at a 2.1 level within my LLB honours courses. Managed my workload  through careful planning to meet deadlines within my coursework and during my work placements.  Information Technology: Experienced with <label type="Tech Tools">Microsoft packages</label>, particularly <label type="Tech Tools">Word</label> for producing  reports of up to 5,000 words, and with legal research packages such as <label type="Tech Tools">Westlaw</label>.    POSITIONS OF RESPONSIBILITY  2014  present  Committee Member (and current President), Ultimate Frisbee Society  I have been heavily involved in the Ultimate Frisbee Society, and have held committee roles since its  inception in 2010. I have just been elected as President for this academic year. My contributions to  this society have resulted in successes such as doubling membership numbers and organising a  tournament at Balmedie beach which made a profit of \xc2\xa3160 for the society.  2012  2013  Head of School Year Book Committee  I managed a team of 5 committee members tasked with the design and production of the school year  book. Specific tasks included interviewing students and compiling and editing vast amounts of  information and discussing and making decisions about layout and design.    INTERESTS AND ACHIEVEMENTS  Law Society: As a member of the University Law Society I have visited the Scottish Parliament,  attended careers events and enjoyed the range of social events scheduled.  STAR Award: I achieved the bronze level of the STAR Award (Students Taking Active Roles) in  2015 which recognises my development of Aberdeen Graduate Attributes through my Ultimate  Frisbee Society committee role.    REFERENCES  Available on request"
</cv>
