<?xml version="1.0" encoding="UTF-8"?>
<cv>
"CURRICULUM VITAE    Name:    <label type="Name">Novella Veronika Abshire</label>    Address:  Vic    Present position:    <label type="Designation">Legal Counsel</label>,  <label type="Companies worked at">Australian Charities and Not-for-profits Commission</label>.    Educational and professional qualifications:  \xe2\x80\xa2 2011-13: Nationally <label type="Degree">Accredited as a Mediator</label> by <label type="College Name">AMA</label>.  \xe2\x80\xa2 <label type="Graduation Year">2010</label>: Attended <label type="College Name">Bond University</label> Dispute Resolution Centre  Mediation training course and subsequent successful  assessment.  \xe2\x80\xa2 <label type="Graduation Year">2002</label>: completed <label type="Degree">Master of Laws</label> from <label type="College Name">University of Melbourne</label>.  \xe2\x80\xa2 1983: Admitted to practice as <label type="Designation">Barrister and Solicitor</label> in <label type="Companies worked at">Supreme  Court of Victoria</label> &amp; <label type="Companies worked at">High Court of Australia</label>, subsequently  admitted in <label type="Companies worked at">Supreme Courts of NT &amp; SA</label>.  \xe2\x80\xa2 1982: Completed <label type="Degree">RMIT Articled Clerks Course</label>.  Relevant experience:  \xe2\x80\xa2 <label type="Years of Experience">14/8/12 onwards</label>: <label type="Designation">Legal Counsel</label>, <label type="Companies worked at">Australian Charities and Notfor-profits Commission</label>, which role includes working with  Indigenous charities and organisations on a range of legal issues  particular to their circumstances.  \xe2\x80\xa2    <label type="Years of Experience">2006 TO 2012</label>: <label type="Designation">SELF-EMPLOYED LEGAL PRACTITIONER</label> principally  working in native title and with indigenous organisations,  including appearing in Federal Court and as junior counsel in  contested matters, and in many negotiations, mediations and  case management conferences with Federal and State  governments and sometimes with many other respondents.    \xe2\x80\xa2    <label type="Years of Experience">2004-2006</label>: <label type="Designation">PRINCIPAL LEGAL OFFICER</label>, <label type="Companies worked at">NATIVE TITLE SERVICES  VICTORIA LTD (NTSV)</label> (job-shared position) involved advising and  representing native title groups, running complex meetings and  participating in mediations, being a member of the Senior  Management Team, responsible for all legal and Aboriginal  community liaison staff, developing culturally appropriate polices  and procedures, ensuring compliance with legislation and  requirements of funding body.    \xe2\x80\xa2    <label type="Years of Experience">2002-2003</label>: <label type="Designation">SELF-EMPLOYED LEGAL PRACTITIONER</label> principally  working in native title field, including appearing as junior counsel  in Federal Court.    Annie Keely, Curriculum Vitae, April 2013    1    \xe2\x80\xa2    <label type="Years of Experience">1999-2002</label>: <label type="Designation">REGIONAL REPRESENTATIVE</label> FOR <label type="Companies worked at">HORN OF AFRICA FOR  OXFAM AUSTRALIA</label> based in <label type="Location">Addis Ababa, Ethiopia</label> (job-sharing).  We were responsible for the <label type="Job Specific Skills">management</label> and <label type="Job Specific Skills">accountability</label> of  the development and emergency programs in <label type="Location">Ethiopia</label>, <label type="Location">Sudan</label>  and <label type="Location">Somalia</label>. I was responsible for monitoring and evaluation of  the existing program and repeatedly visited various projects in  north and south <label type="Location">Sudan</label>, where we focussed on developing  <label type="Job Specific Skills">grassroots community based peace-building projects</label>.    \xe2\x80\xa2    <label type="Years of Experience">1995-99</label>: <label type="Designation">SELF-EMPLOYED LEGAL PRACTITIONER</label> in Alice Springs  primarily acting for Aboriginal groups and organisations in a range  of matters including: in 1997 for the Central Land Council (CLC) I  prepared, instructed and appeared before Justice Olney in the  Alice Springs town native title claim; assisted CLC staff to develop  culturally appropriate <label type="Job Specific Skills">employment policies</label>; assisted an Aboriginal  organisation with complaints of sexual harassment; worked on  gender initiatives with women members of the Northern Land  Council and CLC.    \xe2\x80\xa2    <label type="Years of Experience">1992-95</label>: <label type="Designation">SENIOR LEGAL OFFICER</label>, <label type="Companies worked at">CENTRAL LAND COUNCIL</label>, Alice  Springs with considerable responsibility for staff supervision and  management. The CLC is an Aboriginal community organisation  and statutory authority established under the Aboriginal Land  Rights (NT) Act 1976. Effective culturally appropriate community  consultation was essential in obtaining instructions from  traditional Aboriginal landowners on issues arising and in policy  development work. As the only woman lawyer I consulted with  and represented groups of Aboriginal women in various  significant matters. As a senior female staff member I played a  leading role in raising the profile of gender issues within the  organisation and in improving processes for effectively consulting  and representing traditional Aboriginal women.    \xe2\x80\xa2    1991: Travelled overland for 12 months through Africa.    \xe2\x80\xa2    <label type="Years of Experience">1988-90</label>: <label type="Designation">LEGAL OFFICER</label>, <label type="Companies worked at">CENTRAL LAND COUNCIL</label>, in Alice Springs  &amp; later based in Tennant Creek. My work involved representing  and consulting with traditional Aboriginal landowners in a range  of forums including land claim hearings, negotiations with  pastoralists and mining companies, negotiations with  government ministers and officials. I also had a considerable role  in policy development internally and in preparing submissions to  Federal and NT governments on relevant issues.    \xe2\x80\xa2    1986-87: travelling in <label type="Location">Europe</label> and <label type="Location">Africa</label> and living in <label type="Location">South Africa</label>  for 10 months doing voluntary work in the Legal Resources  Centres in <label type="Location">Durban</label> and <label type="Location">Cape Town</label>.    Annie Keely, Curriculum Vitae, April 2013    2    \xe2\x80\xa2    <label type="Years of Experience">1984-85</label>: <label type="Designation">LEGAL OFFICER</label> AND <label type="Designation">ACTING REGISTRAR</label>, <label type="Companies worked at">VICTORIAN  EQUAL OPPORTUNITY BOARD</label>. My primary function was to provide  advice to the Board members, other staff and information to the  public about Victorian and Commonwealth discrimination  legislation. I also registered complaints under Victorian and  Commonwealth discrimination legislation.    \xe2\x80\xa2    <label type="Years of Experience">1979-1983</label>: During four years of <label type="Designation">Articles of Clerkship</label> at  <label type="Companies worked at">Coltmans</label> and <label type="Companies worked at">Ryan Carlisle Needham Thomas</label>, and then as an  <label type="Designation">employee solicitor</label> at <label type="Companies worked at">Ryan Carlisle</label>, I gained experience in a  range of <label type="Job Specific Skills">civil jurisdictions</label>.    Current Board Memberships:  Member, Management Committee, Wellwishers Charitable Trust  Member, Northcote High School, School Council  Former Board Memberships: Nil  EEO categories:    Not applicable    <label type="Name">Novella Veronika Abshire</label>, Curriculum Vitae, April 2013    3    Referees:  Referee 1:    Mr <label type="Name">Novella Veronika Abshire</label>,  <label type="Designation">Former Chairperson</label> Gunditj Mirring Traditional Owners  Aboriginal Corporation,  Heywood, Victoria    Contact details:    (mobile)  <label type="Email Address">tGoyette@gmail.com</label> (email)    Damein was the Chairperson of the Gunditjmara for much of the time I  represented the native title group during lengthy negotiations and mediation.  He has direct knowledge of my experience in formal mediation and informal  dispute resolution including intra indigenous disputes.    Referee 2:    Mr <label type="Name">Novella Veronika Abshire</label>  <label type="Designation">Deputy Registrar</label>  <label type="Companies worked at">Principal Registry,  Federal Court of Australia</label>, <label type="Location">Sydney</label> 2000    Contact details:    (02) 9230 8887 (work)  (mobile)  <label type="Email Address">tGoyette@gmail.com</label> (email)    I worked with Ian at Native Title Services Victoria and subsequently have  participated in many mediations and case management conferences  conducted by Registrar Irving.    Referee 3:    Ms <label type="Name">Novella Veronika Abshire</label>,  <label type="Designation">Deputy Registrar</label>  Native Title  <label type="Companies worked at">Federal Court of Australia</label>,  <label type="Location">Perth, WA</label> 6000    Contact details:    (08) 9268 7116 (work)  (mobile)    <label type="Email Address">tGoyette@gmail.com</label> (email)  I worked with Ann at Native Title Services Victoria while advising and  representing the Gunditjmara in Federal Court litigation and mediation.    <label type="Name">Novella Veronika Abshire</label>, Curriculum Vitae, April 2013    4"
</cv>
