<?xml version="1.0" encoding="UTF-8"?>
<cv>
"Sample of <label type="Designation">Immigration Attorney</label> Resume    <label type="Name">Kasey Solange Torphy</label>  3546 Kyle Street  Ardmore, NE 57715  Email address: <label type="Email Address">Rolfson.Flo@hotmail.com</label>  Telephone number: 3123 456789  Career Objective: Looking for a position as an <label type="Designation">Immigration Attorney</label> where I can use my skills and  knowledge to help people with the <label type="Job Specific Skills">legalities of immigration</label>.  Career Summary: Possess prior experience of working as an <label type="Designation">immigration attorney</label> in the <label type="Companies worked at">Texas  Immigration Office</label>. Possess excellent <label type="Soft Skills">communication</label> skills along with better <label type="Soft Skills">work management</label> and <label type="Soft Skills">time  management</label> skills.  Skills and Expertise:  Excellent in <label type="Soft Skills">written</label> and <label type="Soft Skills">verbal</label> <label type="Soft Skills">communication</label>  High knowledge in <label type="Job Specific Skills">immigration rules and laws</label>  Possess excellent t<label type="Soft Skills">ime and work management</label> skills  Excellent in <label type="Soft Skills">leadership</label> and co-worker skills  Professional Experience:  Firm: <label type="Companies worked at">Texas Immigration office</label>  Post: <label type="Designation">Immigration Attorney</label>  Duration: <label type="Years of Experience">January 2007 to September 2011</label>  Responsibilities:  Handled the task of immigration in the <label type="Location">Texas County</label>  Supervised a team of 4 Junior Immigration Attorneys  Dealing with all the aspects of immigrants like visa and pass port  Consulting with immigration offices of other counties to handle immigration issues.  Academic History:  Completed <label type="Degree">Masters in Immigration Law</label> from <label type="College Name">California University</label>  Completed <label type="Degree">Bachelors in Social Law</label> from <label type="College Name">California University</label>  Completed High school from Saint Laurent International High School California  Declaration: I hereby declare that the information provided above is true as per my knowledge.  Reference: Will be furnished on request."
</cv>
