<?xml version="1.0" encoding="UTF-8"?>
<cv>
"Sample resume - law  DO NOT COPY: You are advised not to copy this sample, but  to use it to generate ideas to create your own resume.    <label type="Name">Carol Toy</label>    Education    21 Lister Lane Springvale VIC 3171  Tel: (03) 9333 4555 / Mob: 0431 234 999  Email: <label type="Email Address">Janiece.Sipes@gmail.com</label>    <label type="Degree">Bachelor of Laws</label>/<label type="Degree">Bachelor of Arts</label>  <label type="College Name">Monash University</label>, Clayton Campus   Arts Majors: Australian Indigenous studies &amp; Land &amp; Water Management   Achieved High Distinction average for Arts degree (86%)   Expected completion date <label type="Graduation Year">July 2015</label>    Feb 2012 current    Victorian Certificate of Education  St. Johns Secondary College, Springvale   Achieved ENTER 98.5   Elected President of Student Council    Nov 2009    Relevant Legal Experience  <label type="Designation">Paralegal Volunteer</label> (4 hours a week)  <label type="Years of Experience">June 2013 - current</label>  <label type="Companies worked at">Springvale Community Legal Centre</label>, <label type="Location">Springvale</label>  Key responsibilities:   Interview clients with limited understanding of English   Research areas of law including bail applications, tenants rights and visas for refugees   Liaise directly (by telephone and in writing) with staff at County Court and  Refugee Review Tribunal as well as barristers and other law firms  <label type="Designation">Paralegal</label> - Summer Internship  <label type="Companies worked at">Property Department, V G Peters &amp; Co</label>, <label type="Location">Warrnambool</label>  Key responsibilities:   Perused purchase file of shopping centre client   Proof read leases and ensured all errors were accurately dealt with   Drafted letter to client regarding fee structure   Attended client meeting regarding water rights and took notes    <label type="Years of Experience">Nov- Feb 2015</label>    <label type="Designation">Volunteer</label> Work and Community Involvement  Organised Charity Basketball Match for Cancer Foundation   Event raised $10,000    Oct 2014    Member of Springvale Town Orchestra   2nd saxophone    Feb 2010  current    Memberships          Alumni Mentoring program  mentored by alumni solicitor Victorian Dept of Justice (2014-current)  Member of the Monash Law Students Society (2012-current)  Student Member, Law Institute of Victoria (2012 current)    Employment History  <label type="Designation">Office Assistant</label> (part time basis)  <label type="Companies worked at">D &amp; T Printing Services</label>, <label type="Location">Clayton</label>  Key responsibilities:   Entering orders on customer database   Organising a mail out of advertising material    <label type="Years of Experience">March 2012  current</label>    <label type="Designation">Customer Service</label>/<label type="Designation">Deputy Manager</label> (part time basis)  <label type="Companies worked at">Jaspers Fruit and Vegetable Store</label>, <label type="Location">Springvale</label>  Key responsibilities:   Assisted customers in their choice of produce   Banking and locking up store when manager was away    Jan 2009  Dec 2011    Demonstrated Key Skills  <label type="Soft Skills">Communication</label> / <label type="Soft Skills">Advocacy</label> Skills   Received excellent feedback for explaining in clear and plain English the steps needed to fill in a court  form to elderly clients at Springvale Community Legal Centre   Displayed professional document production skills when drafting a new printing services brochure at  D &amp; T Printing Services   Runner up in University Mooting Competition in 2014, proving ability to <label type="Soft Skills">share information</label> and  <label type="Soft Skills">persuade</label> effectively   Effectively represented student needs on high school student council proving ability to negotiate  effectively and inspire confidence in others   Foreign language competence shown through intermediate <label type="Soft Skills">Spanish</label> and <label type="Soft Skills">French</label>  <label type="Soft Skills">Problem Solving</label> / <label type="Soft Skills">Negotiation</label> Skills   Re-organised staff rosters at short notice when Jaspers Fruit and Vegetable Store was under-staffed  and Manager was away, showing ability to work under pressure and manage resources   Liaised with IT company to fix database after it crashed at D &amp; T Printing Services, demonstrating  ability to plan for contingencies and deal with crises  <label type="Soft Skills">Teamwork</label> Skills   Regular and reliable member of orchestra for four years, attending weekly rehearsals and  participating in two to three concerts annually proving ability to work well in a group and stick to  commitments   Able to apply team work skills to a range of situations such as when consulted with others in order to  allocate tasks such as promotion, ordering tickets, booking venue and guest players when planning a  Charity Basketball Match    Interests        Regularly read Australian Financial Review and keep an eye on stock market.  Enjoy swimming, reading crime novels and going to stand-up comedy shows.    Referees  Ms. <label type="Name">Carol Toy</label>  <label type="Designation">Manager</label>, <label type="Companies worked at">D&amp;T  Printing Services</label>  Tel: (03) 9534 3333    Page | 2    Mr. <label type="Name">Carol Toy</label>  <label type="Designation">Senior Lawyer</label>, <label type="Companies worked at">Springvale  Community Legal Centre</label>  Tel: (03) 9634 3337    <label type="Name">Carol Toy</label>    Dr <label type="Name">Carol Toy</label>  <label type="Designation">Lecturer</label>, <label type="Companies worked at">Faculty of Law</label>  <label type="Designation">Monash University</label>  Tel: (03) 9823 6700    monash.edu/careers  <label type="Email Address">Janiece.Sipes@gmail.com</label>  +61 3 9905 4170  Facebook.com/MonashECD"
</cv>
