<?xml version="1.0" encoding="UTF-8"?>
<cv>
<label type="Name">Oma Wuckert</label>
<label type="Designation">Senior Associate Consultant</label> - <label type="Companies worked at">Infosys/Offshore Lead</label>

<label type="Location">Bengaluru, Karnataka</label> - Email me on Indeed: <label type="Email Address">Stacia.Gerhold@omah.biz</label>

•An erudite professional with <label type="Years of Experience">2 years</label> of IT/<label type="Job Specific Skills">Presales</label>/<label type="Job Specific Skills">Project Management</label> experience
•Possess knowledge of <label type="Job Specific Skills">Project Management</label>, <label type="Job Specific Skills">Digital/Social Media Marketing</label>, <label type="Soft Skills">Analytics</label>, <label type="Job Specific Skills">BI
(Business Intelligence)</label>, <label type="Job Specific Skills">presales</label>, <label type="Job Specific Skills">Business
development</label>, <label type="Job Specific Skills">strategy and planning</label>, etc.
•Endowed with a passion for winning as exemplified through excellence in academic,
extracurricular areas and organizational experience
•An effective communicator with strong analytical/logical skills to relate to people at any level
of business and management
•Exposure in improving business performance by leveraging market insights to influence
strategic and tactical plans that delivered differentiated offerings to customers
•Possess <label type="Soft Skills">problem solving</label> capability keeping constraints in purview, <label type="Soft Skills">innovation</label> &amp;amp;
adaptability
•A <label type="Soft Skills">quick learner</label> with the expertise to work under pressure and meet deadlines
•Pleasing personality with a zest for life, knowledge and sound understanding of technology and
the present world

Willing to relocate: Anywhere

WORK EXPERIENCE

<label type="Designation">Senior Associate Consultant</label>

<label type="Companies worked at">Infosys Limited</label> -  <label type="Location">Bangalore Urban, Karnataka</label> -

<label type="Years of Experience">July 2017 to Present</label>

- <label type="Designation">Project Management Office (PMO)/Offshore Lead</label> for a leading Global Oil &amp;amp; Gas utility giant
- Handling multiple service areas viz. risks and issues, planning and scheduling and assurance
processes for all projects and engagements across the EMEA geography

<label type="Designation">Associate Consultant</label>

<label type="Companies worked at">Infosys</label> -  <label type="Location">Pune, Maharashtra</label> -

<label type="Years of Experience">May 2016 to June 2017</label>

- Presales (Domain and Process Consulting) for Enterprise Asset Management (EAM) Supply Chain
Domain
- Pega Marketing and<label type="Job Specific Skills"> BPM (Business Process Management)</label> team as a functional consultant
- Problem Definition: Conduct secondary research that helps identify problem areas
- Effort Estimation and preparing Deal Pricing with vendors to provide data points for proposal
development
- Solution Evaluation &amp;amp; Recommendation: Understand solutions recommended and explore
alternatives based on research (literature survey, information based in public domains etc.)
-<label type="Job Specific Skills">Requirement Analysis</label> &amp;amp; Detailing of Processes: Create requirement specifications from
business needs. Define detailed functional, process, infrastructure based on requirements

https://www.indeed.com/r/oma-wuckert


- <label type="Job Specific Skills">Development/Configuration</label>: Configure and build the application, process solution in line with
the design document
- <label type="Job Specific Skills">Issue Resolution</label>: Understand the issue, diagnose the root cause and shortlist solution
alternatives
- <label type="Job Specific Skills">Marketing</label> &amp;amp; <label type="Job Specific Skills">Branding</label>: Create marketing material in the form of case studies or solution
documentation
- Configure and assist in evaluating micro vertical/service/solution requirements on the products,
documenting these in presentations and creating solution brochures

EDUCATION

<label type="Degree">PGDM in Marketing</label>

<label type="College Name">Goa Institute of Management</label> -  <label type="Location">Goa</label>

<label type="Graduation Year">June 2014 to March 2016</label>

<label type="Degree">B.Tech in Computer Science and Engineering</label>

<label type="College Name">Uttar Pradesh Technical University</label> -  <label type="Location">Ghaziabad, Uttar Pradesh</label>

July 2010 to April 2014

SKILLS

<label type="Tech Tools">Adobe Photoshop</label> (Less than 1 year), <label type="Tech Tools">Ads</label> (Less than 1 year), <label type="Tech Tools">BI</label> (1 year), <label type="Job Specific Skills">Business Intelligence</label>
(1 year), <label type="Tech Tools">MS Excel</label> (2 years), <label type="Job Specific Skills">presales</label> (1 year), <label type="Tech Tools">Tableau</label> (1 year), <label type="Job Specific Skills">Pega Marketing</label> and <label type="Job Specific Skills">BPM</label> (Less
than 1 year), <label type="Tech Tools">MS Word</label> (2 years), <label type="Tech Tools">MS Powerpoint</label> (2 years), <label type="Tech Tools">MS Sharepoint</label> (2 years), <label type="Tech Tools">Spss</label> (Less
than 1 year), <label type="Tech Tools">IBM Maximo</label> (Less than 1 year), <label type="Job Specific Skills">marketing strategy</label> (2 years), <label type="Job Specific Skills">Business Analysis</label>
(2 years), <label type="Soft Skills">communication</label> and soft skills (2 years), <label type="Job Specific Skills">Project Management</label> (2 years), <label type="Job Specific Skills">Project
Planning</label> (2 years), <label type="Job Specific Skills">Team Management</label> (1 year)

LINKS

http://www.linkedin.com/in/oma-wuckert

CERTIFICATIONS/LICENSES

<label type="Tech Tools">Google Adwords</label>

December 2016 to December 2017

<label type="Tech Tools">Google Analytics</label>

February 2017 to August 2018

HubSpot Inbound Marketing

Digital Vidya <label type="Degree">Certified Digital Marketer</label>

http://www.linkedin.com/in/oma-wuckert


ADDITIONAL INFORMATION

Soft Skills

<label type="Soft Skills">Communicator</label>, <label type="Soft Skills">Innovator</label>, <label type="Soft Skills">Team Player</label>, <label type="Soft Skills">Analytical</label> Collaborator. Intuitive

Technical Skills
• <label type="Tech Tools">Google AdWords</label>, <label type="Tech Tools">Google Analytics</label>, <label type="Tech Tools">Inbound Marketing</label>, <label type="Job Specific Skills">SEO</label> (On-page and Off- page), <label type="Job Specific Skills">SEM</label>,
<label type="Tech Tools">Facebook Ads</label> and Social
•<label type="Job Specific Skills">Project Management</label>, <label type="Tech Tools">MS Project</label> Professional
Media Campaigns (Content Bucketing)
• <label type="Tech Tools">Tableau</label>, <label type="Tech Tools">Microsoft Power BI</label>, <label type="Tech Tools">SPSS</label>
• <label type="Tech Tools">MS Office Suite</label>, Advanced <label type="Tech Tools">Excel</label>, <label type="Tech Tools">MS SharePoint</label>, <label type="Tech Tools">Visio</label>, <label type="Tech Tools">Adobe Photoshop</label>, <label type="Job Specific Skills">Pega Marketing</label> and
<label type="Job Specific Skills">BPM</label>
</cv>
