<?xml version="1.0" encoding="UTF-8"?>
<cv>
<label type="Name">Gladys Robel</label>
<label type="Designation">Finance Analyst</label>

<label type="Location">Hyderabad, Telangana</label> - Email me on Indeed: <label type="Email Address">Romeo.O'Connell@yahoo.com</label>

To leverage <label type="Years of Experience">1+ years experience </label>in order management and build up the core financial techniques
and
ensure the better growth of the organisation by providing dedicated and on time delivery of the
job.

Willing to relocate to: <label type="Location">Bengaluru, Karnataka</label> - <label type="Location">hyderbad, Telangana</label> - <label type="Location">Chennai, Tamil Nadu</label>

WORK EXPERIENCE

<label type="Designation">Finance Analyst</label>

<label type="Companies worked at">Oracle India Pvt ltd</label> -

<label type="Years of Experience">May 2015 to March 2017</label>

* Recruited as <label type="Designation">Finance analyst</label> for NAMER ( North Americas') region and worked for a year.

* Achieved 'YAR (You Are Recognised) ' Award for the month of August 2015 and was given the
title
"Young and early achiever".

* <label type="Years of Experience">From June 2016 to September 2016</label> was trained and worked for EMEA ( Middle Eastern) regions
and was the mentor for new joiners and trainer for new managers.

* <label type="Years of Experience">From September 2016</label> due to regional expansion was trained for APAC ( Asian &amp; Pacific) regions
and was given the title 'Global Resource' due to my constant &amp; extensive support for the other
two
regions.

* Performed two major projects 'LLC ( License Learning Cycle) ' and 'Global Review tool' and was
the lead and global reviewer in both.

* Performed various extensive analysis to globalise the process like standardising the differences
in the process flow and concepts between regions.

EDUCATION

<label type="Degree">MBA in Finance and sectorial specialisation</label>

<label type="College Name">Avinashilingam Institute for Home Science &amp; Higher Education for Women</label>

<label type="Years of Experience">2013 to 2015</label>

<label type="Soft Skills">French</label>

https://www.indeed.com/r/gladys-robel
https://www.indeed.com/r/gladys-robel


S.B.K.V higher secondary school

2010

<label type="College Name">Avinashilingam Deemed University</label> -  <label type="Location">Coimbatore, Tamil Nadu</label>

SKILLS

EMPLOYEE RESOURCE GROUP (Less than 1 year), <label type="Job Specific Skills">ENTERPRISE RESOURCE PLANNING</label> (Less than
1 year), <label type="Tech Tools">ERP</label> (Less than 1 year), <label type="Tech Tools">Microsoft office</label> (Less than 1 year), <label type="Tech Tools">MS OFFICE</label> (Less than 1
year)

ADDITIONAL INFORMATION

/INTERESTS

* Computer skills - <label type="Tech Tools">Microsoft office</label>, <label type="Tech Tools">ERP</label>, <label type="Tech Tools">Oracle SQL</label>
</cv>
