<?xml version="1.0" encoding="UTF-8"?>
<cv>
"RESUME OF  <label type="Name">Adelaida Dawna Stoltenberg</label>  _________________________________________________________________________    4814 Marathon Drive, Post Office Box 5101, <label type="Location">Madison, Wisconsin</label> 53705  phone and facsimile: (123)345-7890 \xef\x82\xa8 e-mail: <label type="Email Address">Lynn41@hk.net</label>  website: www.peppard-adr.com  _________________________________________________________________________    Professional    <label type="Designation">Private Law Practice</label>, <label type="Name">Adelaida Dawna Stoltenberg</label> (from 1992)  Practice Concentration: <label type="Job Specific Skills">securities</label>, <label type="Job Specific Skills">commodities</label> and <label type="Job Specific Skills">trade regulation</label>;  <label type="Job Specific Skills">dealerships</label>, <label type="Job Specific Skills">distributorships</label> and <label type="Job Specific Skills">franchises</label>; <label type="Job Specific Skills">employment relations</label>;  <label type="Job Specific Skills">liability insurance coverage</label>; business, corporate, partnership and <label type="Job Specific Skills">limited  liability </label><label type="Job Specific Skills">company law</label>; <label type="Job Specific Skills">unfair competition</label>; <label type="Job Specific Skills">construction</label>; <label type="Job Specific Skills">civil and  administrative litigation</label>; <label type="Job Specific Skills">arbitration and mediation</label>  <label type="Designation">Partner</label> (<label type="Years of Experience">1979-92</label>), <label type="Designation">Managing Partner</label> (<label type="Years of Experience">1987-92</label>), <label type="Companies worked at">attorneys Wendel &amp;  Center</label>, <label type="Location">Madison, Wisconsin</label>  Practice Concentration: <label type="Job Specific Skills">securities</label>, <label type="Job Specific Skills">franchise</label> and <label type="Job Specific Skills">trade regulation</label>;  <label type="Job Specific Skills">employment relations</label>; general business, <label type="Job Specific Skills">partnership and corporate law</label>;  <label type="Job Specific Skills">civil and administrative litigation</label>; <label type="Job Specific Skills">arbitration</label>  <label type="Designation">Chief Attorney</label> (<label type="Years of Experience">1973-78</label>), <label type="Companies worked at">Office of the Wisconsin Commissioner of  Securities</label>, <label type="Location">Madison, Wisconsin</label>  Responsibilities: trial counsel and Director, Division of Enforcement    Education    <label type="College Name">University of Wisconsin</label>, <label type="Location">Madison, Wisconsin</label>  <label type="Degree">Master of Business Administration (MBA)</label> (<label type="Graduation Year">1997</label>)  <label type="College Name">University of Wisconsin</label>, <label type="Location">Madison, Wisconsin</label>  <label type="Degree">Juris Doctorate (JD)</label> (<label type="Graduation Year">1973</label>)  <label type="College Name">Marquette University</label>, <label type="Location">Milwaukee, Wisconsin</label>  <label type="Degree">Bachelor of Electrical Engineering</label> (<label type="Graduation Year">1966</label>)  Member, Eta Kappa Nu (national electrical engineering honor society)    Honors    Ranked among The Best Lawyers in America for alternative dispute  resolution (2006-2010); Peer review rated AV\xc2\xaePreeminent\xe2\x84\xa2 (highest  level of professional excellence and adherence to ethical standards) by  Martindale-Hubbell    Affiliations    Member, American Bar Association (ABA) and State Bar of Wisconsins  Sections of (Alternative) Dispute Resolution and Business Law  Member, Board of Directors, Section of Alternative Dispute Resolution of  the State Bar of Wisconsin (1999-2005)(Chair of the Section, 2002-03)  Member, State Bar of Wisconsin Section of Construction &amp; Public  Contracting Law  Member, Coordinating Committee, Dane County (Wisconsin) CourtAnnexed Case Mediation Program  Member, State Bar of Wisconsins Technology Resource Committee  (1987-92)    Arbitration    Member, panels of arbitrators: the Financial Industry Regulatory Authority  (FINRA), formerly the National Association of Securities Dealers (NASD  Regulation, Inc.); the National Futures Association; the National  Arbitration Forum; the Council of Better Business Bureaus; the State Bar  of Wisconsins Lawyer Dispute Resolution Program; and the Wisconsin  Association of Home Inspectors  Completed numerous courses for sole arbitrators, panel members and panel  chairs specific to domestic and international arbitration law and practice  methods sponsored by: the American Arbitration Association, the  Chartered Institute of Arbitrators, the American Bar Association, the  National Futures Association, the State Bar of Wisconsin, the National  Association of Securities Dealers, the New York Stock Exchange and the  Council of Better Business Bureaus  Instructor in advanced training seminars for attorneys on arbitration theory  and practice sponsored by the State Bar of Wisconsin (1989-90, 2001 and  2009); Instructor for arbitrator training program of the Wisconsin  Association of Home Inspectors (2006-09)  Arbitrated more than five hundred (500) business, commercial, financial  and regulatory disputes as sole arbitrator, panel member or panel chair in  both ad hoc and administered proceedings    2    Mediation    Member, panels of mediators: the Financial Industry Regulatory Authority  (FINRA), formerly the National Association of Securities Dealers (NASD  Regulation, Inc.); the State Bar of Wisconsins Lawyer Dispute  Resolution Program; and the Dane County, Wisconsin, Court-Annexed  Case Mediation Program  Completed more than one hundred (100) hours of introductory and  advanced instruction in mediation law and practice in courses sponsored by  Nova Southeastern University, the Institute for Conflict Management, Inc.,  the State Bar of Wisconsin, the American Bar Association and the National  Association of Securities Dealers (NASD Regulation, Inc.)  Guest Lecturer on mediation theory, practice and ethical standards for the  Dane County (Wisconsin) Bar Association Continuing Legal Education  (CLE) program for attorneys (2005-06) and for University of Wisconsin  Law School course on negotiation-mediation (2005)  Mediated more than one hundred (100) business, commercial, financial and  regulatory disputes, in both ad hoc and administered proceedings, with  settlement rate greater than eighty-five per cent (85%)  Adjunct professor of negotiation-mediation-arbitration for the Law School  of the University of Wisconsin-Madison (from 2007); Instructor in  mediation practice methods for the Dane County Bar Association Case  Mediation Program (2005-2006)    Publications    Co-Winner of the Hon. Charles Dunn Author Award (2008), for an article  published in The Wisconsin Lawyer, entitled \xe2\x80\x9cMediating Complex  Construction Claims.\xe2\x80\x9d  Article for the State Bar of Wisconsins Bar Bulletin (now The Wisconsin  Lawyer) on the International Bar Associations rules of evidence for  international commercial arbitrations (1999); author of text: Arbitration  and Mediation of Business Disputes, published by the State Bar of  Wisconsin CLE Books Division (2006), Second Edition (2008), and Third  Edition (2009)    Legal/ADR  Experience    Commercial contracts, securities regulation, franchises, dealerships &amp;  distributorships, construction, trade secrets, confidentiality &amp; noncompetition agreements, software procurement, technology licensing,  internet domain names, business transfers, financial accounting,  commodity futures contracts, liability insurance coverage, consumer  protection, housing and age discrimination, and employment relations    3"
</cv>
