<?xml version="1.0" encoding="UTF-8"?>
<cv>
"<label type="Name">Heide Price</label>  <label type="Designation">Trainee solicitor</label>  AREAS OF EXPERTISE    PERSONAL SUMMARY    <label type="Job Specific Skills">Drafting</label> skills    A recent Law graduate who is fully aware of the structure, culture and procedures  of the legal profession. Experienced in and having a good understanding of how  to build <label type="Soft Skills">relationships</label> with clients and to provide appropriate and effective legal  advice and services to them. <label type="Soft Skills">Easy going</label> by nature and able to liaise with case  officers, managers and decision makers with regards to on-going legal matters.  Currently looking for a training contract with a reputable solicitors firm.    <label type="Job Specific Skills">Employment Law</label>  <label type="Job Specific Skills">Competition &amp; Trade</label>  <label type="Job Specific Skills">Intellectual Property</label>    ACADEMIC QUALIFICATIONS  Dispute Resolution  Client interviews    <label type="Degree">B.A. (Hons) Law</label>  <label type="College Name">Middlesex University</label>  A levels:  Geography (C) Maths (A) English (B) Physics (C)  <label type="College Name">Chelmsford Central College</label>    PROFESSIONAL  <label type="Soft Skills">First Aid</label>    WORK EXPERIENCE  <label type="Companies worked at">Community Law Centre</label> - <label type="Location">Chelmsford</label>  <label type="Designation">June 2010  Present</label>  Working as an unpaid advisor at busy city centre advice bureau that provides free  legal advice and assistance to the community in three areas of law: <label type="Job Specific Skills">Housing</label>,  <label type="Job Specific Skills">Immigration</label> and <label type="Job Specific Skills">Employment</label>. Responsible for a number of legal, technical and  administrative tasks, including giving preliminary advice to clients after reviewing  often complex reports and documents.  Duties:  Assisting to prepare a clients case documents.  Attending Court or Tribunal appointments with clients.  Undertaking <label type="Job Specific Skills">legal research</label>.  Meeting and greeting clients.  Recording and monitoring office expenses and raising invoices.  Assisting mostly tenants, homeless families and low paid workers.  Providing <label type="Job Specific Skills">legal advice</label> to decision makers regarding possible solutions.  Advising individuals on alternative methods of dispute resolution.  Answering the phone, filing documents and other administrative duties.    VOLUNTEER ADVISOR    PERSONAL SKILLS  <label type="Soft Skills">Communication</label> skills  <label type="Soft Skills">Telephone manner</label>  <label type="Soft Skills">Tactful</label> &amp; <label type="Soft Skills">articulate</label>  <label type="Soft Skills">Problem solving</label>  Excellent <label type="Soft Skills">organisational</label>  skills  Driving license  <label type="Soft Skills">German</label> language    PERSONAL DETAILS  <label type="Name">Heide Price</label>  82 Some where Street  Chelmsford  C6 9LL  T: 01123 345 7890  M: 0123 345 7890  E: <label type="Email Address">Conn.Jamila@sk.co</label>    KEY SKILLS AND COMPETENCIES  Able to interview clients and witnesses and take draft statements.  Experience of explaining a firms fee structure to potential clients.  Familiar with researching documents and case histories.  Able to work in a fast paced environment &amp; complete projects to schedule.  Comprehensive understanding of the Solicitors Regulation Authority regulations.  Having enthusiasm, ambition, self-awareness and initiative.  Preparing lengthy reports.  Writing letters of advice.  Initiating and conducting litigation proceedings.  Liaising with the other professionals, counsel and Barristers.  Able to explain legal matter clearly to non legal professionals.  Keeping up to date with changes and developments in the law.  REFERENCES  Available on request.    Copyright information - Please read  \xc2\xa9 This CV template is the copyright of Dayjob Ltd August 2010. Jobseekers may download and use this CV example for their  own personal use to help them create their own CVs. You are most welcome to link to this page or any other page on our site  www.dayjob.com. However these CVs must not be distributed or made available on other websites without our prior  permission. For any questions relating to the use of this CV template please email: <label type="Email Address">Conn.Jamila@sk.co</label>."
</cv>
