<?xml version="1.0" encoding="UTF-8"?>
<cv>
"<label type="Name">Penney Waters</label>  CURRICULUM VITAE  CURRENT POSITION:    <label type="Designation">Paralegal</label>    AREA OF LAW:    100% devoted to <label type="Job Specific Skills">Marital &amp; Family Law</label>    EDUCATION:    <label type="College Name">Blackstone Career Institute</label>  Formerly: <label type="College Name">Blackstone School of Law</label>  <label type="Degree">Paralegal Certificate</label> (<label type="Graduation Year">1999</label>)    CERTIFICATIONS &amp;  ACCREDITATIONS:    State of Florida  Notary Public    PROFESSIONAL  LEGAL  EXPERIENCE:    <label type="Companies worked at">Sessums Black Caballero Ficarrotta</label>, PA  <label type="Location">Tampa, Florida</label>  <label type="Designation">Paralegal</label> (<label type="Years of Experience">2013  present</label>)  <label type="Companies worked at">The Solomon Law Group</label>, PA  <label type="Location">Tampa, Florida</label>  <label type="Designation">Paralegal Supervisor</label> (<label type="Years of Experience">2006  2013</label>)  <label type="Companies worked at">Cohen, Jayson &amp; Foster</label>, PA  <label type="Location">Tampa, Florida</label>  <label type="Designation">Paralegal</label> (<label type="Years of Experience">2004  2006</label>)  <label type="Companies worked at">McDonald &amp; Shearer</label>, PA  <label type="Location">Lakeland, Florida</label>  <label type="Designation">Paralegal</label>/<label type="Designation">Bookkeeper</label>/<label type="Designation">Office Manager</label> (<label type="Years of Experience">1999  2004</label>)  <label type="Companies worked at">Fuhrer, Flournoy, Hunter &amp; Morton</label>, PA  <label type="Location">Alexandria, Louisiana</label>  <label type="Designation">Paralegal</label> (<label type="Years of Experience">1997  1999</label>)  <label type="Companies worked at">Jack E. Carter</label>, PA  <label type="Location">Fayetteville, North Carolina</label>  <label type="Designation">Paralegal</label>/<label type="Designation">Bookkeeper</label>/<label type="Designation">Office Manager</label> (<label type="Years of Experience">1993  1997</label>)  <label type="Companies worked at">The Law Office of Richard C. Peper</label>, PA  <label type="Location">Jacksonville, Florida</label>  <label type="Designation">Paralegal</label>/<label type="Designation">Bookkeeper</label>/<label type="Designation">Office Manager</label> (<label type="Years of Experience">1991  1993</label>)  <label type="Companies worked at">Law Office of Peter R. Mayer</label>, PA  <label type="Location">Lakeland, Florida</label>  <label type="Designation">Paralegal</label>/<label type="Designation">Bookkeeper</label>/<label type="Designation">Office Manager</label> (<label type="Years of Experience">1988  1991</label>)    Lorri L. Rowell  Page 2  Hunter, Naser, Corda &amp; Evans  <label type="Companies worked at">Lakeland, Florida</label>  <label type="Designation">Receptionist</label>/<label type="Designation">Legal Secretary</label> (<label type="Years of Experience">1987  1988</label>)  PROFESSIONAL  ASSOCIATIONS AND  MEMBERSHIPS:    National Association of Legal Assistants (2014  present)  National Organization  Tampa Bay Paralegal Association (2013  present)  Tampa, Florida    COMMUNITY  INVOLVEMENT:    Florida Division of Forestry  Camp Host/Volunteer  Emergency Animal Rescue (EARS)  Certified Volunteer  Humane Society of the United States (HSUS)  Certified Volunteer  State of Florida  Former Volunteer Guardian ad Litem    [753992/2]"
</cv>
