<?xml version="1.0" encoding="UTF-8"?>
<cv>
"RESUME  <label type="Name">Laurena Schaden</label>  <label type="Designation">ATTORNEY AT LAW</label>  1362 Pacific Ave. #216  <label type="Location">Santa Cruz, CA</label> 95060  (123)345-7890  Fax (123)345-7890  Cell (123)345-7890  E-mail: <label type="Email Address">Vickey.Ledner@fas.io</label>  Web site:www.southerslaw.net    EDUCATION  <label type="College Name">San Francisco State University</label>  <label type="Degree">Bachelor of Art</label>,  <label type="Degree">Masters Program</label>  <label type="College Name">University of La Verne</label>, <label type="College Name">College of Law</label>  San Fernando Campus  <label type="Degree">Juris Doctor</label>  <label type="College Name">American Montessori Training Center</label>, <label type="Degree">Los Angeles  Teaching Credential</label>    EMPLOYMENT  Legally Related  <label type="Years of Experience">2008  Present</label>    <label type="Designation">Professional Legal Coaching</label>  Since moving to <label type="Location">Santa Cruz</label> in 2007, Ms. Southers has  directed her attention to volunteer work and <label type="Soft Skills">coaching</label>  attorneys and legal staff on ways to grow, change or  increase their effectiveness. She has lectured and written  extensively in this area for the past <label type="Years of Experience">10 years</label>.    <label type="Years of Experience">1987  2007</label>    <label type="Companies worked at">Law Offices of Eleanor Southers</label>  <label type="Job Specific Skills">Personal Injury</label>, <label type="Job Specific Skills">Workers Compensation</label>, <label type="Job Specific Skills">Immigration</label>    1    A full service law firm handling all aspects of cases from  the claim stage through trial and appeals, as well as  administrative appearances. Case load has been between  125-155 cases. Serviced over 2,500 clients. Heavy client  contact as well as supervising 3 inside and 2 outside  employees. Jury, Court and Appellate experience including  a 1.34M verdict in Superior Court.  Related work includes work with CA dept of Labor on  Immigration matters, Pro Bono and paid work has included  mediations/arbitrations for FEHA, CA Appellate Court, LA  Superior Court and the Judicial Settlement Officer  Program.  .  <label type="Years of Experience">1994 - Present</label>    Mediation Office of Eleanor Southers  Extensive training and experience in Mediations.  Particular emphasis on Employment/Labor Relations and  Business. Worked with PIHRA (Professionals in Human  Resources) as an officer and lecturer. Has mediated over  300 matters at all levels of dispute resolution from claims  through Appellate proceedings. On the mediation panel for  CA. Superior Court, Probate Panel, Judicial Officers  Settlement Program, and 2nd Appellate District Mediation  Panel.    <label type="Years of Experience">1982  1987</label>    <label type="Companies worked at">Law Offices of Gary Eisenberg</label>  <label type="Designation">Law Clerk</label> and <label type="Designation">Attorney</label>  <label type="Job Specific Skills">Personal Injury</label>. <label type="Job Specific Skills">Litigation</label>    <label type="Years of Experience">1980  1982</label>    <label type="Companies worked at">Law Offices of Brown and Kivo</label>  <label type="Designation">Law Clerk</label>  <label type="Job Specific Skills">Personal Injury</label>, <label type="Job Specific Skills">Construction</label>, <label type="Job Specific Skills">Real Estate  Business</label>, <label type="Job Specific Skills">Labor Law</label>    <label type="Years of Experience">1979  1980</label>    <label type="Companies worked at">Law Offices of Donald Kottler</label>  <label type="Designation">Law Clerk</label>: <label type="Job Specific Skills">Personal Injury</label> and <label type="Job Specific Skills">Workers Compensation</label>    Non Legal  <label type="Years of Experience">1970  1978</label>    <label type="Companies worked at">Glendale/Burbank Montessori School</label>  Montessori <label type="Designation">Teacher</label> and <label type="Designation">Principal</label>    2    VOLUNTEER, COMMUNITY AND PROFESSIONAL INTERESTS:                                    Judge Pro Tem- Los Angeles Small Claims Courts/Santa Cruz and Monterey  Panel.  Arbitrator-Los Angeles County Bar Association fee program  Mediator-Los Angeles Superior Courts  Arbitrator-Los Angeles Superior Courts  Settlement Officer-Los Angeles Superior Courts JSOP Program  Mediator-Appellate Court Panel, Los Angeles(2nd Appellate District)  Mediator-Probate Panel, Los Angeles Superior Courts  Past Program Chairman, Pacific Palisades Rotary Club  Vice Chair, Pacific Palisades Rotary Club  Speaker, various Rotary, Lions and other civic organizations  Chairman of Mentor Program, Womens Referral Service  Board of Directors, Halcyon Center for Child Studies.  Outreach Chairman, Fulfillment Fund for Network/LA  Los Angeles Public Library Literacy Tutor  Member of Womens Club, UCSC  CASA Volunteer (Court Appointed Special Advocate in the Dependency  System for Santa Cruz County)    PROFESSIONAL MEMBERSHIP:   California State Bar-Board of Directors(Advisor) Executive committee, Solo  and Small Firm Section   Consumer Attorneys of California   Consumer Attorneys of Los Angeles   California Applicants Attorneys Association   Southern California Mediation Association   Culver-Marina Bar Association- Trustee,2003 and Lawyer to Lawyer  Networking Chairman.   LA County Bar DRS Associates, Program Committee   Beverly Hills Bar Association Past Co-Chair Networking Committee and  member of the Board for the Employment Section.   Santa Cruz County Bar Association   Monterey County Bar Association   Santa Clara Bar Association   SCERT, Los Angeles, CA.   Professionals in Human Resources, District Five, past vice-chairman   American Immigration Lawyers Association   State Bar of California # 100954   United States District Court, Central District   United States Court of Appeals for the Ninth Circuit    3    SEMINARS AND SPEAKING ENGAGEMENTS   LA County Bar MCLE Seminar \xe2\x80\x9cY2K Disputes and ADR: Preparing for the  Inevitable\xe2\x80\x9d, September, 1999   LA Times Small Business Strategies Convention Speaker \xe2\x80\x9cY2K Triage\xe2\x80\x9d,  September, 1999   PIHRA Conference 2000, Speaker \xe2\x80\x9cMediation and Negotiation Techniques  For the HR Professional\xe2\x80\x9d   California State University at Fullerton, Instructor Summer 2001, \xe2\x80\x9cMediation  And Negotiation Techniques in the Workplace\xe2\x80\x9d   Speaker, Various Service Organizations, 1990 to Present.   Speaker, Women In Business \xe2\x80\x9cMediation, Choice of the Future\xe2\x80\x9d, 1996   MCLE Speaker: State Bar Convention, 2001 and 2002, \xe2\x80\x9cWorkers  Compensation and Personal Injury \xe2\x80\x9dMCLE State Bar Section Conference,  2003, \xe2\x80\x9cHow to Handle a Low Impact Case on a Budget\xe2\x80\x9d   MCLE Speaker: State Bar Convention, 2123,3456,7890,\xe2\x80\x9dEthically Handling  Liens\xe2\x80\x9d and SEI Speaker,2005, \xe2\x80\x9cStrategic Planning for Your Practice\xe2\x80\x9d   State Bar 2006 Convention. \xe2\x80\x9cRecent changes in Immigration Law Since 9/11  and How it is Impacting your Practice\xe2\x80\x9d.   SEI January, 2008 Speaker: \xe2\x80\x9cAlternative Ways of Paying: Credit Cards,  Barter and Legal Plans\xe2\x80\x9d.   State Bar 2008 Convention. \xe2\x80\x9cHow to Run Your Office on a Shoestring\xe2\x80\x9d.   In House Seminars: Marketing and Time Management (2) 2009   State Bar 2010 Convention. \xe2\x80\x9c<label type="Soft Skills">Time Management</label> for Lawyers who have no  time\xe2\x80\x9d   ABA Local Programing, Niche Marketing and Negotiating 2013 and 2014.  CA State Bar, Merced, Santa Cruz, Humboldt and Imperial County Bar  Association presentations 2012 -2014.    AWARDS:  Irving Gold Foil Appreciation Award  1988  Womens Referral Service/ Outstanding Woman of the Year - 1993  Rotary International/ Recognition of Service  1995  Culver Marina Bar Association/Service Award  2004  CA State Bar, Solo and Small Firm/Service Award - 2002 -2006    COMPUTER SKILLS:  Skilled in use of the Web for investigation, research, and all aspects of legal and nonlegal work, including e-mail.  Knowledgeable in the use of: <label type="Tech Tools">Legal Solutions</label>, <label type="Tech Tools">Tritek</label> (Management System),  <label type="Tech Tools">ImmForms</label>(West), <label type="Tech Tools">Microsoft Office</label> including <label type="Tech Tools">Word</label>, <label type="Tech Tools">Excel</label> and <label type="Tech Tools">Outlook</label>.  4    Proficient in preparing general correspondence, legal motions, briefs, and related written  materials, using a Word format.    PUBLICATIONS:  BOOKS INCLUDE:  The Medical-Legal Survival Guide, A Handbook for the California Chiropractor, ChiroLegal Publications, 1995, co-authored with Craig Morris, D.C.(used in 2 Chiropractic  Colleges in California as a text book)  The California Guide to Opening and Managing a Law Office, CA State Bar Publication,  2008, authored chapter on \xe2\x80\x9cWhat Kind of Law Should I Practice\xe2\x80\x9d.  Being a Better Lawyer: A Short Guide to a Long Career, published by the ABA    ARTICLES INCLUDE:  \xe2\x80\x9cMediation: Choice of the Future\xe2\x80\x9d  \xe2\x80\x9cHow to Save Money on Your Automobile Insurance  \xe2\x80\x9cHow to recover from an unusual Accident\xe2\x80\x9d  \xe2\x80\x9cWhat to do if you are in an Accident\xe2\x80\x9d  \xe2\x80\x9cHow to Prepare for Mediation\xe2\x80\x9d LA Business Journal, 2000  \xe2\x80\x9cPeacemeal Mediation\xe2\x80\x9d Daily Journal, 1999  \xe2\x80\x9cHow to Prepare your client for Mediation\xe2\x80\x9d Forum Publication, 2001  \xe2\x80\x9cY2K Litigation, Get Ready for a Change\xe2\x80\x9d  Los Angeles Daily Journal, Verdicts and Settlement, Mediator Profile, 12 / 99  Columnist for Big News For the Small Firm \xe2\x80\x9cThe Oracle\xe2\x80\x9d(State Bar Publication)  \xe2\x80\x9cWhat You Need to Know about VAWA\xe2\x80\x9d Big News, 2005  \xe2\x80\x9cHow Immigration Laws since 9/11 are Affecting Your Practice\xe2\x80\x9d Big News  \xe2\x80\x9cIs There an Elephant in your Law Office\xe2\x80\x9d Big News, Convention Edition 2008  Columnist for State Bar Publication \xe2\x80\x9cBig News\xe2\x80\x9d from 2006 to present.    COPIES OF ARTICLES AVAILABLE UPON REQUEST    REFERENCES UPON REQUEST    5"
</cv>
