<?xml version="1.0" encoding="UTF-8"?>
<cv>
"CURRICULUM    VITAE    Personal Particulars  Name:    <label type="Name">Domingo Yost</label>    Address:    P.O. Box 67123 456789, City Square, <label type="Location">Nairobi</label>    Telephone:    Office: 1239345/7890906  Mobile: 1232456789    E-mail Address:    <label type="Email Address">ALittle@gmail.com</label>    Nationality:    Kenyan    Academic Background  1990:    <label type="College Name">Crown Agents Training Centre</label>  <label type="Location">Worthing, United Kingdom (UK)</label>  <label type="Degree">Certificate in Commercial Law and Practice</label>    <label type="Years of Experience">1985  1986</label>:    <label type="College Name">Virje Univertiteit Brussels  (VUB)</label> <label type="Location">Brussels, Belgium</label>  <label type="Degree">Masters of Law (LL.M) in International and Comparative Law</label>    <label type="Graduation Year">1984</label>:    <label type="College Name">Kenya School of Law</label>, <label type="Location">Nairobi</label>  <label type="Degree">Diploma in Law</label>    <label type="Years of Experience">1979 - 1983</label>:    <label type="College Name">University of Nairobi</label>, <label type="Degree">Faculty of Law</label>  <label type="Degree">Bachelor of Laws (LL.B Honours)</label>    1973 - 1978:    Alliance High School, Kikuyu  Kenya Advanced Certificate of Education (KACE) \xe2\x80\x98A Level  Kenya Certificate of Education (KCE) \xe2\x80\x98O Level    1966 - 1972:    Musengo Primary School, Kitui  Certificate of Primary Education (CPE)    Professional Qualifications    Page 1 of 4    \xe2\x80\xa2  \xe2\x80\xa2  \xe2\x80\xa2  \xe2\x80\xa2  \xe2\x80\xa2    <label type="Degree">Certified Public Secretary (CPSK)</label>  <label type="Degree">Certificate in Commercial Law and Practice</label> <label type="Graduation Year">1990</label>  <label type="Degree">Diploma in Law</label>, <label type="College Name">Kenya School of Law</label>, <label type="College Name">Council of Legal education</label> <label type="Graduation Year">1984</label>  Advocate of the High Court of Kenya: Entered into the roll of Advocates on 15th  October 1984  Commissioner of Oaths    Other Responsibilities  \xe2\x80\xa2  \xe2\x80\xa2  \xe2\x80\xa2    Director and Promoter: New Alliance Schools, comprising of a charitable Secondary  School for disadvantaged boys and girls and a Teachers Training College in Kitui  West.  Patron:  Nzalae Water and Development Project (CBO)  Member:  Ole Shua Community Organization, Karen (CBO)  KCB Management Leadership Centre (Club)  Law Society of Kenya  <label type="College Name">Kenyatta University</label> Senate  Eagles Christian Church, Karen  Musengo Welfare Association (CBO)    Employment Record  1979:    Muthale Girls Secondary School, Kitui  Teacher in English, Literature, History and Geography    <label type="Years of Experience">1983</label>:    <label type="Companies worked at">Mumbuni High School, Machakos  Mutonguni Secondary School</label>, Kitui  <label type="Designation">Teacher</label> in English, Literature, History and Geography    <label type="Years of Experience">1984  1986</label>:    <label type="Companies worked at">Kenya Law Reform Commission</label>  Duties:    <label type="Years of Experience">1987  1989</label>:    <label type="Designation">Legal Research</label> and Drafting  Review, amendment and repeal of <label type="Job Specific Skills">Kenyan laws</label>    Attorney Generals Office  Senior State Counsel, <label type="Job Specific Skills">Civil Litigation</label> department  Dealt with Civil cases for and on behalf of the state (GOK)    <label type="Years of Experience">1989  1995</label>:    <label type="Companies worked at">Kenya National Assurance Co. Ltd</label>  <label type="Designation">Senior Legal Officer</label> under the Company Secretary/Chief Legal  Officer; Claims Manager and motor underwriting manager  Page 2 of 4    Duties    -Dealt with the companys legal matters including <label type="Job Specific Skills">civil  litigation</label>, <label type="Job Specific Skills">conveyacing/mortgages</label>, <label type="Job Specific Skills">property and  insurance</label> matters  -In 1992  1995 headed the claims and motor  underwriting departments which dealt with all types of  Accident claims and motor insurances    <label type="Years of Experience">1995  1997</label>:    Part time <label type="Designation">lecturer</label>/<label type="Designation">faculty member</label> of the <label type="College Name">United States International  University (USIU)</label> Africa: taught courses in <label type="Job Specific Skills">international trade law</label>,  <label type="Job Specific Skills">commercial/business/mercantile Law</label>, <label type="Job Specific Skills">International business  administration (IBA)</label> both at undergraduate and postgraduate (MBA)  levels    <label type="Years of Experience">1997  2000</label>:    <label type="Designation">Private legal practice</label> in the firm of <label type="Companies worked at">Nzuki Mwinzi and Co. Advocates</label>  with offices in <label type="Location">Nairobi</label>, <label type="Location">Kitui</label> and <label type="Location">Mwingi</label>.    <label type="Years of Experience">2000  2003</label>:    <label type="Designation">Partner</label> in the firm of <label type="Companies worked at">Mwanyumba, Nzuki Mwinzi and Company  Advocates</label>, Consolidated Bank House, <label type="Location">Nairobi</label>.    <label type="Years of Experience">2003 - 2008</label>:    <label type="Companies worked at">Kenyatta National Hospital</label>  <label type="Designation">Chief Legal Officer</label>  \xe2\x80\xa2 Head of Legal department, advisor to the Board of  Management and Advocate in civil and criminal matters,  lecturer in medical legal issues and professional ethics both at  KNH and Medical School, <label type="College Name">University of Nairobi (UON)</label>    <label type="Years of Experience">Nov. 2008 to date</label>: <label type="Designation">Managing Partner</label>, <label type="Companies worked at">Nzuki Mwinzi and Co. Advocates</label>, <label type="Location">Nairobi</label>, a Firm  of Advocates handling all types of Civil and Criminal matters on  behalf of clients  \xe2\x80\xa2 <label type="Designation">Lecturer in Law</label>, <label type="College Name">Kenyatta University</label>  \xe2\x80\xa2 <label type="Designation">Chairman</label>, <label type="Companies worked at">Department of Private Law</label>, <label type="College Name">Kenyatta University</label>  Hobbies  \xe2\x80\xa2  \xe2\x80\xa2  \xe2\x80\xa2  \xe2\x80\xa2  \xe2\x80\xa2    Charitable work  Community service and development  Traveling  Swimming  Listening to Music    Page 3 of 4    Career Summary  Strong legal background in l<label type="Job Specific Skills">egal research</label>, <label type="Job Specific Skills">drafting</label>, <label type="Job Specific Skills">civil and criminal litigation</label>, <label type="Job Specific Skills">company  law</label> and <label type="Job Specific Skills">secretarial practice</label>, <label type="Job Specific Skills">corporate governance</label> and University <label type="Job Specific Skills">law teaching</label>. Currently  my skills in <label type="Job Specific Skills">Alternative Dispute Resolution Methods</label>.  Referees  1. Professor <label type="Name">Domingo Yost</label>  <label type="Designation">Deputy Vice Chancellor</label> (Academic)  <label type="College Name">Kenyatta University</label>  P.O. Box 43123-456789  <label type="Location">NAIROBI</label>  2. Dr. <label type="Name">Domingo Yost</label>  Ag. <label type="Designation">Dean</label>, <label type="College Name">School of Law  Kenyatta University</label>  P.O. Box 43123 456789  <label type="Location">NAIROBI</label>  Tel: 123 456789/3753906    Page 4 of 4"
</cv>
