<?xml version="1.0" encoding="UTF-8"?>
<cv>
"Sample Law CV no.1    <label type="Name">Lorinda Emmerich</label>  Home address:  16 Prior Close  Keelin Road  Co. Cork    Term- time address:  N34 Lafrowda Flats  College View  Cork    Tel.(mobile) 08 3456912  E-mail: <label type="Email Address">Collins.Veta@gmail.com</label>    <label type="Email Address">Collins.Veta@gmail.com</label>    Education  <label type="Graduation Year">2005-2006</label>    <label type="College Name">University College Cork</label>: <label type="Designation">LLB in Criminal Law</label>    <label type="Graduation Year">2001-2005</label>    <label type="Degree">BCL Law and French</label> (grade 2.1)  <label type="Job Specific Skills">Tort Law</label>, <label type="Job Specific Skills">Land Law</label>, <label type="Job Specific Skills">European Union Law</label> &amp; <label type="Job Specific Skills">French Administrative Law</label>    Year 3    Spent one year in <label type="College Name">University of Rennes</label> I    1995-2001    Bandon Grammar School  Leaving Certificate (500 points)  French (A) German (A) Business Studies (B) Mathematics (B)    Legal Work Experience  <label type="Years of Experience">2005</label>    <label type="Companies worked at">Clifford Chance</label> <label type="Location">London</label> Summer placement in which I experienced 1 week in  corporate and 1 week in international tax. Was able to sit in with client meetings and  review papers.  <label type="Companies worked at">OConnell OLeary</label> 1 week summer placement in which I was given the opportunity  to work with seniors and partners in private client work in property and trusts. Sat in  on client meetings and was given a report to draft.    <label type="Years of Experience">2004</label>    <label type="Companies worked at">Ambrose Hall &amp; Partners</label> 2 weeks in this smaller high street practice where I was  involved in taking statements, reviewing papers and general office administrations  such as answering calls from clients and typing reports.    Other Work Experience  <label type="Years of Experience">Since 2000</label>    <label type="Companies worked at">Jeffers Bar and Restaurant</label> (<label type="Location">Cork</label>) I work here in the vacations where I am given  considerable responsibility for serving customers, stocking the bar, training new staff  and cashing up at night. This job has enabled me to develop excellent <label type="Soft Skills">customer  service</label> skills as well as managing long hours in a busy environment.    Voluntary Work  2003  2005    Member of \xe2\x80\x98Sunday Sports project, run by Cope Foundation to help persons  with physical and intellectual disability to improve their functional ability and  maximise physical independence.  I also take part in other events run during the week such as Wednesday  Kids Club which gives the children in residential care opportunities to partake in  leisure activities and arts and crafts projects.    2002  2005    2002  2004    Ongoing volunteer for University College Cork RAG week which raises money for  various charities by collecting, taking part in individual raids, aiding in the organisation  of the fashion show.  Playscheme helper in Kidz-R-Us: volunteer childminding during half term vacations.    Other skills  Languages  <label type="Soft Skills">French</label> &amp; <label type="Soft Skills">English</label>  <label type="Soft Skills">German</label>  <label type="Soft Skills">Italian</label>    Level  <label type="Soft Skills">Bilingual</label>  Good  Basic    Computer skills  Good knowledge of <label type="Tech Tools">Microsoft Excel</label> &amp; <label type="Tech Tools">Microsoft Word</label>. I have also undertaken various IT courses at  University to improve and I am a regular user of email and internet.  <label type="Soft Skills">Communication</label>  Excellent <label type="Soft Skills">interpersonal</label> and <label type="Soft Skills">communication</label> skills. I have been an active member of the debating team  during my undergraduate study.    Personal achievements  -    Attended the CRAC Insight to Management Course (July 2005)  Sign Language crash course for beginners (February 2004)  Elected to the Law Society Committee for 2003-2004  First Aid course with St Johns ambulance initially 2002 but do \xe2\x80\x9cRefreshers\xe2\x80\x9d every year    Interests &amp; activities  -    Sports: Regular exercise and social interaction at various gym classes, namely aerobics,  salsa evening and Yoga course for beginners. Currently badminton and football are healthy  breaks which develop my endurance and competitiveness.    -    Elected Lafrowda Flats Residents Association Vice-President in 2002-2003 and played an  active but auxillary/advisory role in the Committee for the following years.    -    Travel: Over the years I have travelled extensively and lived throughout the world for different  time spans, this helps me adapt, observe and keep an open mind to different people and  situations as well as new cultures all together.    References  Available on request    Sample Law CV 2    Hom e:  26 Hill View Court,  Fermoy, Co.Cork.  Tel: 123 456789    <label type="Name">Lorinda Emmerich</label>    Term :  2 Magazine Road,  Cork City.  Mob: 123 456789  E-Mail: <label type="Email Address">Collins.Veta@gmail.com</label>    _________________________________________________________________  OBJECTIVE    EDUCATION    Keen to source a challenging role in a dynamic law firm which will offer early  responsibilities, a progressive career path and the opportunity to maximise  my potential.  <label type="Graduation Year">2004  2005</label>  <label type="College Name">UNIVERSITY COLLEGE CORK</label>  <label type="Degree">LLB</label>  Subjects include:  <label type="Job Specific Skills">Medical Law</label>  <label type="Job Specific Skills">Family Law</label>    <label type="Job Specific Skills">Commercial Law</label>  <label type="Job Specific Skills">Public International Law</label>    <label type="Graduation Year">2001  2004</label>  <label type="College Name">UNIVERSITY COLLEGE CORK</label>  <label type="Degree">Bachelor of Civil Law</label> - Result: 2H1  Subjects:  Law of the European Union  <label type="Job Specific Skills">Constitutional Law</label>  <label type="Job Specific Skills">Law of Contract</label>  <label type="Job Specific Skills">Law of Property</label>    <label type="Job Specific Skills">Law of Torts</label>  <label type="Job Specific Skills">Criminal Law</label>  Law of Evidence  Jurisprudence    Projects:  \xef\x82\xa7 Moot Court: Two teams of four presented opposing arguments on  behalf of the respondent and the applicant. Arguments were  researched and presented orally in a cohesive manner. Each student  was questioned by the judge to assess their understanding of the  issues. Result: 2H1.  \xef\x82\xa7 Legal Skills and Analysis: Prepared a fictional client interview and  followed up the clients query in writing. Result: 1H.  1995  2001  LORETO SECONDARY SCHOOL, FERMOY, CO. <label type="Location">CORK</label>  Leaving Certificate: 490 points, including an A1 in English.  EMPLOYMENT  Relevant Experience: <label type="Years of Experience">Summer 2004</label>  <label type="Designation">Courts Service</label>, <label type="Companies worked at">Four Courts</label>, <label type="Location">Dublin</label>  \xef\x82\xa7 Attended daily meetings with the advocates.  \xef\x82\xa7 Accompanied advocates to the Court Library.  \xef\x82\xa7 Assisted administration staff with research.  \xef\x82\xa7 Attended a number of cases held over the course of the summer.  <label type="Years of Experience">Summer 2003</label>  <label type="Companies worked at">Smith, Jones &amp; Taylor Solicitors</label>, Main Street, Fermoy, Co. <label type="Location">Cork</label>    \xef\x82\xa7  \xef\x82\xa7  \xef\x82\xa7  Other Experience:    Observed interviews with clients and typed up reports.  Attended court with solicitors as part of observation.  Assisted apprentice solicitors with research and discussed points of  law and appropriate legal solutions.    <label type="Years of Experience">Summer 2002 &amp; 2001</label>  <label type="Companies worked at">Silver Pail Dairy</label> (<label type="Location">Ireland</label>), Fermoy, Co. <label type="Location">Cork</label>  \xef\x82\xa7 Worked as <label type="Designation">administrative assistant</label>.  \xef\x82\xa7 Gained knowledge and experience of <label type="Job Specific Skills">office administration</label> including  filing, faxing, photocopying, typing and telephone.  \xef\x82\xa7 Covered reception during lunch and holidays.  <label type="Years of Experience">Summer 2000</label>  <label type="Companies worked at">SuperValu</label>, Fermoy, Co. <label type="Location">Cork</label>  \xef\x82\xa7 Served customers and used cash register.  \xef\x82\xa7 Stocked shelves and assisted in stocktakes.  \xef\x82\xa7 Handled cash and balanced till daily.    SKILLS    Computer: Good working knowledge of <label type="Tech Tools">Microsoft Word</label>, <label type="Tech Tools">Excel</label>, <label type="Tech Tools">Powerpoint</label>,  E-Mail and Internet. <label type="Soft Skills">Typing speed: 70 wpm</label>.  Language: <label type="Soft Skills">Spanish</label>, excellent written and oral level.  <label type="Soft Skills">Organisational</label>: <label type="Soft Skills">Time management</label> skills gained through projects and  course work and prioritising tasks to meet deadlines.  <label type="Soft Skills">Communication</label> and <label type="Soft Skills">Interpersonal</label>: Excellent team working skills gained  through coursework, employment and extracurricular activities.    INTERESTS &amp;  ACHIEVEMENTS  \xef\x82\xa7  \xef\x82\xa7  \xef\x82\xa7  \xef\x82\xa7  \xef\x82\xa7  REFERENCES    Member of the UCC Law Society.  Awarded \xe2\x80\x982003 Debater of the Year  Represented UCC at a number of intervarsity debating competitions.  Trained and mentored new members on debating skills.  Completed a Youth Leadership course presented by Toastmasters  International in 2000.    Mr. <label type="Name">Lorinda Emmerich</label>, <label type="Designation">Lecturer</label>, <label type="Companies worked at">Department of Law</label>, <label type="College Name">University College Cork</label>. Tel:  123 345 7890. E-Mail: <label type="Email Address">Collins.Veta@gmail.com</label>  Mr. <label type="Name">Lorinda Emmerich</label>, <label type="Designation">Solicitor</label>, <label type="Companies worked at">Smith, Jones &amp; Taylor Solicitors</label>, Main Street,  Fermoy, Co. <label type="Location">Cork</label>. Tel: 123 456789. E-Mail: <label type="Email Address">Collins.Veta@gmail.com</label>"
</cv>
