<?xml version="1.0" encoding="UTF-8"?>
<cv>
"RESUME  <label type="Designation">ATTORNEY-AT-LAW</label>  <label type="Name">Alycia Ingeborg Turcotte</label>  PO Box 407  Hull, Ga. 30646  <label type="Email Address">Stamm.Angelic@rbab.org</label>  www.legaldawgs.com  ATTORNEY EXPERIENCE.  Date Admitted in <label type="Location">Georgia</label>: 7/6/95  <label type="Years of Experience">7/95 to present</label>  <label type="Companies worked at">L.F. Davidson &amp; Associates, LLC</label>    PARALEGAL EXPERIENCE:  <label type="Years of Experience">11/91 to 3/92</label>  COUNTRY-WIDE <label type="Companies worked at">INS. CO.  CHEVEN &amp; KEELY, ESQS</label>.  90 Washington Street  <label type="Location">New York, NY</label> 10007    <label type="Years of Experience">1/90 to 1/91</label>  <label type="Companies worked at">MILTON M. WITCHEL</label>, P.C.  36 W. 44th St.  <label type="Location">New York, N.Y.</label> 10036    (O) 123/345-7890  (FX) 123/345-7890    <label type="Designation">General Practice</label>. <label type="Designation">Principal attorney</label> of general  practice law office. Areas of law: <label type="Job Specific Skills">Business  Agreements/Contracts</label>, <label type="Job Specific Skills">Criminal defense</label> <label type="Job Specific Skills">Debtor/Creditor</label>,  <label type="Job Specific Skills">Divorce</label>, <label type="Job Specific Skills">Employer/Employee disputes</label>, <label type="Job Specific Skills">Family law</label>, <label type="Job Specific Skills">Health  Care/Personal Directives</label>, <label type="Job Specific Skills">Landlord and Tenant</label>,  <label type="Job Specific Skills">Leases/Deeds</label>, <label type="Job Specific Skills">Name change</label>, <label type="Job Specific Skills">Negligence claims</label>, <label type="Job Specific Skills">Personal  Injury and Accidents</label>, <label type="Job Specific Skills">Quitclaim/Real Estate matters</label>,  <label type="Job Specific Skills">Traffic law</label>, <label type="Job Specific Skills">Wills</label>, <label type="Job Specific Skills">Wrongful death claims</label>, and <label type="Job Specific Skills">civil  litigation</label>. As the principal attorney, responsible for  interviewing potential clients, fact finding, research and  legal analysis of cases. I personally screen all calls and  perform consultations with clients. I average 500-1000  calls per year. I currently maintain an office in <label type="Location">Athens,  Georgia</label>. I have offices in several cities in <label type="Location">Georgia</label>  including <label type="Location">Atlanta</label> and <label type="Location">Savannah</label>.    <label type="Designation">Calendar Clerk</label>/<label type="Designation">Litigation Assistant</label>. Managed calendar  department for In-House counsel to <label type="Companies worked at">Country-Wide Ins. Co.</label>  I docketed and followed cases, filed documents, assisted in  preparing cases for trial, assisted in billing, assisted in file  identification and retrieval, kept logs and journals, and  performed simple research when required. Position  required full working knowledge of <label type="Job Specific Skills">Court system</label>, <label type="Job Specific Skills">civil  litigation</label>, <label type="Job Specific Skills">subrogation</label>, <label type="Job Specific Skills">arbitration</label>, and <label type="Job Specific Skills">insurance defense</label>.    <label type="Designation">Senior Litigation Paralegal</label>. Assigned to the office of  the Managing Attorney. I drafted pleadings, motions and  other documents, arranged meetings and conferences with  clients and attorneys, summarized large documents for trial,  hearings, arbitrations. Drafted communications and  correspondence to client insurance companies, performed  complex legal research, represented the office in nonattorney matters, and performed other essential law office  duties when required. My position required full working    knowledge of insurance defense, including legal theories  such as premises and property liability, comparative and  contributory negligence, subrogation, counterclaims and  cross-claims.  <label type="Years of Experience">2/89 to 1/90</label>  <label type="Companies worked at">DAVID M. LEE, ESQ.</label>  225 Broadway, Ste. 600  <label type="Location">New York, N.Y.</label> 10007    <label type="Designation">Litigation Paralegal</label>. Assigned to the Probate Division, I  drafted probate petitions, affidavits and pleadings, and  assisted litigation staff by drafting replies and responses,  and other documents. I also performed legal research and  Court work. Duties also consisted of setting up estates,  obtaining Letters of Administration and assisting  attorneys with probate related litigation. This office was a  plaintiff \xe2\x80\x98s personal injury firm of 6 attorneys. It was my  first law office job after graduating paralegal school. I was  initially hired as a <label type="Designation">deposition clerk</label> / <label type="Designation">legal assistant </label> responsible for discovery review, calendar, pre-settlement  case evaluation, investigations and case research.    OTHER JOBS RELATED TO THE LEGAL FIELD  <label type="Designation">Police Dispatcher</label> (<label type="Companies worked at">NYS Dept. Of Public Safety</label>)  <label type="Designation">U.S. Immigration Detention Officer</label>, <label type="Companies worked at">INS-DOJ  U.S.</label> <label type="Designation">Border Patrol Officer</label>; <label type="Companies worked at">INS- DOJ</label>.  <label type="Designation">Park Ranger</label>- <label type="Companies worked at">Westchester Co.</label>, <label type="Location">NY</label> (Seasonal)  <label type="Designation">Internship</label>: <label type="Companies worked at">Atlanta Legal Aid Society</label> (<label type="Years of Experience">January, 1995-May, 1995</label>)  <label type="Designation">Subpoena server</label>/<label type="Designation">Assistant Private detective</label>  <label type="Companies worked at">Private Security: Burns Intl Security Services</label>; CPP Security Services and Command Security  SPECIAL HONORS AND AWARDS  Granted Top Secret Security Clearance concerning planned and current U.S. missile technologies  Granted Top Secret Security Clearance to assist FBI, Federal Police and U.S. Secret Service in  providing security at President Ronald Reagans 2nd inauguration  Granted Classified Secret security clearance while working with FBI and the Supervising  Assistant U.S. Attorney General on federal prosecution of suspected members of La Costa  Nostra in NYC.  Awarded certificate of successful completion of training to operate the NY State Crime  Information Network Computer (NYSPIN) by the NY State Police.  Awarded certificate of successful completion of the U.S. Border Patrol Academy  Awarded certificate for successfully mastering use of weapons required of a Border Patrol  Officer in the field.  EDUCATION  <label type="College Name">John Marshall Law School</label>: <label type="Degree">J.D. degree</label>- <label type="Location">Atlanta, Ga.</label>, <label type="Graduation Year">February, 1993 to May, 1995</label>. Dean \xe2\x80\x98s  List 6 of 8 semesters. Graduated with honors (Cum Laude). Passed Georgia Bar 1st time  February, 1995, prior to graduation as 3rd year student.  The Graduate Center for the City <label type="College Name">University of New York</label>, <label type="Location">N.Y.</label>, <label type="Years of Experience">January 1991-January 1992</label>    (<label type="Degree">Master \xe2\x80\x98s program- International Studies</label>).  <label type="College Name">John Jay College of Criminal Justice</label>-<label type="Degree">Masters Program</label>: (City <label type="College Name">University of New York</label>)  <label type="Years of Experience">September, 1984-June 1985</label>. Program: <label type="Degree">Forensic Psychology  Paralegal Studies</label>: <label type="Degree">ABA Paralegal degree</label>; <label type="College Name">Mercy College</label>, <label type="Location">White Plains, NY.</label>, <label type="Graduation Year">December, 1988</label>.  <label type="College Name">U.S. Border Patrol Academy</label>: <label type="Degree">Federal Law Enforcement Training Center, (FLETC)</label>, <label type="Location">Brunswick,  Ga</label>.; <label type="Graduation Year">July, 1985- November, 1985</label>. <label type="Degree">Federal Law Enforcement Degree</label>; Academic courses  concentrated in <label type="Soft Skills">Spanish</label> language, <label type="Job Specific Skills">Constitutional law</label>, <label type="Job Specific Skills">Criminal law</label>, <label type="Job Specific Skills">Immigration &amp;  Naturalization Law</label>.  <label type="College Name">State University of New York College</label> at New Paltz, <label type="Location">New Paltz, NY</label>. <label type="Graduation Year">May, 1984</label>. <label type="Degree">B.S.</label> (4 year  program) degrees- <label type="Degree">Major: Social Psychology/Criminology; Minor: Philosophy</label>.  Yorktown High School, Yorktown Heights, NY: College-Prep courses concentrating in Spanish  and French languages. While attending YHS, was a member of the Student Counsel. Also  participated in 6 seasons of Winter and Spring track and field, qualifying for the state  championships twice; earned two varsity letters for excellence in track, member of YHS cross  country team, was accepted onto YHS tennis team, Freshman baseball team, Junior Varsity  basketball team, and lastly YHS golf team."
</cv>
