<?xml version="1.0" encoding="UTF-8"?>
<cv>
"<label type="Name">Kaye Walter</label>  4337 NW 50 Drive Unit 104, <label type="Location">Gainesville, FL</label> 32606  123-345-7890| <label type="Email Address">Felton.Jacobson@ki.net</label>  th    EDUCATION  <label type="Degree">J.D.</label>, <label type="College Name">North Carolina Central University School of Law</label>    <label type="Graduation Year">2011</label>    <label type="Degree">M.L.S.</label>, <label type="College Name">North Carolina Central University</label>  Cum Laude    <label type="Graduation Year">2011</label>    <label type="Degree">B.S.W.</label>, <label type="College Name">North Carolina Central University</label>  Summa cum laude    2008    LEGAL TEACHING EXPERIENCE  <label type="College Name">University of Florida</label>, <label type="College Name">Levin College of Law</label>  <label type="Designation">Adjunct Professor of Law</label>  <label type="Years of Experience">2016</label>   Teach an elective, 2-credit Advance <label type="Job Specific Skills">Legal Research</label> course to 25 students   Develop a curriculum by design instructional materials and weekly assignments, meet with  students upon request, and grade all written work, including a mid-term and final exam papers  <label type="College Name">University of Florida</label>, <label type="College Name">Levin College of Law</label>  <label type="Designation">Adjunct Professor of Law</label>  <label type="Years of Experience">2013-present</label>   Teach two sections, approximately 70 students, of a required 1-credit 1L legal research course   Develop a curriculum using the \xe2\x80\x9cflipped\xe2\x80\x9d classroom approach, design instructional materials and  weekly assignments, meet with students upon request, and grade all written work, including final  exam papers  LAW LIBRARY EXPERIENCE  <label type="College Name">University of Florida</label>, <label type="Companies worked at">Legal Information Center</label>  <label type="Designation">Reference Librarian</label>  <label type="Years of Experience">Aug. 2012- present</label>   Provide legal reference services to students, professors, and the public at the reference desk  in-person, by telephone, or email   Prepare general and subject-specific legal research guides and handouts   Teach subject-specific research sessions for seminar courses requested through the faculty  liaison program   Given library tours to environmental law L.L.M. students, undergraduate pre-law students,  and first-year law students as a part of their law school orientation  <label type="College Name">North Carolina Central University</label>  <label type="Designation">Graduate Assistant</label>, Masters in Library Science Program    <label type="Graduation Year">Aug. 2011- Dec. 2011</label>            Contribute to the literature review for a grant proposal to research the accessibility of library  services for disabled distance education LIS graduate students  Conduct research for future journal articles including subjects in information literacy and  reference interviews  Assist with on-campus and online graduate course management that included organizing  course curriculum and syllabus, proofreading test materials and other handouts, and posting  material on Blackboard    <label type="College Name">North Carolina Central University</label> <label type="College Name">School of Law</label>  Summer <label type="Designation">Law Librarian Intern</label>  <label type="Years of Experience">June 2011- Aug. 2011</label>   Provide legal reference services to students, professors, and the public at the reference desk inperson, by telephone, or email   Create a LibGuide and library display for the law librarys DVD collection  LEGAL EXPERIENCE  <label type="Companies worked at">Durham County Division of Social Services</label>  <label type="Designation">Law Intern</label>  <label type="Years of Experience">Aug. 2010- Aug. 2011</label>   Research NC family law, evaluate the sufficiency of evidence, and compose advisory  memorandums based on the merits for adjudications and termination of parental rights cases   Prepare and edit review orders, petitions, briefs, and subpoenas for court proceedings  PUBLICATIONS  \xe2\x80\x9cCelebrating Diversity: A Legacy of Minority Leadership in the American Association of Law  Libraries\xe2\x80\x9d, (with Dr. Yvonne Chandler, Vicente Garces, Dennis Kim-Prieto, Carol Nicholson, and Dr.  Michele A. L. Villagran), (Shamika Dalton ed., William S. Hein &amp; Co. 2016) (forthcoming).  \xe2\x80\x9cPromoting Diversity in Your Institution\xe2\x80\x9d, 19 AALL Spectrum 4 (Feb. 2015).  \xe2\x80\x9cOut with the Old, In with the New,\xe2\x80\x9d (with Danielle Becker), 19 AALL Spectrum 1 (Sept./Oct. 2014).  \xe2\x80\x9cCollaborative Information Seeking,\xe2\x80\x9d (with Dr. Joseph Meloche), (2011) available at  http://collab.infoseeking.org/resources/papersCIS11/MelochePaper.pdf. [Presented at the 2011  Collaborative Information Seeking Conference in New Orleans, Louisiana].    PRESENTATIONS  Moderator, Movin on Up: are you ready for career advancement (and do you even want it)? (Comoderated with Loren Turner) Lexington, KY: Southeastern Chapter of American Association of Law  Libraries, April 18, 2015.    Presenter, \xe2\x80\x9cFlipping Out: New Frontiers in Library Instruction and Programming,\xe2\x80\x9d (Co-presented with  Elizabeth Outler and Loren Turner) Lake Buena Vista, FL: Florida Library Association, May 9, 2014  [Also presented at Knoxville, TN: Southeastern Chapter of the American Association of Law Libraries,  April 4, 2014; Panama City FL: Florida Library Association Mini-Conference, Sept. 9, 2014]  PROFESSIONAL MEMBERSHIPS AND ACTIVITIES  University of Florida College of Law  Diversity and Community Relations Committee  Diversity &amp; Admissions Task Force  Chair, Reference Librarian Search Committee  Member, Head of Research and Instruction Search Committee  American Association of Law Libraries (AALL)  Chair, AALL Diversity Committee  Co-Chair, Black Caucus of AALL Nominations Committee  Vice Chair, AALL Diversity Committee  Member, Black Caucus of AALL Nominations Committee  Member, SEAALL 2014 Program Committee  AALL Instruction and Patron Services Special Interest Section (RIPS-SIS)  AALL Academic Law Libraries Special Interest Section (ALL-SIS)  OTHER SERVICE  LexisNexis Pre-law Scholarship Committee  Mentor, Florida Opportunity Scholar Academy of Leadership (FOSAL)    2015-2016  2012-2014  2014  2013  2012- present  2015-2016  2015-2016  2014-2015  2014-2015  2013-2014  2013- present  2013- present    2013, 2014  2012- 2013"
</cv>
