<?xml version="1.0" encoding="UTF-8"?>
<cv>
"CV <label type="Name">Terrell Nam Cecil O'Keefe</label>  1. Position:  <label type="Designation">Legal Manager of Concessions</label>  2. Company:  <label type="Location">GRUPO ODINSA. S.A.</label>  3. Name:  <label type="Name">Terrell Nam Cecil O'Keefe</label>  4. Birth Date: December 12 1972    Nationality: COLOMBIANA    5. Academic Studies:  <label type="Degree">UNIVERSITY  LAWYER</label>  <label type="College Name">Universidad del Norte</label>  <label type="Location">Barranquilla</label>, <label type="Graduation Year">1989-1994</label>  Degree <label type="Graduation Year">1995</label>  <label type="Degree">ADVANCED STUDIES IN PUBLIC LAW</label>  <label type="College Name">Universidad Externado de Colombia</label>.  <label type="Location">Bogot</label>\xc3\xa1 <label type="Graduation Year">1996</label>  Degree <label type="Graduation Year">1997</label>  <label type="Degree">POSTGRADUATE IN POLITICAL SCIENCE</label>  <label type="College Name">Universidad de Salamanca</label>  <label type="Location">Salamanca  Espa</label>\xc3\xb1a, <label type="Graduation Year">1998</label>  Degree <label type="Graduation Year">1998</label>  <label type="Degree">ADVANCED STUDIES IN FINANCIAL LAW</label>  <label type="College Name">Universidad Colegio Mayor Nuestra Se\xc3\xb1ora Del Rosario</label>.  <label type="Location">Bogot</label>\xc3\xa1, <label type="Graduation Year">1998-1999</label>  Degree <label type="Graduation Year">2000</label>  OTROS ESTUDIOS  Human Capital Program  ADEN  <label type="Degree">Alta Direcci</label>\xc3\xb3n <label type="College Name">Business School</label>  <label type="Location">Bogot</label>\xc3\xa1  <label type="Graduation Year">2011</label>  Management Development Program  ADEN  Alta Direcci\xc3\xb3n Business School  Bogot\xc3\xa1  June 2009  <label type="Degree">Diplomado State Contracting Law</label> 115 of <label type="Graduation Year">2007</label> and its implementing decree  C\xc3\xa1mara de Comercio de Bogot\xc3\xa1  Bogot\xc3\xa1  <label type="Graduation Year">Mayo de 2008</label>.  Directive Skills Program  ADEN  Alta Direcci\xc3\xb3n Business School  Bogot\xc3\xa1  June 2007  <label type="Degree">Diplomado Labor Law and General Social Security System</label>  <label type="College Name">Universidad de la Sabana</label>    <label type="Location">Bogot</label>\xc3\xa1  <label type="Graduation Year">November de 2004</label>  <label type="Degree">Diplomado State Contracts</label>  <label type="College Name">Universidad del Rosario</label>  <label type="Years of Experience">Julio-October 1.997</label>  6. Employment History  Since: <label type="Years of Experience">September 1st 2014 Until: Currently</label>  Company: <label type="Companies worked at">Grupo Odinsa S.A.</label>  Position held: <label type="Designation">Legal Concessions Manager</label>  Since: <label type="Years of Experience">October 1st 2012 Until: August 31st 2014</label>  Company: <label type="Companies worked at">Grupo Odinsa S.A.</label>  Position held: <label type="Designation">Director for Legal Services</label>  Since: <label type="Years of Experience">September 1st 2000 Until: September 30 2012</label>  Company: <label type="Companies worked at">Santa Marta  Paraguach</label>\xc3\xb3n Concession  Position held: <label type="Designation">Legal Director</label>  Since: <label type="Years of Experience">September 30 1996 Until: September 30 2012</label>  Company: <label type="Companies worked at">Autopistas de los Llanos S.A.</label>  Position held: <label type="Designation">Legal Director</label>"
</cv>
