<?xml version="1.0" encoding="UTF-8"?>
<cv>
"<label type="Name">Tona McKenzie</label>  <label type="Degree">PhD</label>, <label type="Designation">Attorney at Law</label>    Curriculum Vitae    email <label type="Email Address">Claud.O'Kon@hb.info</label>  mobile +39 123 456789  it.linkedin.com/pub/sondra-faccio/43/6a6/802/    CURRENT POSITION  <label type="Years of Experience">18/06/2014  Present</label>  <label type="Designation">Associate Attorney</label>  Corporate Department, R\xc3\xb6dl &amp; <label type="Designation">Partner</label>, <label type="Companies worked at">Padua</label> (<label type="Location">Italy</label>)  A. y. <label type="Years of Experience">2015/2016</label>  <label type="Designation">Lecturer</label> \xe2\x80\x9c<label type="Job Specific Skills">International Commercial Law</label>\xe2\x80\x9d  <label type="College Name">University of Verona</label>, <label type="Location">Verona (Italy)</label>   course for post-graduate students  EDUCATION  <label type="Graduation Year">01/01/2010  31/12/2012</label>  <label type="Degree">PhD in Corporate Law and Economics</label>  Doctor Europaeus  Law School, <label type="College Name">University of Verona</label>, <label type="Location">Verona (Italy)</label>  Thesis: 'Indirect Expropriation in International Investment Law between States Regulatory Powers and  Investors Protection'  <label type="Graduation Year">20/10/2008  02/07/2009</label>  <label type="Degree">Master in Diplomacy</label>  <label type="College Name">Italian Institute for International Political Studies ('ISPI')</label>, <label type="Location">Milan (Italy)</label>  <label type="Graduation Year">19/10/2005  20/10/2008</label>  <label type="Degree">Master in Law</label>  magna cum laude  <label type="College Name">Law School, University of Verona</label>, <label type="Location">Verona (Italy)</label>  <label type="Graduation Year">19/10/2001  19/10/2005</label>  <label type="Degree">Degree in Law Science</label>  <label type="College Name">Law School, University of Verona</label>, <label type="Location">Verona (Italy)</label>    PROFESSIONAL TRAINEESHIP  <label type="Years of Experience">02/07/2009  01/10/2010</label>  <label type="Designation">Trainee Lawyer</label>  <label type="Companies worked at">Studio legale Curtarello</label>, <label type="Location">Monselice, Padua (Italy)</label>  <label type="Job Specific Skills">Civil law</label> and <label type="Job Specific Skills">Contract law</label>  <label type="Years of Experience">01/08/2007  01/12/2007</label>  <label type="Designation">Trainee Lawyer</label> (part-time internship)  <label type="Companies worked at">JT Law  Lawyers and Notaries</label>, <label type="Location">Sydney (Australia)</label>  IP law and Contract law  <label type="Years of Experience">01/09/2007  30/11/2007</label><label type="Designation">  Intern  Political relations</label>  <label type="Companies worked at">General Consulate of Italy</label>, <label type="Location">Sydney (Australia)</label>  Organising meetings and attending the APEC Economic Leaders' Meeting    FELLOWSHIPS AND AWARDS  01/10/2012  05/05/2013  Ernst Mach Grant Worldwide 2012/2013  OeAD (Austria)  01/01/2010  31/12/2012  PhD Scholarship  ReMinistry of Education (Italy)  01/10/2010  30/06/2011  Cooperint Fellowship  International Research Bureau, <label type="College Name">University of Verona</label> (<label type="Location">Italy</label>)  01/07/2007  31/12/2007  Worldwide Study Program Scholarship 2007  International Exchange Students Office, University of Verona (Italy)  01/09/2003  28/02/2004  Erasmus Scholarship  European Union    VISITING STUDENT AND RESEARCHER EXPERIENCES  <label type="Years of Experience">06/05/2013  05/05/2014</label>  <label type="Designation">Postdoctoral Researcher</label> in <label type="Job Specific Skills">International Investment Law</label>  <label type="College Name">Law School, University of Verona</label>, <label type="Location">Verona (Italy)</label> in partnership with the Head of Cross Border Business  Management Italy Foreign Network, Unicredit Bank, <label type="Location">Verona (Italy)</label> and Confindustria Veneto, Venice (Italy)  <label type="Years of Experience">01/10/2012- 05/05/2013</label>  <label type="Designation">Visiting PhD Student</label>  Universit\xc3\xa4t <label type="Location">Wien (Austria)</label>  Department of International Law and International Relations (Prof. Milos Vec  and Prof. A Reinisch)  <label type="Graduation Year">01/10/2010  30/06/2011</label>  <label type="Designation">Visiting PhD Student</label>  <label type="College Name">Columbia University Law School</label>, <label type="Location">New York (US)</label>  Courses: <label type="Job Specific Skills">International Finance</label> and <label type="Job Specific Skills">Monetary Policy</label> (Prof. T. Goodspeed), <label type="Job Specific Skills">International Investment Law</label>  (Prof. T. O. Johnson), <label type="Job Specific Skills">International Investment Arbitration</label> (Prof. P. Bekker), <label type="Job Specific Skills">Policy of International Law </label> (Prof. Sauvant)  <label type="Years of Experience">01/02/2011  30/04/2011</label>  <label type="Designation">Research Assistant</label>  <label type="Companies worked at">The Vale Columbia Center on Sustainable International Investment,</label> <label type="College Name">Columbia Law School</label>, <label type="Location">New York  (United States)</label>  <label type="Graduation Year">01/07/2007  31/12/2007</label>  <label type="Designation">Visiting Student</label>  <label type="College Name">MacQuarie University</label>, <label type="Location">Sydney (Australia)</label>  Courses attended: <label type="College Name">International Commercial Law</label>, <label type="College Name">Politics of International Law</label>  <label type="Years of Experience">01/09/2003  28/02/2004</label>  <label type="Designation">Visiting Student</label>  <label type="College Name">Universit\xc3\xa9 Lumi\xc3\xa8re</label> Lyon II, <label type="Location">Lyon (France)</label>  Courses attended: Droit Communautaire, Droit International Public, Droit Compar\xc3\xa9    SELECTED PUBLICATIONS  Articles, Reports &amp; Newsletters  1) \xe2\x80\x9cThe Italian Energy Reform as a Source of International Investment Disputes\xe2\x80\x9d, in Leiden Journal of  International Law, forthcoming  2) \xe2\x80\x9cThe Application of the Principle of Proportionality to Assess Compensation: some Reflections Arising  from the Case of Joseph Charles Lemire v. Ukraine\xe2\x80\x9d, in The Law &amp; Practice of International Courts and  Tribunals 13 (2014), pp. 199-222  3) \xe2\x80\x9cLinterazione tra l'art. 16 delle preleggi e i trattati internazionali di investimento: il caso Loom Italia  S.r.l.\xe2\x80\x9d, in Rivista di diritto internazionale privato e processuale 2 (2014), pp. 447-452  4)\xe2\x80\x9cLes acteurs non-\xc3\xa9tatiques et les Etats souverains dans le droit international des investissements: \xc3\xa9quilibrer  leurs int\xc3\xa9r\xc3\xaats conflictuels\xe2\x80\x9d, in M. Arcari, L. Balmond (Eds.), Diversification des acteurs et dynamiques  normatives en droit international contemporain, Napoli: Editoriale Scientifica 2013, pp. 95-121  5) \xe2\x80\x9cIl conflitto tra Stato e proprietario nella giurisprudenza CEDU. Risvolti in tema di protezione degli  investimenti internazionali\xe2\x80\x9d, in Bocconi Legal Papers, 10/2013, Vol. I, pp. 1-26  6) \xe2\x80\x9cI gruppi bancari del Veneto e la gestione degli investimenti diretti esteri. Inquadramento giuridico e  strumenti di tutela nel quadro internazionale\xe2\x80\x9d, research project financed by the European Social Fund and  realized in partnership with the Head of Cross Border Business Management Italy Foreign Network,  Unicredit Bank, Verona (Italy) and Confindustria Veneto, Venice (Italy), diffused through the Confindustria's  network  8) \xe2\x80\x9cRussian Exclusive Economic Zones\xe2\x80\x9d, R\xc3\xb6dl &amp; Partner Publications, pp. 13-14, at  &lt;http://www.roedl.com/fileadmin/user_upload/Roedl_Italia/Newsletters/Diritto__economia__attualita_Nove  mbre2014.pdf&gt;  9) \xe2\x80\x9cThe Italian Energy Reform: Challenges and Strategies for Foreign Investors\xe2\x80\x9d, R\xc3\xb6dl &amp; Partner  Publications, forthcoming, at &lt;http://www.roedl.com/it/it/&gt;    LANGUAGES  <label type="Soft Skills">Italian</label> Mother tongue  <label type="Soft Skills">English</label> Proficient knowledge (C1), <label type="Degree">TOEFL Certificate</label>  <label type="Soft Skills">French</label> Proficient knowledge (C1), DALF Certificate C1"
</cv>
