<?xml version="1.0" encoding="UTF-8"?>
<cv>
<label type="Name">Lorita Murazik</label>
<label type="Designation">software engineer</label> - <label type="Companies worked at">Oracle, Business Objects</label>

<label type="Location">Bishnupur, MANIPUR</label>, 722122, IN - Email me on Indeed: <label type="Email Address">Funk.Louie@hotmail.com</label>

To secure a challenging position where I can effectively contribute my skills as <label type="Designation">Software
Professional</label> which will boost my career and can be effectively achieve company objective.

WORK EXPERIENCE

<label type="Designation">software engineer</label>

<label type="Companies worked at">Oracle, Business Objects</label> -

<label type="Years of Experience">June 2015 to Present</label>

• A highly accomplished professional with <label type="Years of Experience">2.8 years </label>of IT experience as a software developer
working with technologies like <label type="Tech Tools">Teradata</label>, <label type="Tech Tools">Oracle</label>, <label type="Job Specific Skills">Business Objects</label>.
• Working as <label type="Designation">software engineer</label> with Apple client in <label type="Companies worked at">Exilant Technologies Pvt. Ltd</label>. <label type="Years of Experience">from June 2015
to till date</label>.
• Working in multiple domains like Retail and Concierge.

EDUCATION

<label type="Degree">B-tech</label> in <label type="College Name">Electronics and Telecommunication

College of engineering</label> -  <label type="Location">Bhubaneshwar, Orissa</label>

<label type="Graduation Year">2015
</label>
CBSE

ODM Pubic school -  Bhubaneshwar, Orissa

2011

CBSE

Green-Field school

2009

SKILLS

RETAIL (2 years), <label type="Job Specific Skills">RETAIL MARKETING</label> (2 years), <label type="Tech Tools">TERADATA</label> (2 years), <label type="Job Specific Skills">ACCEPTANCE TESTING</label>
(Less than 1 year), APS (Less than 1 year)

ADDITIONAL INFORMATION

SKILLS

https://www.indeed.com/r/lorita-murazik
https://www.indeed.com/r/lorita-murazik


• <label type="Job Specific Skills">Databases</label> (Primary): <label type="Tech Tools">Teradata</label>, <label type="Tech Tools">Oracle</label> (<label type="Tech Tools">SQL</label>, <label type="Tech Tools">PL/SQL</label>)
• OS: <label type="Tech Tools">Unix</label>, <label type="Tech Tools">Windows</label>, <label type="Tech Tools">Mac OS</label>
• <label type="Tech Tools">Teradata</label> Tools &amp; Utilities: BTEQ, Muti Load, Fast Load, Tpump, TPT.
• Reporting Tools: <label type="Tech Tools">BO Reporting</label>, <label type="Tech Tools">Crystal Report</label>, <label type="Tech Tools">Universe design tool</label>, <label type="Tech Tools">BOBJ Migration tool
</label>• Other Tools: <label type="Tech Tools">Radar</label>, <label type="Tech Tools">Espresso</label>, <label type="Tech Tools">SQL Workbench</label>, <label type="Tech Tools">SQL Developer</label>, <label type="Tech Tools">ETL</label> <label type="Tech Tools">Metadata UI</label>, <label type="Tech Tools">iCheck</label>, Global
deployment tool, <label type="Tech Tools">Ms office</label>, <label type="Tech Tools">Power Point</label>, <label type="Tech Tools">Ms Excel</label>, <label type="Job Specific Skills">Workload Automation</label>.
• Applications: <label type="Tech Tools">Central Station</label>, <label type="Tech Tools">GitLab</label>, SVN.
KEY PROJECTS:

Leaderboard
Project Leaderboard
Client Apple
Description
- Leader Board is an iPad based application for single Point of entry to GBI Retail mobile
applications. It is to provide automated and centralized access to different apps. Its a location to
get key actionable metrics around Sales &amp; Services related transactions of Apple retail store. It
is widely used by all managers and employees in Apple stores.

- This is a diverse application which has 4 sub applications:
Store Pulse, Benchmark, Session and RedZone Mobile.
- Real-time as well as historical data are displayed in this application.

Peak Team Size 6
Roles and Responsibility
- Working as a <label type="Designation">database developer</label> in this project.

- Worked in complete revamp of Leader board application and done multiple enhancements to
develop logic for multiple sales and service related metrics.

- Created design documents and Logical Data flow Model from source study according to Business
requirements.

- Created multiple Replication setup process (Export and Load) using <label type="Tech Tools">Apple ETL framework</label> tool.

- Worked on Business Objects, SAP Crysral report and universe for report creation and
modifcation.

- Coding and Support for all phases of Testing

- Implementation in production for project go live.

- Production support till warranty phase.

- Transition KT to APS team.

Technology Used <label type="Tech Tools">Teradata</label>, <label type="Tech Tools">Oracle</label>, <label type="Tech Tools">BO Universe and Reporting</label>, <label type="Tech Tools">Crystal Report</label>, <label type="Tech Tools">Unix</label> and <label type="Tech Tools">Autosys</label>,
<label type="Tech Tools">ETL Framework</label>.
Reporting Tools Used Business Objects, BOBJ Migration tool, <label type="Tech Tools">Universe design tool</label>, SAP Crystal
Report



Apple Retail Expansion
Project Apple Retail Expansion
Client Apple
Description
- As part of New Apple Store/Country Expansion, Store/Market/Country level metadata setups are
done with real-time and history performance reports are sent to business users periodically.

Peak Team Size 3
Roles and Responsibility
- Involved in Designing technical specification docs and gathering functional requirements.

- Carried out DB changes alone with Unit, Integration, Functional, Regression testing and test
case preparation of all the modules impacted for it.

- Implemented Reporting side changes for new Store expansion.

Technology Used Teradata, Oracle, BO Reporting, Crystal Report, Unix and Autosys, ETL
Framework.
Reporting Tools Used <label type="Tech Tools">Business Objects</label>, <label type="Tech Tools">SAP Crystal Report</label>

Genius &amp; Forum Dashboard
Project Genius &amp; Forum Dashboard
Client Apple
Description
- This Dashboards acts as a reporting solution for Concierge - the service oriented wing of Apple.
- Genius and Forum Dashboard has been developed as the reporting layer to report the Genius
Bar, Workshops/events, Repair related metrics.
- Helps the store leaders to take decisions on the floor to improve customer experience analyzing
the trend of the store.
- Store leaders can plan for scheduling of employees based on the demand of symptoms/
categories.

Peak Team Size 6
Roles and Responsibility
- Understanding the <label type="Job Specific Skills">functional requirement</label>
- <label type="Job Specific Skills">Design Document preparation</label>.
- Coding and <label type="Job Specific Skills">Units testing</label>.
- Preparing test cases and conduct Integration Testing
- Support for <label type="Job Specific Skills">User Acceptance Testing</label>
- Implementation
- Support

Technology Used <label type="Tech Tools">Teradata</label>, <label type="Tech Tools">Oracle</label>, <label type="Tech Tools">Unix</label> and <label type="Tech Tools">Autosys</label>, <label type="Tech Tools">ETL Framework</label>.
Reporting Tools Used <label type="Tech Tools">Business Objects</label>, <label type="Tech Tools">BOBJ Migration tool</label>, <label type="Tech Tools">Universe design tool</label>
</cv>
