<?xml version="1.0" encoding="UTF-8"?>
<cv>
"<label type="Name">Al Franecki</label>    2002 Baird Street  Stone Mountain, <label type="Location">Georgia</label> 30083  123.345.7890 Main  <label type="Email Address">Stroman.Huey@yahoo.com</label>  JOB TITLE  <label type="Designation">Staff Attorney</label>, 905-12  VACANCY ANNOUNCEMENT NUMBER: 12-6811230-JL  Veterans Preference: N/A | Federal Civilian Status: N/A | Country of Citizenship: USA  QUALIFICATIONS SUMMARY  A highly accomplished attorney complemented with <label type="Years of Experience">5 years </label>of <label type="Job Specific Skills">securities law</label> experience specifically in the  area of <label type="Job Specific Skills">litigation</label>, <label type="Job Specific Skills">regulation</label>, and relevant industry experience. A proven, experienced manager and  effective team member; able to respond quickly and accurately to evolving securities laws and regulations.  Thorough knowledge of <label type="Job Specific Skills">bond offerings</label>, <label type="Job Specific Skills">credit facilities</label>, <label type="Job Specific Skills">credit agreements</label>, <label type="Job Specific Skills">hedging</label> and other <label type="Job Specific Skills">financial  instruments</label>. Ability to draft and negotiate securities and finance-related provisions for complex domestic  and international business transactions, including mergers and acquisitions.  o  o  o  o    Ability to manage multiple teams and projects while maintaining a commitment to integrity  Expertise in comprehensively preparing expert witnesses for deposition in federal cases  Experience drafting legal briefs regarding securities fraud and securities regulation  Licensed to practice law in the State of Florida and the State of Georgia  EDUCATION    <label type="College Name">University of Atlanta</label>, <label type="College Name">Clarkmore School of Law</label> | <label type="Location">Atlanta, Georgia</label> | 30314  <label type="Degree">J.D. (Cum Laude)</label> | <label type="Graduation Year">May 2006</label>  GPA: 3.7  Activities:  Editor, Law Review  Social Chair, Federal Careers Club  <label type="College Name">Tallahassee State University</label> | <label type="Location">Tallahassee, Florida</label> | 32311  <label type="Degree">B.A. Art History and Rhetoric</label> (Magna Cum Laude) | <label type="Graduation Year">May 2001</label>  GPA: 3.8  Activities:  Fellowship Recipient, City of Tallahassee Mayoral Award  Volunteer Coordinator, Young Royals  Grover Cavs Humanities High | Orlando, Florida | 32822  H.S. Diploma, Humanities Curriculum | June 1997  GPA: 3.6  Activities:  Treasurer, Senior Class Representative    1    PROFESSIONAL BACKGROUND  <label type="Companies worked at">Kolger and Young</label> | 4184 Peach Street | <label type="Location">Atlanta, Georgia</label> | 30303  Current  Salary | $89,000/Annually  Hours | 40  60/Week  Manager | Airek Starks | 123.345.7890 | <label type="Email Address">Stroman.Huey@yahoo.com</label>  Position | <label type="Designation">Associate</label>  Present employer may be contacted.    July 2006     Represented public companies, regulated entities and individuals in all phases of local and federal  investigations. Provided legal advice and services regarding <label type="Job Specific Skills">securities regulations</label>. Negotiated, drafted, and  reviewed contracts for clients. Filed claims, defended claims, and responded to regulatory inquires.  Researched and interpreted rules, regulations, statutes, and decisions of regulatory bodies. Examined and  analyzed data to advise clients. Authored memoranda which included investigative results and strategic  next steps. Coordinated legal tasks and projects in relation to internal projects.  <label type="Companies worked at">Androme, LLC.</label> | 8626 North Avenue | <label type="Location">Stone Mountain, Georgia</label> | 30088  2005  Salary | $6,200/Monthly  Hours | 40/Week  Supervisor | <label type="Name">Al Franecki</label>| 123.345.7890 | <label type="Email Address">Stroman.Huey@yahoo.com</label>  Position | <label type="Designation">Summer Associate</label> (Full-time offer extended)  Former employer may be contacted.    May 2005  September    Drafted legal criteria to help counsel advise clients on asset backed securities. Reviewed legal opinions  from outside counsel and delivered comprehensive presentations. Assisted in drafting and filing regulatory  disclosures and reports. Evaluated the legal adequacy of transactions documents, rights provisions,  bankruptcy clauses, and notices. Helped with preparation of Section 16 and Rule 144 filings and supported  executive officers, directors, and controlling stockholder advisors.  <label type="Companies worked at">The Law Offices of AJQ</label> | 526 West 27th Street | <label type="Location">Tallahassee, Florida</label> | 32306  2003  Salary | $52,000/Annually  Hours | 45/Week  Supervisor | <label type="Name">Al Franecki</label> | 123.345.7890 | <label type="Email Address">Stroman.Huey@yahoo.com</label>  Position | <label type="Designation">Paralegal</label>  Former employer may be contacted.    May 2001  August    Drafted pleadings, discovery, briefs, memoranda, and correspondences. Managed documents produced in  litigation and investigation, including document inventory, and maintained the integrity of the originals and  copy sets. Assisted attorneys with creating witness binders, issue binders, and exhibit/document binders.  Summarized transcripts of testimony from depositions. Conducted extensive legislative research. Prepared  visual exhibits for case presentation.    2    COMMUNITY INVOLVEMENT  PURPOSE | 8014 Sandbear Circle | <label type="Location">Tallahassee, Florida</label> | 32309  2003  Hours | 4/Week  Supervisor | <label type="Name">Al Franecki</label> | 123.345.7890 | <label type="Email Address">Stroman.Huey@yahoo.com</label>  Position | <label type="Designation">Volunteer</label>  Former employer may be contacted.    April 2001  August    Facilitated study groups for 10th and 11th graders having difficulty in English and American Literature  courses. Prepared lessons plans focused on reading comprehension and retention to present to students.  Provided one-on-one tutor sessions. Helped improve the academic grades of 90% of students.  COMPUTER SKILLS  <label type="Tech Tools">Concordance</label>, <label type="Tech Tools">Lextranet</label>, <label type="Tech Tools">PACER</label>, <label type="Tech Tools">Introspect</label>, <label type="Tech Tools">MS Office</label>, <label type="Tech Tools">Apple</label> and <label type="Tech Tools">PC</label> Platforms    3"
</cv>
