<?xml version="1.0" encoding="UTF-8"?>
<cv>
<label type="Name">Lanie Bergstrom</label>
<label type="Location">Mumbai, Maharashtra</label> - Email me on Indeed: <label type="Email Address">Sarah.Berge@gmail.com</label>

Willing to relocate to: <label type="Location">Mumbai, Maharashtra</label> - <label type="Location">Mumbai Central, Maharashtra</label> - <label type="Location">Pune, Maharashtra</label>

WORK EXPERIENCE

<label type="Designation">Associate Consultant</label>

<label type="Companies worked at">Oracle Financial Services</label> -  <label type="Location">Bengaluru, Karnataka</label> -

<label type="Years of Experience">September 2017 to Present</label>

• Currently associated as <label type="Designation">Associate Consultant</label> with <label type="Companies worked at">Oracle Financial Services Software</label>.
• Trained on <label type="Tech Tools">Java</label>, <label type="Tech Tools">Plsql</label>, <label type="Tech Tools">Flexcube</label> for 3 months from <label type="College Name">Oracle University</label>.

Project Name KeyBank Project
Team OBP team
Project Duration 2 months
Project Description
• KeyBank, the primary subsidiary of KeyCorp is the major bank based in Cleveland. It uses
<label type="Tech Tools">Oracle Banking Platform</label> to provide Online and Mobile Innovation to Meet Customers' Changing
Expectations.
• OBP team provides Web services, Business processes, domain services functionality to
KeyBank.

Project Role and Contribution
• Worked on migration of OBP product services from 2.3 to 2.6.1 using Java, Plsql, SOAP UI
technologies.
• Handled and worked on batch uploads.
• Worked on Code incremental and DB incremental activities.
• Configured Junit setup for the upgrade activities.
• Unit Tested and modified the changes required for OBP consulting upgrade.
• Worked on fixing various defects that were part of OBP product code and database upgrade.
• Worked on Fund transfer module of OBP.

EDUCATION

<label type="Degree">HSC</label>

<label type="College Name">D.G Ruparel College</label>

<label type="Graduation Year">2013</label>

SSC

Convent Girls' High School

2011

https://www.indeed.com/r/lanie-bergstrom


SKILLS

Associate (Less than 1 year), <label type="Tech Tools">CSS</label>. (Less than 1 year), <label type="Tech Tools">HTML5</label> (Less than 1 year), <label type="Tech Tools">Java</label> (Less
than 1 year), <label type="Tech Tools">JavaScript</label> (Less than 1 year)

ADDITIONAL INFORMATION

TECHNICAL SKILL SET:

• <label type="Job Specific Skills">Programming</label> Languages: <label type="Tech Tools">C</label>, <label type="Tech Tools">Java</label>, <label type="Tech Tools">JavaScript</label>, <label type="Tech Tools">SQL</label>.
• <label type="Job Specific Skills">Web Technologies</label>: <label type="Tech Tools">HTML5</label>, <label type="Tech Tools">CSS</label>.
• Working Platform: <label type="Tech Tools">Windows</label>, <label type="Tech Tools">Linux</label>.
WORKSHOP/CERTIFICATION:

• <label type="Job Specific Skills">Ethical Hacking</label> and <label type="Job Specific Skills">IT Security</label> workshop held at <label type="College Name">Vidyalankar Institute of Technology</label> <label type="Graduation Year">on 6th
and 13th February 2016</label>.
• Certificate for attending Seminar cum Demo Workshop - Cloud and Virtualization held at
<label type="College Name">Vidyalankar Institute of Technology</label> <label type="Graduation Year">on 5th March 2016</label>.
• <label type="Degree">Microsoft Technological Associate course</label> held at <label type="College Name">Vidyalankar Institute of Technology</label> <label type="Graduation Year">from 16th
August to 7th October 2014</label>.

ACHIEVEMENT:

• Certificate of merit for securing first place in Semester 5.
• Awarded scholarship for the academic year […] from Tata Education and Development Trust for
securing distinction in both Semester 5 and Semester 6.
</cv>
