<?xml version="1.0" encoding="UTF-8"?>
<cv>
<label type="Name">Brenda Rau</label>
<label type="Designation">SAP - FI Support Consultant</label> - <label type="Companies worked at">SAP FI</label>

<label type="Location">Pune, Maharashtra</label> - Email me on Indeed: <label type="Email Address">Rudy54@gbac.com</label>

Seeking a challenging and rewarding position in SAP FI that will benefit from my experience,
professional qualification and excellent communication skills and where I can enrich my skills
and management capabilities further while working to achieve the organizational goals.

• 1.0 Months experience in IT industry.
• I am seeking challenging assignments in a growth oriented organisation.
• Completed graduation <label type="Degree">B.com (FINANCE)</label> Ability to work overtime, time management, and work
responsibilities.
• <label type="Job Specific Skills">ERP knowledge</label> of <label type="Tech Tools">SAP</label> ECC 6.0IN FI MODULE in UV TECHNOCRATS &amp; SOLUTION. With knowledge
of (FI organisational structure, GL creation, Accounts Payable, Accounts receivables, customer
master data, vendor master data &amp; All End user scenario)
• Proficient Knowledge about FI End user scenario and design of configuration of FI sub-modules
General Ledger (FI-GL), Accounts Payable (FI-AP), Accounts Receivables (FI-AR)

SAP FINANCE MODULE TECHNICAL &amp;FUNCTIONAL SKILL

• Enterprise structure: configuration of Define &amp;Assign Company and company code define
business area.
• Global setting: Define Field status group, Fiscal year Variants, open and close posting
period, document number ranges, Setting up of document types and posting keys for business
transactions.
• General ledger: Define chart of account, Account group, define tolerance group for GL &amp;
employees.
• GL end user scenario-creation of GL master data, knowledge about F 02/FB50 GL invoice
posting, GL Documents recurring document, park &amp; held document, reversal document.
• Accounts Payable: Creation of vendor a/c group &amp; No ranges. Define tolerance group for vendor,
creation of sundry creditors GL, Display of vendor balances, Define no range for invoice posting,
• AP end user scenario: creation of customer master, FB60 /MIRO invoice posting, Payment,
posting Process of partial payment and down payment to vendor.
• Customization of APP program for vendors.
• Accounts Receivable: Define customer a/c group, No range for customer a/c, creation of no.
ranges
• AR end user scenario: creation of customer master, FB70 invoice posting, payment posting
process of partial payment down payment to customer.
• House bank- Creation of house bank, creation of cheque lot, display cheque register, cheque
encashment, cheque cancellation.
• Foreign exchange transaction.
• Asset Accounting - Chart of depreciation, creation of input &amp; output tax code, Define asset
class, Depreciation,
Asset master creation, Asset purchase posting (F 90), Depreciation run (AFAB), Sale of asset (f 92)
• Closing Entries - Carry forward the balances of customer &amp; vendor (f.07), Asset balances ( AJAB),
GL balances (F.16), No range (OBH2) .FSV.

Willing to relocate to: <label type="Location">Pune, Maharashtra</label>

https://www.indeed.com/r/brenda-rau


WORK EXPERIENCE<label type="Companies worked at">

SAP - FI</label> <label type="Designation">Support Consultant

SAP FI</label> -  <label type="Location">Pune, Maharashtra</label> -

<label type="Years of Experience">June 2016 to Present</label>

Roles and Responsibility:
• Providing production support for SAP FI Module
• Master data Creation and Changes as when required
• Interaction with end users for issue resolution
• Solving issues/tickets with moderate and at times critical impact
• Proactively discuss on issues with other functional consultants for timely resolution
• Participation in regular FI team meetings
• Provide training to end user's as and when required.
• Customizing changes as per new requirement raised by client like House Bank Creation
• Analyzing and providing solutions on the issues raised by the client
• Participation in performing year end closing activity
• Solving of maintenance Issues and Tickets in the area of FI.
• Email response to end users.
• Clarify and rectify the pending and due issues.
• Resolved User issues on timely basis.
• Based on the priority of the issues and the time required to resolve the issue, issues will be
resolved within time bound to meet the SLA.
• Attended KT sessions &amp; updated knowledge with new issues.

As a part of Support Team Involvement in

• User Support and also End User Training.
• Handled the End user queries through Help desk. As per the user communication by mail have
to register, acknowledge, respond, resolved, accept and close the issues.
• The issues include the configuration, transaction error and program/form modifications.
• Configuring payment terms, Configuring automatic payment program, Includes House bank
configuration.
• Configuration for special G/L transactions like down payment made, down payment received.
• Input Tax Indicator Configuration.

EDUCATION

<label type="College Name">Indian Institute Of Company Secretory Of India (Appeared)</label>

<label type="Graduation Year">2014</label>

<label type="College Name">Maharashtra State Government, Pune University</label> -  <label type="Location">Pune, Maharashtra</label>

<label type="Graduation Year">2013</label>

<label type="Degree">B.com</label>

<label type="College Name">Pune University</label> -  <label type="Location">Pune, Maharashtra</label>



<label type="Graduation Year">2012</label>

SKILLS

SAP (1 year)

ADDITIONAL INFORMATION

TECHNICAL SKILL

• <label type="Tech Tools">ERP</label> Packages: <label type="Tech Tools">SAP ECC 6.0</label>, Tally.
• Office productivity: <label type="Tech Tools">Microsoft Word</label>, <label type="Tech Tools">Excel</label>, <label type="Tech Tools">Power point</label>.
• Operating Systems: <label type="Tech Tools">Windows</label> […]
</cv>
