<?xml version="1.0" encoding="UTF-8"?>
<cv>
<label type="Name">Dave Wiza</label>
<label type="Designation">Senior Corporate Account Executive</label> - <label type="Companies worked at">MongoDB</label>

<label type="Location">Gurgaon, Haryana</label> - Email me on Indeed: <label type="Email Address">Alberto.Pagac@oas.name</label>

Willing to relocate: Anywhere

WORK EXPERIENCE

<label type="Designation">Senior Corporate Account Executive</label>

<label type="Companies worked at">MongoDB </label>-  <label type="Location">Gurgaon, Haryana</label> -

<label type="Years of Experience">May 2016 to Present</label>

• Designed and implemented a 2-year <label type="Job Specific Skills">sales strategy</label> for South India Region; revenues grew 4X.
• Trained sales team of 35 from 20 partner companies; revenues generated through partners
increased 50%.
• Led Business development team of 5 to build pipeline of 4X.
• Acquired 32 new accounts with industry leaders including Intuit, IBM, Wipro, McAfee, Airtel,
Religare and Adobe; 100% renewals in all existing accounts.
• Initiated, designed and executed marketing events; attendees included 200 IT heads;
generated $1M
pipeline.
• Ranked in top 5% of global sales team of 322; Awarded thrice for highest quarterly revenues
in APAC.
• Won Excellence Club Award in FY17 and FY18.

<label type="Designation">Account Manager</label>

<label type="Companies worked at">Red Hat </label>-  <label type="Location">Bengaluru, Karnataka</label> -

<label type="Years of Experience">June 2014 to May 2016</label>

• Responsible for sales of entire Red Hat Product Portfolio in Mid market and Enterprise Accounts
in West and South India Region.
• Introduced Customer Success Program; renewals up 20%; revenues rose 12%.
• Formulated sales strategies and achieved $4M in sales.
• Won multiple awards (four quarters - highest revenues closed) and (2 consecutive years - 100%
Club Award).
• Improved brand presence in small cities and towns; inducted new partners; revenue driven
by partner
channels up 26%
• Designed events engaging IT Directors &amp; CxOs; penetrated 7 key accounts; generated $400K
pipeline.

<label type="Designation">Account Manager</label>

<label type="Companies worked at">Oracle</label> -  <label type="Location">Noida, Uttar Pradesh</label> -

<label type="Years of Experience">May 2013 to May 2014</label>

https://www.indeed.com/r/dave-wiza


<label type="Designation">Business Development Rep
</label>
<label type="Companies worked at">Oracle</label> -

<label type="Years of Experience">September 2011 to April 2013</label>

• Responsible for MySQL, Oracle Linux and VM Sales in North Central US Region.
• Generate opportunities using Linkedin, Hoovers, Job Portals, Marketing Leads and Oracle Install
base.
• Work closely with Channel Partners, Resellers and Oracle Internal Counterparts to increase
customer base.
• Designed &amp; developed Pipeline Generation kits for Sales team of 12.
• Awarded in Q1 and Q2 FY13 for highest quarterly achievement in the team; 100% Annual Quota
achieved for FY12 and FY13.
• Revamped email marketing campaigns led to 15% higher response rate.
• Initiated a structured mentorship program for MySQL Team; Training times down by 2 Months;
productivity
up 50%.

EDUCATION

<label type="Degree">B Tech Honors</label> in <label type="College Name">Technical

College of Engineering</label> -  <label type="Location">Roorkee, Uttarakhand</label>

<label type="Graduation Year">August 2007 to May 2011</label>
</cv>
