<?xml version="1.0" encoding="UTF-8"?>
<cv>
<label type="Name">Mei Ruthanne Schuppe</label>, <label type="Location">Telangana</label> - Email me on Indeed: <label type="Email Address">Kris.Nolan@rs.org</label>

Willing to relocate to: <label type="Location">hyderbad, Telangana</label>

WORK EXPERIENCE

<label type="Designation">Software developer</label>

<label type="Companies worked at">Microsoft
</label>
Iam need 
What i am

EDUCATION

<label type="Degree">Bsc</label>

<label type="College Name">Shri gnanambika degree college</label>

SKILLS

<label type="Soft Skills">Analytics</label>, <label type="Soft Skills">Research</label>

https://www.indeed.com/r/mei-ruthanne-schuppe
</cv>
