<?xml version="1.0" encoding="UTF-8"?>
<cv>
<label type="Name">Hank Halvorson</label>
<label type="Designation">Software Development Director</label> - <label type="Companies worked at">Oracle Inc</label>

- Email me on Indeed: <label type="Email Address">wParisian@laal.biz</label>

• Offering <label type="Years of Experience">over 22 years</label> of rich national &amp; international experience in <label type="Job Specific Skills">developing &amp; deploying
software appplicatoins</label> development, customized solutions across <label type="Tech Tools">Oracle Fusion</label> HCM Global
Core HR, Global Payroll, Global Absences, Compensation and all Talent modules - <label type="Job Specific Skills">Performance
Management</label>, <label type="Job Specific Skills">Goals Management</label>, <label type="Job Specific Skills">Career Development</label>, <label type="Job Specific Skills">Succession Management</label> &amp; <label type="Job Specific Skills">Talent
Review</label> Meeting
• <label type="Job Specific Skills">Directed planning</label>, strategy development and implementation &amp; business solution delivery with
recent successful implantations at Schneider Electric, Macy's, Pike International, British Telcom.
• Accomplished in <label type="Job Specific Skills">relational data modeling</label>, <label type="Job Specific Skills">data warehouse design</label> and implementation, <label type="Job Specific Skills">object
oriented design</label> and development, developing transactional &amp; <label type="Job Specific Skills">business analytics</label> in <label type="Job Specific Skills">CRM</label>, SCM
and HCM domains from client server to <label type="Job Specific Skills">cloud SaaS</label>.
• Led large-scale <label type="Job Specific Skills">business application architecture</label> and design efforts; developed and maintained
solutions for various business functional areas; assisted in resolving integration and interface
issues between various systems with focus on optimizing performance and scalability
• Extensive experience in all aspects of <label type="Job Specific Skills">project management</label> including budgeting and cost
optimization, risk assessments and control, technical feasibility studies, project scope definition,
estimations &amp; cost control &amp; so on
• Recruit, Develop and led high-performing teams with high motivation and enhanced cross-
functional collaboration

WORK EXPERIENCE

<label type="Designation">Software Development Director</label>

<label type="Companies worked at">Oracle Inc</label> -

<label type="Years of Experience">April 2015 to Present</label>

<label type="Companies worked at">Oracle Inc</label> -

<label type="Years of Experience">January 1998 to Present</label>

98 with <label type="Companies worked at">Oracle Inc</label>.
Growth Path &amp; Deputations:

<label type="Designation">Senior Development Manager</label>

<label type="Companies worked at">Oracle Inc</label> -

<label type="Years of Experience">December 2011 to March 2015</label>

<label type="Designation">Senior Development Manager</label>

<label type="Companies worked at">Oracle Inc</label> -

<label type="Years of Experience">March 2010 to November 2011</label>

https://www.indeed.com/r/hank-halvorson


<label type="Designation">Principal Applications Developer</label>

<label type="Companies worked at">Oracle Inc</label> -

<label type="Years of Experience">September 2004 to February 2010</label>

<label type="Designation">Project Lead</label>

<label type="Companies worked at">Oracle Inc</label> -

<label type="Years of Experience">September 1999 to August 2004</label>

<label type="Designation">Senior Software Developer</label>

<label type="Companies worked at">Oracle Inc</label> -

<label type="Years of Experience">January 1998 to August 1999</label>

<label type="Companies worked at">R-Systems</label> -  <label type="Location">Sacramento, CA</label> -

<label type="Years of Experience">January 1997 to January 1998</label>

Key Result Areas:
• Providing overall <label type="Soft Skills">leadership</label> to the entire project team, mapping clients' requirements,
transforming requirements into stipulations and providing them best solutions within the scope
of project requirements
• Creating and managing the estimates, project plan, project schedule, resource allocation and
expenses; monitoring and reporting on standards &amp; performance targets
• Ensuring the delivery of quality releases on schedules using continuous improvement
initiatives; adhering to quality norms throughout the project implementation
• Working on <label type="Job Specific Skills">service strategy</label>, transition, operations, process improvement, <label type="Job Specific Skills">process
management</label>, <label type="Soft Skills">team building</label>, <label type="Soft Skills">training</label>, hiring and <label type="Job Specific Skills">client relationship management
</label>• Identifying and implementing strategies for building team effectiveness by promoting a spirit
of cooperation among the team members
• Supporting continuous improvement by investigating alternatives and new technologies and
presenting the same for architectural review
• Liaising with stakeholders during the course of problem diagnoses, requirements gathering,
detailed level design, development, system test and production implementation to ensure that
optimal resolutions are achieved

KNOWLEDGE PURVIEW
• <label type="Job Specific Skills">Machine Learning Algorithms</label> <label type="Job Specific Skills">supervised</label>, <label type="Job Specific Skills">unsupervised</label>, <label type="Job Specific Skills">NLP</label>, chat bot and <label type="Job Specific Skills">deep learning</label> with
<label type="Tech Tools">Python</label>
• Building <label type="Job Specific Skills">transactional applications</label> &amp; analytical solutions in <label type="Job Specific Skills">SaaS model
</label>• Oracle fusion role based data security set up and customization for complex security
requirements
• Reporting Layer (Subject Areas) for fusion HCM cloud for all HCM modules
• <label type="Job Specific Skills">Data Warehousing</label> design methodologies, star and snowflake schema designs, aggregations
• OBIEE, Data Visualization Desktop, BICS, DVCS, <label type="Tech Tools">Oracle Analytics Cloud (OAC)</label>, <label type="Tech Tools">Tableau</label>
• Design and build dashboards, KPIs using <label type="Tech Tools">Oracle BI</label> platform and OTBI, Standard Reports using
<label type="Tech Tools">BI Publisher</label>
• Design and build mappings, knowledge modules, load plans using <label type="Tech Tools">Oracle Data Integrator (ODI)</label>



• Relational data modeling, <label type="Job Specific Skills">Object Oriented Modeling</label> &amp; Design, <label type="Tech Tools">UML</label>, <label type="Tech Tools">SOAP</label>
• <label type="Tech Tools">Oracle 10g</label>, 11g, 12c
• <label type="Tech Tools">SQL</label>, <label type="Tech Tools">PL/SQL</label>, <label type="Tech Tools">HTML</label>, <label type="Tech Tools">XML</label>, <label type="Tech Tools">JAVA</label>, <label type="Tech Tools">JDK</label>, <label type="Tech Tools">J2EE</label>, <label type="Tech Tools">Oracle ADF</label>, <label type="Tech Tools">Oracle JDeveloper</label>
• Applications Development for <label type="Tech Tools">Oracle CRM</label>, <label type="Tech Tools">Oracle ebusiness</label> SCM,
• Applications/database/SQL/Batch program performance tuning
• <label type="Tech Tools">UNIX</label>, <label type="Tech Tools">Windows</label>, <label type="Tech Tools">Linux</label>

R-Systems -

<label type="Years of Experience">April 1996 to January 1998</label>

Growth Path &amp; Deputations:

Department of Corrections -  <label type="Location">Sacramento, CA</label> -

<label type="Years of Experience">February 1996 to January 1997</label>

<label type="Designation">Secretary</label> of <label type="Companies worked at">State

Salem</label>, <label type="Location">Tamil Nadu</label> -

<label type="Years of Experience">December 1995 to February 1996</label>

<label type="Companies worked at">Oracle Corporation</label> -  <label type="Location">Redwood Shores, CA</label> -

<label type="Years of Experience">January 1995 to December 1995</label>

EDUCATION

<label type="Degree">M.S. in Computer Engineering</label>

<label type="College Name">Texas A&amp;M University</label> -  <label type="Location">Kingsville, TX</label>

<label type="Graduation Year">1994
</label>
<label type="Degree">B.S. in Electronics &amp; Communications Engineering</label>

<label type="College Name">Nagarjuna University</label>

<label type="Graduation Year">1992
</label>
<label type="Soft Skills">SKILLS

SOFTWARE DEVELOPMENT</label> (3 years), <label type="Soft Skills">STRUCTURED SOFTWARE</label> (3 years), <label type="Soft Skills">BUSINESS
INTELLIGENCE</label> (1 year), <label type="Tech Tools">ORACLE</label> (1 year), <label type="Soft Skills">ARCHITECTURE</label> (Less than 1 year)

ADDITIONAL INFORMATION

CORE COMPETENCIES

<label type="Soft Skills">Software Development</label> &amp; Consulting

<label type="Tech Tools">Oracle</label> Fusion Applications Architecture and Functionality



<label type="Job Specific Skills">Oracle Business Intelligence</label> development and implementations

<label type="Job Specific Skills">Technology Planning</label>

<label type="Job Specific Skills">Delivery Management</label>

<label type="Job Specific Skills">Client Engagements</label> (Stakeholders/Business)

<label type="Job Specific Skills">Continuous Process Enhancement</label>

<label type="Job Specific Skills">Agile/Scrum Methodologies</label>

<label type="Job Specific Skills">Project Management</label>
</cv>
