<?xml version="1.0" encoding="UTF-8"?>
<cv>
<label type="Name">Hoa Jacobson</label>
<label type="Designation">Quantitative Analyst</label>

- Email me on Indeed: <label type="Email Address">Marlana.Brown@hotmail.com</label>

WORK EXPERIENCE

<label type="Designation">Software Engineer</label>

<label type="Companies worked at">Tavant</label> -  <label type="Location">Bangalore, Karnataka</label> -

<label type="Years of Experience">April 2005 to April 2006</label>

• Implemented <label type="Job Specific Skills">online retail sale management</label> solution for industrial manufacturing
giant Ingersoll Rand.
• Implemented secondary mortgage solution for leading wholesale lender Ameriquest.

<label type="Designation">Software Engineer</label>

<label type="Companies worked at">Patni </label>-  <label type="Location">Bangalore, Karnataka</label> -

<label type="Years of Experience">August 2004 to April 2005</label>

• Built profitability reports for using Oracle Financial Analytics

EDUCATION

<label type="Degree">Master of Science</label> in<label type="College Name"> Financial Mathematics

University of Chicago </label>-  <label type="Location">Chicago, IL</label>

<label type="Years of Experience">June 2010</label>

<label type="Degree">Bachelor of Technology</label> in <label type="College Name">Civil Engineering

Indian Institutes of Technology IIT</label> <label type="Location">Kanpur</label>

<label type="Years of Experience">July 2004</label>

ADDITIONAL INFORMATION

SKILLS
<label type="Job Specific Skills">Programming</label> • <label type="Tech Tools">JAVA</label>, <label type="Tech Tools">C++</label>, <label type="Tech Tools">C</label>, <label type="Tech Tools">Matlab</label>, <label type="Tech Tools">SQL</label>

Operating System • <label type="Tech Tools">Windows</label>, <label type="Tech Tools">Linux</label>

https://www.indeed.com/r/hoa-jacobson
</cv>
