<?xml version="1.0" encoding="UTF-8"?>
<cv>
<label type="Name">Dillon West</label>
SAP as a <label type="Designation">Consultant</label> - <label type="Companies worked at">SAP Basis

Chennai</label>, <label type="Location">Tamil Nadu</label> - Email me on Indeed: <label type="Email Address">aKihn@gmail.com</label>

Willing to relocate: Anywhere

WORK EXPERIENCE

<label type="Companies worked at">SAP</label> as a <label type="Designation">Consultant</label>

<label type="Companies worked at">SAP Basis</label> -

<label type="Years of Experience">May 2012 to Present
</label>
Involved in 3 support Projects and 1 implementation Project.
• <label type="Job Specific Skills">System Build</label>, <label type="Job Specific Skills">System Refresh</label>, <label type="Job Specific Skills">system upgrade</label> and system maintenance activities.
• Self-motivated and goal-oriented, with a strong ability to organize and prioritize tasks
efficiently.
• Excellent <label type="Soft Skills">team player</label> with good <label type="Soft Skills">communication</label>, <label type="Soft Skills">analytical</label>, <label type="Soft Skills">problem solving</label> skills.
• Certification Done: <label type="Degree">Oracle certified Java Programmer</label>
• Finished Diploma in <label type="Tech Tools">Java</label> course from NIIT

EDUCATION

<label type="Degree">MCA</label> in <label type="College Name">Computer Applications

Thiagarajar School of Management</label> -<label type="Location">  Madurai, Tamil Nadu</label><label type="Degree">

BSc</label>

<label type="College Name">Sri Sathya Sai Institute of Higher Learning</label> -  <label type="Location">Anantapur, Andhra</label> Pradesh

HSC

TVS Lakshmi Matriculation Higher Secondary School -  <label type="Location">Madurai, Tamil Nadu</label>

SSLC

TVS Lakshmi Matriculation Higher Secondary School -  Madurai, Tamil Nadu

SKILLS

<label type="Tech Tools">JAVA</label> (6 years), <label type="Tech Tools">ORACLE</label> (6 years), <label type="Tech Tools">SAP</label> (6 years), <label type="Tech Tools">ABAP</label> (Less than 1 year), <label type="Tech Tools">ACCESS</label> (Less than 1
year)

ADDITIONAL INFORMATION

TECHNICAL EXPERTISE

https://www.indeed.com/r/dillon-west
https://www.indeed.com/r/dillon-west


Operating System
• Worked on <label type="Tech Tools">UNIX</label> AIX and Windows Environment.
• Troubleshooting &amp; Identifying OS level Bottle necks.
• Monitoring Top CPU Utilization/Memory Utilization issues at OS-level.
• Administrating File system and permission issues at OS-Level.
Database Administration
• Database administration on Oracle 10 g, 11 g, 12 c.
• Monitoring &amp; perform database backup at DB13 level.
• Cluster Administration on Oracle 11 g, 12 c..
SAP HANA Database Administration
• Monitoring HANA DB and to troubleshoot performance issues using HANA studio.
• Importing and activating views and procedures.
• Troubleshooting HANA data and log backup issues.
• Monitoring top CPU Utilization/Memory Utilization issues at OS-level.
• SLT Replication of tables from ECC to HANA DB.
Third Party Tools Worked
• Open text.
• PAS - Pay metric Adapters.
• TRAX
• HP, Service now.
• CPS, Redwood Job scheduling.
• Vertex.
<label type="Job Specific Skills">Programming</label> Knowledge
<label type="Tech Tools">C</label>, <label type="Tech Tools">C++</label>, <label type="Tech Tools">Core Java</label>, <label type="Tech Tools">J2EE</label>, EJB, Struts

Contributions and Achievements
• Conducted training for New joiners
• Conducted team meetings and internal training sessions
• Received "Manager's Choice Award" thrice for managing crisis situation
• Received "Deep Skill Adder Award" every quarter for taking Personal interest
PROJECT (Support): 1
Organization: IBM India PVT LTD
Role: SAP Basis Consultant
Client: Maersk Line- MLIT Basis
Database: Oracle 11g
Platform: Linux 2.6
Period: April 2015 to September 2016 and from Aug 01, 2017 to till date
Responsibilities:
• Creation of OSS ID and registering Developer for Access key and Object key in SMP.
• Apply OSS Notes using SNOTE.
• Experience on deployment of digital signature in Java Landscape.
• Apply SPAM/SAINT, Support Packages, and Add-ons.
• Performance Monitoring for ECC, BI, SRM, CRM, and PI systems.
• Handling user tickets and system performance tickets.
• Background Job Administration such as scheduling/Cancelling and Troubleshooting background
jobs as per client requirement '
• Performed daily health checks across the landscape.
• Analyzing and troubleshooting daily issues occurred in health checks.
• Index rebuild for BW and ECC systems.



• Run update stats for ECC and BW tables.
• Printer configuration.
• Detecting Expensive <label type="Tech Tools">SQL</label> statements
• Monitoring and troubleshooting JAVA systems using NWA and admin tools like Visual Admin tool
and Config tool.
• Database cluster Administration.
• System Refresh from Production to Quality and Pre Prod.
• System Restore from Production to Quality, Pre Prod. Same system restore
• System Upgrade from EHP 6 to EHP 7.
• Kernel upgrade for the entire landscape.
• System Build for System Upgrade.
• DB Export and Import across the landscape.
PROJECT (Implementation): 2
Organization: IBM India PVT LTD
Role: SAP Basis Consultant
Client: Maersk Line- MLIT Build Basis
Database: Oracle 11g
Platform: Linux 2.6
Period: September 2016 to July 2017
Responsibilities:
• Creation Database Source in Java systems.
• Creation of Product, Software Component, Business Systems and Technical Systems in PO SLDs.
• Performance capture whenever test load went into the system.
• Troubleshooting JAVA and ABAP stack systems.
• Creating source systems in BW systems, Maintaining and troubleshooting RFC connections for
the same.
• Client opening and closing depending up on requirement.
• Creating OSS messages on various issues to SAP in SMP.
• SSO Configuration in Solution Manager.
PROJECT (Support): 3
Organization: IBM India PVT LTD
Role: SAP Basis Consultant
Client: Ericsson
Database: Oracle 11g
Platform: Linux 2.6
SAP: ECC 6.0, BW ABAP 7.31
Period: July 2013 to November 2014.
Responsibilities:
Performed all SAP Basis Activities like Performance monitoring, Monthly report generation.
• Printer configuration.
• Detecting Expensive SQL statements
• Monitoring and troubleshooting JAVA systems using NWA and admin tools like Visual Admin tool
and Config tool.
• Table space monitoring using BRTOOLS.
• Database Administration using BRTOOLS.
• Kernel upgrades for the entire landscape.
• Part of EHP upgrade from ERP6.0 EHP 6 to ERP6.0 EHP 7

PROJECT (Support): 4



Organization: IBM India PVT LTD
Role: Associate SAP Basis Consultant L1
Client: Unilever, UK
Database: Oracle 10g
Platform: Linux 2.6 Linux V 6.2
SAP: ECC 6.0, BW ABAP 7.31, CRM 7.31
Period: May 2012 to June 2013.
Responsibilities:
Performed all SAP Basis Activities like Production System Performance monitoring, Monthly report
generation.
• Performance Monitoring for ECC, BI, SRM, CRM, and PI systems.
• Handling User tickets.
• Background Job Administration such as scheduling/Cancelling and Troubleshooting background
jobs as per client requirement '
• Performed daily health checks across the landscape.
• Analyzing and troubleshooting daily issues occurred in health checks.
• Importing Transports across the Landscape.
• Creating/modifying User roles as per client requirement.

PESONAL DETAILS:
Name: <label type="Name">Dillon West</label>
</cv>
