<?xml version="1.0" encoding="UTF-8"?>
<cv>
<label type="Name">Lupe Towne</label>
<label type="Location">Pune, Maharashtra</label> - Email me on Indeed: <label type="Email Address">Robbie.Tremblay@hotmail.com</label>

• Looking forward for joining a company where my creative thinking and excellent skills in
application development using modern <label type="Job Specific Skills">development</label> tools will be utilized.

Willing to relocate: Anywhere

WORK EXPERIENCE

<label type="Companies worked at">Infosys LTD</label> -  <label type="Location">MAHARASHTRA, IN</label> -

<label type="Years of Experience">April 2017 to Present</label>

Location: <label type="Location">Pune, India</label>
Client: <label type="Designation">Insurance Client</label> from London
Duration: <label type="Years of Experience">April 2017 -Till Date</label>
Technology/Tools: <label type="Tech Tools">Microsoft SharePoint 2013</label>, <label type="Tech Tools">Azure Cognitive Services</label>, <label type="Tech Tools">Azure Service Bus</label>, <label type="Tech Tools">Azure
Blob Storage</label>, <label type="Tech Tools">.net</label> framework 4.7

Responsibilities:

• Independently worked on designing solution architecture of the project.
• Lead team from technical front in all the components built
• Followed <label type="Job Specific Skills">Agile development</label> approach to efficiently manage continuous development process
and incremental requirement changes
• Design <label type="Tech Tools">SharePoint</label> components using SharePoint CSOM and <label type="Tech Tools">.net framework 4.7</label>
• Design Azure components using azure .net sdks and .net framework 4.7
• Implement Micro Services architecture using Azure Service Bus

Project Title: SharePoint 2013 <label type="Job Specific Skills">Application Development and Enhancement</label>

<label type="Companies worked at">Infosys LTD</label> -  <label type="Location">London</label> -

<label type="Years of Experience">February 2017 to March 2018</label>

<label type="Companies worked at">Infosys LTD</label> -  <label type="Location">MAHARASHTRA, IN </label>-

<label type="Years of Experience">August 2015 to January 2017</label>

<label type="Designation">SharePoint Designer</label>

<label type="Tech Tools">Microsoft SharePoint</label> -

2017 to 2017

2013, Nintex.

Responsibilities:
• Investigated and identified requirements via process flows, use cases communicated with
Subject Matter Experts to define system requirement.

https://www.indeed.com/r/lupe-towne


• Suggested improvements to be included into new system for Skills Alignment Portal
• Followed <label type="Job Specific Skills">Agile development</label> approach to efficiently manage continuous development process
and incremental requirement changes
• Independently designed, developed and delivered multiple forms and workflows over
SharePoint 2013 start from scratch using Nintex
• Designed and Implemented useful components using SharePoint out-of-the-box capabilities and
SharePoint REST web service
• Utilized SharePoint APPs technology to create custom enhancements on current sites for
customer satisfaction and efficiency
• Developed underwriting support applications using asp.net MVC / Web API.

<label type="Companies worked at">Infosys LTD</label> -  <label type="Location">MAHARASHTRA, IN</label> -

December 2013 to July 2015

<label type="Designation">Enterprise IT Support</label>

<label type="Companies worked at">Infosys LTD</label> -  <label type="Location">MAHARASHTRA, IN</label> -

<label type="Years of Experience">September 2013 to November 2013</label>

Location: <label type="Location">Pune, India</label>
Client: Oil and Gas Client from USA
Duration: September 2013 - November 2013

Infosys LTD -  MAHARASHTRA, IN -

June 2013 to August 2013

Location: Pune, India
Client: Oil and Gas Client from USA
Duration: June 2013 - August 2013

Infosys LTD -  MAHARASHTRA, IN -

February 2013 to May 2013

Infosys LTD -  MAHARASHTRA, IN -

November 2012 to January 2013

Location: Pune, India
Client: Infosys Ltd.
Duration: November 2012 - January 2013

SharePoint Designer, Avepoint Docave

Microsoft SharePoint -

2012 to 2012

6.

Responsibilities:



• Responsible for creating SharePoint hosted apps.
• Responsible for developing web services [WEB API's].
• Responsible for creating ECMA scripts.
• Responsible for creating console applications using SharePoint Client Object Model.
• Responsible for migrating SharePoint MOSS 2007 sites to SharePoint 2013 using Avepoint
Docave.
• Responsible for developing remote site provisioning mechanism using CSOM
• Responsible for creating provider hosted apps using asp.net mvc.

Project Title: Operating System

Microsoft Fast Search, SharePoint Designer

<label type="Tech Tools">Microsoft SharePoint</label> -

2010 to 2010

Responsibilities:

• Responsible for maintaining database of the project.
• Responsible for designing page layouts.
• Responsible for creating ECMA scripts.
• Responsible for creating console applications using SharePoint Client Object Model.
• Responsible for creating SSIS solution to import data from multiple sources using SharePoint
web services.
• Responsible for creating custom SharePoint alerts using SSIS solution.
• Responsible for creating SSRS solution to create Dashboards.
• Responsible for creating Stored Procedures and Functions used for various operations.
• Responsible for customizing list forms.
• Responsible for creating Search pages using Microsoft FAST search 2010.

Microsoft SharePoint -

2010 to 2010

Responsibilities:

• Responsible for fixing bugs in SharePoint applications
• Responsible for automating bug fixing process.
• Responsible for interacting with clients for understanding business requirements.
• Responsible for enhancing SharePoint application as per business requirements.
• Identifying limitations and suggesting appropriate solutions.

Microsoft InfoPath Designer

Microsoft SharePoint -

2010 to 2010

2010, Microsoft SharePoint Designer 2010, <label type="Tech Tools">Microsoft Office 2010</label>.

Responsibilities:



• Responsible for creating multiple custom lists and document libraries.
• Responsible for creating and customizing InfoPath forms and associating it with document
libraries.
• Responsible for creating SharePoint Designer Workflows.
• Responsible for customizing list forms and views.
• Responsible for creating <label type="Tech Tools">Excel</label> reports in <label type="Tech Tools">SharePoint</label>.

Project Title: 5 Day Close Monitoring Tool

Technology/Tools: <label type="Tech Tools">Microsoft SharePoint 2010</label>, <label type="Tech Tools">Microsoft SQL Server 2008 R2</label>, <label type="Tech Tools">Microsoft Visual
Studio 2010</label>, <label type="Tech Tools">Microsoft InfoPath Designer 2010</label>, <label type="Tech Tools">Microsoft SharePoint Designer 2010</label>, <label type="Tech Tools">Microsoft
Office 2010</label>
Responsibilities:

• Responsible for creating custom lists, document libraries, SharePoint groups.
• Responsible for creating custom permission levels in SharePoint and defining permission
policies on lists, libraries and web parts.
• Responsible for maintaining database of the project.
• Responsible to create SSIS packages.
• Responsible to create power pivot reports.
• Responsible for creating dashboards on SharePoint site using Power Pivot library.
• Responsible for creating tool for generating power pivot reports on multiple servers.

Microsoft Designer

Microsoft SharePoint -

2010 to 2010

2010.
Responsibilities:

• Responsible for creating multiple custom lists and document libraries.
• Responsible for creating and customizing InfoPath forms and associating it with document
libraries.
• Responsible for creating SharePoint Designer Workflows.
• Responsible for customizing list forms and views.
• Responsible for creating custom permission levels and applying it to various lists and libraries.

EDUCATION

<label type="Degree">Bachelor of Technology</label> in <label type="College Name">Information Technology

Graphic Era University</label> -  <label type="Location">Dehra Dun, Uttarakhand</label>

<label type="Graduation Year">May 2012
</label>
Senior Secondary -  Kashipur, Uttarakhand

2008



SKILLS

MICROSOFT SHAREPOINT (7 years), SHAREPOINT (7 years), .NET (6 years), MICROSOFT VISUAL
STUDIO (6 years), VISUAL STUDIO (6 years)

ADDITIONAL INFORMATION

SKILLS
• Vast knowledge of developing and implementing applications based on client's needs.
• Professional Experience in creating <label type="Tech Tools">SharePoint</label> solutions using <label type="Tech Tools">C#</label>, <label type="Tech Tools">JavaScript</label> etc.
• Professional Experience in creating asp.net web applications using <label type="Tech Tools">MVC</label>, <label type="Tech Tools">Entity Framework</label>.
• Professional experience in creating application using Azure micro services architecture

TECHNICAL EXPERTISE

Languages and Software
<label type="Tech Tools">C</label>, <label type="Tech Tools">C#.net</label>,<label type="Tech Tools"> Asp.net MVC 5</label>, <label type="Tech Tools">Entity Framework 6</label>, <label type="Tech Tools">Microsoft Office</label>, <label type="Tech Tools">Microsoft SharePoint 2010</label>,
<label type="Tech Tools">Microsoft SharePoint 2013</label>, Microsoft, <label type="Tech Tools">SharePoint Designer</label>, <label type="Tech Tools">Microsoft Visual Studio 2008</label>,
<label type="Tech Tools">Microsoft Visual Studio 2010</label>, <label type="Tech Tools">Microsoft Visual Studio 2012</label>, <label type="Tech Tools">InfoPath</label>, <label type="Tech Tools">HTML</label>, <label type="Tech Tools">CSS</label>, <label type="Tech Tools">JavaScript</label>,
<label type="Tech Tools">jQuery</label>, <label type="Tech Tools">SharePoint</label> Apps using <label type="Tech Tools">MVC</label> and <label type="Tech Tools">KnockoutJS</label>, <label type="Tech Tools">Nintex</label> forms and Workflows, <label type="Tech Tools">Azure

MSBI SQL Server 2008</label>, <label type="Tech Tools">SQL Server 2012</label>, <label type="Tech Tools">SSIS</label>, <label type="Tech Tools">SSRS</label>
Operating System <label type="Tech Tools">Windows</label> Family

TOTAL EXPERIENCE

No. Company Role Duration
1. <label type="Companies worked at">Infosys Ltd</label> <label type="Designation">Technology Analyst</label> <label type="Years of Experience">5 Years 11 Months</label>
</cv>
