<?xml version="1.0" encoding="UTF-8"?>
<cv>
<label type="Name">Laticia Jerry Lebsack</label>
<label type="Location">Coimbatore </label>- Email me on Indeed: <label type="Email Address">Stacey.Rippin@gmail.com</label>

WORK EXPERIENCE

Searching for good salary

Apple , Google, Microsoft -

2017 to Present

EDUCATION

<label type="Degree">BCA</label>,<label type="Degree">MBA
</label>
<label type="College Name">KGISL</label>

SKILLS

<label type="Tech Tools">C++</label>, <label type="Job Specific Skills">Hacking</label>, <label type="Job Specific Skills">Programming</label>

https://www.indeed.com/r/laticia-jerry-lebsack
</cv>
