<?xml version="1.0" encoding="UTF-8"?>
<cv>
<label type="Name">Josef Miller</label>
<label type="Designation">Tech Support Executive</label> - <label type="Companies worked at">Teleperformance for Microsoft</label>

<label type="Location">Jaipur, Rajasthan</label> - Email me on Indeed: <label type="Email Address">SDenesik@hotmail.com</label>

• To be an integral part of the organization and enhance my knowledge to utilize it in a productive
manner for the growth of the company and the global.

INDUSTRIAL TRAINING

• BHEL, (HEEP) HARIDWAR
On CNC System&amp;amp; <label type="Job Specific Skills">PLC Programming</label>.

WORK EXPERIENCE

<label type="Designation">Tech Support Executive</label>

<label type="Companies worked at">Teleperformance for Microsoft</label> -

<label type="Years of Experience">September 2017 to Present

process</label>.
• <label type="Years of Experience">21 months of experience</label> in <label type="Companies worked at">ADFC </label>as <label type="Designation">Phone Banker</label>.

EDUCATION

<label type="Degree">Bachelor of Technology in Electronics &amp; communication</label> <label type="College Name">Engg

GNIT institute of Technology</label> -  <label type="Location">Lucknow, Uttar Pradesh</label>

<label type="Graduation Year">2008 to 2012</label>

Class XII

U.P. Board -  <label type="Location">Bareilly, Uttar Pradesh</label>

2007

Class X

U.P. Board -  Bareilly, Uttar Pradesh

2005

SKILLS

<label type="Tech Tools">Microsoft office</label>, <label type="Tech Tools">excel</label>, <label type="Tech Tools">cisco</label>, <label type="Tech Tools">c</label> language, cbs. (4 years)

https://www.indeed.com/r/josef-miller
</cv>
