<?xml version="1.0" encoding="UTF-8"?>
<cv>
<label type="Name">Stewart Goldner</label>
<label type="Designation">head of operation and logistics</label>

<label type="Location">Trichur,</label> <label type="Companies worked at">Kerala </label>- Email me on Indeed: <label type="Email Address">FHilll@gmail.com</label>

To succeed in an environment of growth and excellence and earn a job which provides me job
satisfaction and self development and help me achieve personal as well as organization goals.

WORK EXPERIENCE

<label type="Designation">Manager

Masters equipments</label> -  <label type="Location">Trichur</label>, <label type="Companies worked at">Kerala </label>-

<label type="Years of Experience">May 2017 to Present</label>

<label type="Designation">Sales Manager

Microsoft Power</label> -  <label type="Location">Trichur</label>, <label type="Companies worked at">Kerala </label>-

<label type="Years of Experience">May 2017 to Present</label>

2. Microsoft Office: <label type="Tech Tools">Microsoft Word</label>, <label type="Tech Tools">Microsoft Power point</label>, <label type="Tech Tools">Microsoft Excel</label>

EDUCATION

<label type="Degree">B.Com</label> in <label type="College Name">Computer Application

Madurai Kamaraj University</label> -  <label type="Location">Madurai, Tamil Nadu</label>

<label type="Graduation Year">2017</label>

SSLC

Kerala State Board

2012

SKILLS

<label type="Soft Skills">PROBLEM SOLVING</label> (Less than 1 year)

ADDITIONAL INFORMATION

SKILLS &amp;amp; ABILITIES:
• <label type="Soft Skills">Good Communication</label> Skill
• <label type="Soft Skills">Sincere</label>
• <label type="Soft Skills">Hard working</label>
• <label type="Soft Skills">Leadership</label> skill
• Pleasing personality
• <label type="Soft Skills">Problem solving</label> capability

https://www.indeed.com/r/stewart-goldner
</cv>
