<?xml version="1.0" encoding="UTF-8"?>
<cv>
<label type="Name">Willard Bergnaum</label>
<label type="Designation">CES ASSOCIATE CONSULTANT</label>

<label type="Location">Bangalore, Karnataka</label> - Email me on Indeed: <label type="Email Address">PKlocko@ji.io</label>

• <label type="Years of Experience">4 years</label> of experience in engineering <label type="Job Specific Skills">Technology software sales</label> and strategic sourcing in <label type="Job Specific Skills">B2B
platform</label>.
• Proven track record of generating increased revenue by involving in professional <label type="Job Specific Skills">sales
strategies</label>.
• Responsible for <label type="Job Specific Skills">software installation</label>, <label type="Job Specific Skills">network configuration</label>, application integration with
existing system and <label type="Job Specific Skills">Technical support</label>.
• Effectively work with cross functional teams to deliver right solutions to client's requirements.
• Complete involvement in client meetings with respect to requirement collection, suggesting
solutions and financial negotiations.
• Good experience in <label type="Job Specific Skills">account management</label>, having a track record of generating repeated
business.
• Responsible for report generation with respect qualified leads and expected commitments in
closing deals.
• Worked on a multiple market sector, responsibility to manage sector wise market analysis and
drive business parallely.

Willing to relocate: Anywhere

WORK EXPERIENCE

<label type="Designation">CES ASSOCIATE CONSULTANT</label>

<label type="Companies worked at">SAP ARIBA</label> -

<label type="Years of Experience">November 2016 to October 2017</label>

• Responsible for supplier management via <label type="Tech Tools">Ariba</label> Discovery Which is B2B consulting platform.
• Strategic sourcing of supplier corresponding to the buyer's products &amp; service based
commodities globally.
• Effectively <label type="Soft Skills">analyse</label> and conduct commodity <label type="Soft Skills">research</label> on project description from the buyer's
postings.
• Effective handling of multiple projects and converting potential leads into revenue for <label type="Tech Tools">Ariba</label>.
• Having track record of maintaining 100% revenue target by monthly &amp; quarterly.

<label type="Designation">SALES ENGINEER</label> - <label type="Companies worked at">CONCEPT TECHNOLOGY SOLUTION</label>

-

<label type="Years of Experience">January 2014 to November 2016</label>

• Effective selling of <label type="Tech Tools">CAD</label>, <label type="Tech Tools">CAM</label> &amp; Analysis Software's. Which has got multiple market sector.
• Generating qualified leads by sourcing market, sector wise &amp; implementing sales action plans.
• Giving presentation about the company, products &amp; service offers.
• Identifying the client requirements, Plan for proposing a solution by integrating with internal
technical team.
• Provide value addition to the prospect by involving my superiors with client management team.

https://www.indeed.com/r/willard-bergnaum


• Responsible to make negotiations and up closing the deals.
• Provide <label type="Job Specific Skills">technical support</label> after sales and maintain healthy relationship with the prospect.
• Responsible to achieve targets monthly, quarterly &amp; annually.

EDUCATION

<label type="Degree">MCA in COMPUTER APPLICATION</label>

<label type="College Name">Dayananda Sagar College of Engineering</label> -  <label type="Location">Bengaluru, Karnataka</label>

<label type="Degree">BACHELOR OF SCIENCE in Electronics</label>

<label type="College Name">Govt Science College</label> -  <label type="Location">Hassan, Karnataka</label>

SKILLS

<label type="Job Specific Skills">Lead genearation</label>, <label type="Job Specific Skills">Customer Handling</label>, cold calling, <label type="Soft Skills">Negotiation</label>, <label type="Job Specific Skills">upselling</label>, <label type="Job Specific Skills">IT sales</label>, outbound
calling, <label type="Job Specific Skills">Technical Support</label>, <label type="Job Specific Skills">sales forcasting</label>, <label type="Job Specific Skills">Software sale</label>, <label type="Job Specific Skills">product demonstration</label>, <label type="Soft Skills">cross selling</label>,
<label type="Soft Skills">Inside Sales</label>, <label type="Job Specific Skills">Technical sales</label>, <label type="Tech Tools">MS office</label>, <label type="Job Specific Skills">software integration</label>, <label type="Job Specific Skills">Network Management</label>

ADDITIONAL INFORMATION

• Excellent <label type="Soft Skills">Communication</label> both <label type="Soft Skills">verbal</label> &amp; <label type="Soft Skills">written</label> <label type="Tech Tools">MS-Office</label>
• <label type="Job Specific Skills">Sales Forecasting</label> <label type="Tech Tools">SAP Business Objective Tool</label>
• <label type="Job Specific Skills">Strategic Prospecting </label><label type="Tech Tools">Ariba</label> Network Admin Tool
• Product Knowledge <label type="Tech Tools">Ariba</label> B2B <label type="Job Specific Skills">Cloud Platform</label>
• <label type="Job Specific Skills">Social Networking</label>
• <label type="Soft Skills">Negotiation</label>
• <label type="Job Specific Skills">Customer Relationship Management</label>
• <label type="Job Specific Skills">Technical Support</label>
</cv>
