<?xml version="1.0" encoding="UTF-8"?>
<cv>
<label type="Name">Collin Crooks</label>
<label type="Location">New Delhi, Delhi</label> - Email me on Indeed: <label type="Email Address">Johnston.Laverne@heap.name</label>

WORK EXPERIENCE

<label type="Designation">Software Developer</label>

<label type="Companies worked at">ION Trading</label> -

<label type="Years of Experience">June 2016 to Present</label>

As part of ION Trading, I have been working as a <label type="Designation">core product developer</label> on a Repurchase
Agreements(REPO) Trading Solution, called Anvil 9 Trading Solution. Currently I am working on
<label type="Job Specific Skills">Order Management System</label>, which is a component/service that enable the traders to capture
orders from emails and chats. I have also worked on <label type="Tech Tools">Apache CoreNLP</label> to leverage its <label type="Job Specific Skills">Named
Entity Recognition</label> feature to extracting business keywords from a given text.

<label type="Designation">Intern</label>

<label type="Companies worked at">Microsoft</label> -  <label type="Location">Hyderabad, Telangana</label> -

<label type="Years of Experience">June 2015 to August 2015
</label>
I was part of the Microsoft Service Global Delivery Internship for two months in <label type="Location">Hyderabad</label>. On
my internship, I got an opportunity to develop a Windows 10 application.

EDUCATION

<label type="Degree">B.Tech(Computer Science)</label> in <label type="College Name">CSE

GGSIPU</label>

<label type="Graduation Year">2012 to 2016</label>

SKILLS

<label type="Tech Tools">C#</label> (Less than 1 year), <label type="Tech Tools">Java</label>, <label type="Tech Tools">OOPs</label>, <label type="Tech Tools">Guice</label>, <label type="Job Specific Skills">Microservice architecture</label>, <label type="Job Specific Skills">Software Development</label>,
<label type="Tech Tools">XAML</label>, <label type="Tech Tools">ATDD</label>, <label type="Tech Tools">SOLID</label>, <label type="Tech Tools">SOA</label>, <label type="Job Specific Skills">Scrum</label>, <label type="Tech Tools">Robot Framework</label>, TDD

ADDITIONAL INFORMATION

Skills: <label type="Tech Tools">JAVA</label>, <label type="Tech Tools">C#</label>, <label type="Tech Tools">WPF</label>, <label type="Tech Tools">XAML</label>, Robot Framework, <label type="Job Specific Skills">Scrum</label>, Guice, ATDD, SOA, Fixed Income, <label type="Tech Tools">CoreNLP</label>,
<label type="Tech Tools">SOLID</label>
programming, <label type="Job Specific Skills">OOPs</label>, <label type="Job Specific Skills">NLP</label>, <label type="Job Specific Skills">Microservice architecture</label>.

https://www.indeed.com/r/collin-crooks
</cv>
