<?xml version="1.0" encoding="UTF-8"?>
<cv>
<label type="Name">Tasha Denesik</label>
Self-employed in Family Business - SELF EMPLOYED

<label type="Location">Kullu, Himachal Pradesh</label> - Email me on Indeed: <label type="Email Address">OBrown@gmail.com</label>

• Currently pursuing my certifications in <label type="Degree">Digital Marketing</label>.
• 2 year's experience in managing, maintaining and assisting to run a camping site.
• Additional experience in event managing and emcee in Army Wife Welfare Association (NGO)
• <label type="Years of Experience">1-year</label> self-employed in <label type="Companies worked at">Kudi Firang</label>.
• <label type="Years of Experience">2 years</label> of work experience in <label type="Designation">Infrastructure Management and Support</label> in <label type="Companies worked at">TCS</label>.
• Worked as <label type="Designation">Soft skill trainer</label> in <label type="Companies worked at">TCS</label>.
• Worked as <label type="Designation">Operation Analyst</label> for <label type="Companies worked at">Microsoft Server management team</label>.
• Worked as <label type="Designation">Application Support engineer</label> for <label type="Companies worked at">PricewaterhouseCoopers</label>, <label type="Location">USA</label>.
• Worked as <label type="Designation">Technical Support</label> for <label type="Tech Tools">Microsoft Office</label>, <label type="Tech Tools">Outlook</label> and <label type="Tech Tools">PowerPoint</label>.

WORK EXPERIENCE

Self-employed in Family Business

SELF EMPLOYED -

<label type="Years of Experience">February 2015 to Present</label>

of tourist camping site. Managing, maintaining and assisting to run a camping site.
• Self-employed in <label type="Companies worked at">Kudi Firang</label> under self-proprietary. Designing Digital print art and getting it
printed for Handbags and Home Décor. Actively participated in exhibitions and Trade shows.

<label type="Designation">Systems Engineer</label>

<label type="Companies worked at">Microsoft Corporation</label> -  <label type="Location">Hyderabad, Telangana</label> -

<label type="Years of Experience">October 2012 to January 2015</label>

PROJECTS:
1. Microsoft Server Management

➢ Client: Microsoft Corporation.
• Role: Microsoft Server infrastructure remote management - Remotely logon to and manage the
Microsoft Corporation datacenter servers all over the world and configure/ deploy according to
the incident/change management request/ticket.
• Responsibilities: <label type="Job Specific Skills">Incident management</label> and <label type="Job Specific Skills">change management</label>, performing simple changes
and re-assigning incident tickets to on-site work, server rename, rebuild, configuration tasks,
datacenter server deployments and hardware procurement/replacement follow-ups.

2. PwC Application Support

➢ Client: PricewaterhouseCoopers.
• Role: <label type="Job Specific Skills">Incident management</label> and other applications for corporates and firms in USA.

https://www.indeed.com/r/tasha-denesik
https://www.indeed.com/r/tasha-denesik


• Responsibilities: Handling deployment of firm application upgrades and reporting of bugs and
errors to development team, SLA and quality report submission and training agents according
to new updates and best practices shared, attending team meetings for process development
and improvement, maintain existing and generate new operational support documentation,
communicating with 3rd party service providers for account activations, upgrades, password
resets and membership renewals, troubleshooting system software and hardware configuration
issues, log issue and user contact into customer database, translate end-user business needs
into working solutions.

EDUCATION

<label type="Degree">Bachelor of Engineering</label> in <label type="College Name">Digital Marketing

Nitte Meenakshi Institute of Technology</label> -  <label type="Location">Bengaluru, Karnataka</label>

SKILLS

<label type="Tech Tools">EXCHANGE</label> (Less than 1 year), <label type="Tech Tools">HTML</label> (Less than 1 year), KITCHEN (Less than 1 year), <label type="Tech Tools">LINUX</label>
(Less than 1 year), <label type="Tech Tools">VMWARE</label> (Less than 1 year)

GROUPS

AWWA

November 2015 to Present

ADDITIONAL INFORMATION

• <label type="Job Specific Skills">Photography and video editing</label> for Viny's Kitchen (VLOG on YouTube)
• Good <label type="Soft Skills">communication</label> skill and <label type="Soft Skills">Public Speaking</label> as Orator.
• Knowledge on <label type="Tech Tools">Windows Server</label> […] <label type="Tech Tools">Linux</label>, <label type="Tech Tools">Exchange server</label>, <label type="Tech Tools">VMware</label>, <label type="Tech Tools">HTML</label>.

PERSONAL DOSSIER

Name: <label type="Name">Tasha Denesik</label>Phone: […]
Email: <label type="Email Address">OBrown@gmail.com</label>
Husband's Name: Capt. Anuj Mahant

Permanent Address: HNO - 240, Gandhinagar,
Dhalpur, […]
</cv>
