<?xml version="1.0" encoding="UTF-8"?>
<cv>
<label type="Name">Brunilda Gerlach</label>
<label type="Designation">Voice and Accent Trainer</label> :Masters in journalism and communication with
<label type="Years of Experience">3 years experience</label>

<label type="Location">Faridabad, Haryana</label> - Email me on Indeed: <label type="Email Address">Inger48@ri.io</label>

To constantly learn, enhance my skills and capabilities to reach higher level of competence
and apply my knowledge and skill to the best of my ability in the interest of the organization.
Accomplishment counts, not the non-executed ideas. So I just constantly execute the ideas in
quest for the accomplishment.

WORK EXPERIENCE

<label type="Companies worked at">Sales Associate

Shuttl</label> -  <label type="Location">Faridabad, Haryana</label> -

<label type="Years of Experience">September 2017 to May 2018</label>

<label type="Designation">Query management and outbound sales</label>

<label type="Companies worked at">Associate

Sutherland</label> -  <label type="Location">Chennai, Tamil Nadu</label> -

<label type="Years of Experience">October 2016 to June 2017</label>

● <label type="Designation">Query Management</label>
● Outbound/Inbound Calling
● Collections
● Customs Documentation work

voice and accent trainer

teleperformance microsoft -  <label type="Location">Jaipur, Rajasthan</label> -

<label type="Years of Experience">October 2014 to February 2015</label>

Responsibilities
To <label type="Soft Skills">train</label> the students on there comm skills and cx handling skill

EDUCATION

<label type="Degree">masters in journalism and communication in mass comm</label> client servicing

amity -  <label type="Location">Noida, Uttar Pradesh</label>

<label type="Graduation Year">2011 to 2013</label>

https://www.indeed.com/r/brunilda-gerlach
</cv>
