<?xml version="1.0" encoding="UTF-8"?>
<cv>
<label type="Name">Ricardo Vince Romaguera</label> - Email me on Indeed: <label type="Email Address">Vincenzo.Prosacco@sfaw.com</label>

WORK EXPERIENCE

<label type="Designation">App develop</label>

<label type="Companies worked at">Microsoft </label>-

<label type="Years of Experience">August 2016 to Present</label>

EDUCATION

<label type="Degree">Electrical engineering</label>

<label type="College Name">VSSUT</label>,burla

SKILLS

<label type="Job Specific Skills">Application Development</label>, <label type="Job Specific Skills">Software Testing</label>

https://www.indeed.com/r/ricardo-vince-romaguera
</cv>
