<?xml version="1.0" encoding="UTF-8"?>
<cv>
<label type="Name">Bruno Borer</label>
<label type="Designation">Technical Project Manager</label>

<label type="Location">Hyderabad, Telangana</label> - Email me on Indeed: <label type="Email Address">Latashia48@hotmail.com</label>

To be associated with a dynamic team in a progressive organization that gives me the scope to
apply and enrich my knowledge and skills with continual learning and professional growth.

WORK EXPERIENCE

<label type="Designation">Technical Project Manager</label>

<label type="Companies worked at">DELL EMC</label> -

<label type="Years of Experience">August 2015 to May 2018</label>

Provide expertise to support the project team in the following areas:
* <label type="Job Specific Skills">Activity and resource planning</label>.
* <label type="Job Specific Skills">Analyzing and managing project risk</label>.
* Planning, organizing, and Leading the Project teams from the entire metrics standpoint.
* Scope &amp;amp; Charter Management.
* Handled the Account Level Audit (ERM, ITIL)
* <label type="Job Specific Skills">Estimations and cost management</label>.
* <label type="Job Specific Skills">Project Timeline planning and management</label>
* Procurement, <label type="Job Specific Skills">Software Asset management</label>, <label type="Job Specific Skills">Change management</label> and <label type="Job Specific Skills">Configuration
management</label>.
* Issue resolution and escalation
* Communications &amp;amp; status reporting
* Scheduling, attending and running all project meetings.
* Identify, track, and resolve/escalate project impediments, risk, issues, actions.
* Implementing Power <label type="Job Specific Skills">BI Business Analytics</label> tool to analyze data and share insights.
* Implemented <label type="Job Specific Skills">Six Sigma</label> project (DMAIC) for improving the CSAT Score overall.
* Implemented LEAN project for optimizing the resource management and the Average handling
time on the tickets/resolutions.

<label type="Designation">Technical Lead/Operations Manager</label>

<label type="Companies worked at">Microsoft </label>-

<label type="Years of Experience">July 2013 to July 2015</label>

* Managing 24x7 IT infrastructure services with the scope of Incident management, Security
patching and software deployment management services for Microsoft Outlook.com email
service and O365 cloud services with team size of 68 people.
* Transitioned and consolidated the Incident management, security patching and deployment
management work for optimizing the team by improving the productivity and reducing the cycle
time.
* Prepared technical architecture documents integrating all components of the project for better
troubleshooting.

https://www.indeed.com/r/bruno-borer


* Deploying builds &amp;amp; security patches as per Build calendar schedule and co-coordinating
the issues that arise during the build.
* Monitoring, Remote administration, maintenance of a Datacenter Servers comprising of
10,000+ Servers.
* Trouble shooting on HP storage Architecture in different SKU's with RAID concepts.
* Implementing disaster recovery procedures to ensure minimal downtime and data loss.
* Re-building Operating Systems on servers (2003, 2008, 2008 R2) that are in the Hotmail
Environment.
* Transitioned windows infrastructure support services involving the frontend, inbound, outbound
and storage infrastructure.
* Handled security patching, application deployment and incident management for Windows,
SQL and HP storage servers.
* Participate in Feature Specification and Release Reviews to ensure complete understanding of
the features being deployed.
* Created the knowledge base articles for the debugging of the software application for the benefit
of the Customer, Partner and the engineering team.

<label type="Designation">Senior Service Engineer</label>

<label type="Companies worked at">EMC </label>-

<label type="Years of Experience">January 2011 to June 2013</label>

* Experience in installing and maintaining Windows Server 2000/2003, 2008.
* Alert and resolve any performance issues and notify end-users and resolve any storage
shortages issues.
* Monitor and resolve any issues related to Usage, Performance, and availability on storage.
* Install and configure the EMC Disk tender (archiving) application as per the customer
requirements.
* Troubleshooting NAS, CAS and DAS Storage issues on the servers.
* Replicate the break-fix implementation in the test machines to test the functionality of the
break-fix and reproduce the same on the production server.
* Perform testing of the registry exports made from the Production environment and try and test
it on the Test environment to resolve issues.

<label type="Designation">Systems Engineer</label>

-

<label type="Years of Experience">December 2007 to December 2010</label>

* Designing and developing computer hardware and support peripherals, including central
processing units (CPUs), support logic, microprocessors, custom integrated circuits, printers, and
disk drives.
* Managing, monitoring and troubleshooting all installed systems and infrastructure.
* Installing, configuring, testing and maintaining operating systems application software and
system management tools.
* Ensuring the highest levels of systems and infrastructure availability.
* Handling Level-2 technical escalations Tickets/Calls.
* Performing Upgrades, Installation of Software and Drivers and essential software
troubleshooting.



* Assisting end users in deploying Updates, services packs and hot fixes using Windows Update,
Automatic Updates.
* Setting up Active Directory, creating user accounts and providing permissions as requested by
the network admin team.

EDUCATION

<label type="Degree">BSc</label>

<label type="College Name">Osmania University</label>

<label type="Graduation Year">2007
</label>
Board of Secondary Education -  <label type="Location">Hyderabad, Telangana</label>

<label type="Graduation Year">2004</label>

<label type="Degree">Diploma in Computer Application</label>

Mac infotech Center
</cv>
