<?xml version="1.0" encoding="UTF-8"?>
<cv>
<label type="Name">Winnie Tromp</label>
<label type="Designation">Arabic Language supporter (Content Analyst)</label>

<label type="Location">Karnataka, Karnataka</label> - Email me on Indeed: <label type="Email Address">Rickey42@hotmail.com</label>

• <label type="Years of Experience">7+ years of experience</label> in supporting ,specially <label type="Soft Skills">Arabic Language</label> content Arabization.
Good expertise in working at MNC. As Thomson Reuters for EMEA Project as giving
language support as a <label type="Designation">content analyst</label> for <label type="Job Specific Skills">financial Data</label>.
• <label type="Job Specific Skills">Language testing</label> in LG soft India as a <label type="Designation">language tester engineer</label>.
• The Arabic project of CRM for Microsoft project with language testing experience in
Wipro technologies.
• Arabic, Urdu, English and Mobile features testing in <label type="Companies worked at">L G Soft</label> <label type="Location">India Bangalore.</label>
• Present working at Al-wadi Int School as an <label type="Designation">Arabic/Islamic teacher</label>.

Willing to relocate: Anywhere

WORK EXPERIENCE

<label type="Designation">Arabic Language Trainer

Associated</label> -  <label type="Location">Bengaluru, Karnataka</label> -

<label type="Years of Experience">2010 to 2012</label>

and Arabization Jobs and
worked as in interpreter for several clients. Language CA for (Arabic) CRM project in Wipro
Technologies.

<label type="Designation">Arabic Linguist</label>

<label type="Location">Hyderabad, Telangana</label> -

<label type="Years of Experience">June 2010 to September 2010</label>

Team Size 30
<label type="Tech Tools">Windows Server 2008</label> R2, <label type="Tech Tools">MS Office 2010</label>, <label type="Tech Tools">Windows Vista</label>,
<label type="Tech Tools">Visual Studio 2008 SP1</label>, <label type="Tech Tools">Microsoft Exchange Server 2007</label>,
Environment Software Windows Server 2008 R2 Active Directory Server, Windows
Server 2008 R2 Hyper-V, Product Studio, UI And
functional automation testing frameworks.

Description:
Microsoft Dynamics CRM is CRM Software application that the businesses use to track and
manage the interactions with their customers - such as phone calls and emails. This project
involves
testing the <label type="Tech Tools">Microsoft Dynamics CRM</label> Version5 for around 16 languages for localization and
functional issues.

Roles and Responsibilities:
• Created the test cases for Microsoft Dynamics CRM modules
• Execution of the test cases and updating the results in the bug tracking and logging internal

https://www.indeed.com/r/winnie-tromp


tool "Product Studio"
• Creating automation test cases

<label type="Designation">Middle East language tester engineer</label>

-

<label type="Years of Experience">2006 to 2010
</label>
<label type="Designation">Test Engineer (Arabic language)</label>

<label type="Companies worked at">MICROSOFT INC</label> -

<label type="Years of Experience">June 2007 to October 2007</label>

Duration: <label type="Years of Experience">2007 June -Oct 2008</label>
Resume
Work Experience (Wipro Technologies) CRM project
Project Details
PROJECT#5 Microsoft Dynamics CRM
Client <label type="Companies worked at">MICROSOFT INC</label>.
Role <label type="Designation">Test Engineer (Arabic language)</label>
Testing Automated (UI &amp;amp; Functional) &amp;amp; Manual

EDUCATION

<label type="Degree">Master's</label>

SKILLS

ENGINEER (4 years), <label type="Job Specific Skills">TESTING</label> (Less than 1 year), <label type="Job Specific Skills">UI</label> (3 years), <label type="Job Specific Skills">USER INTERFACE</label> (Less than 1
year), ANALOG (Less than 1 year)

ADDITIONAL INFORMATION

Technical Skills: LG soft India (Bangalore)

Apart from teaching and training, I posses a good know how and have experience of working on
mobilization in the field of Telecommunication while I was working as a UI tester (Software Tester
Engineer Using with TD ) for Middle east Languages at LG Soft India.

PROJECT DETAILS

Platform: Analog Devices
Domain: GSM and GPRS
Defect Tracking Tool: Test Director (Mercury Quality Centre)
Test Tool: Genie (Target Testing &amp;amp; Signal Logs)

Description: The ADI model of LG Electronics is a color display model, Contains the features of
Telephony services, SMS, MMS, WAP, Java Application, Bluetooth and advanced multimedia
features like MP3, Camera, FM, Video Recording. This model supports PC Sync tool that is used to



connect Mobile Station with PC.

Resume
Responsibilities:

• Teaching students the language skills and interaction in the language of Arabic. Also
teaching and interacting with Arabs as a language translator.
• Interaction with Arab professionals during the tenure as a software tester in LG soft.
• Writing test cases for new features, and Updating of check lists.
• Involved in feature testing modules like Messages, Settings, and Browser.
• Reported bugs and execution in Test Director.
• Conduct Target Testing on Mobile Station (Call Flow, Roaming &amp;amp; Mobility Management,
Radio Resource stability and GPRS connection) using test Tool.
• Conduct IOT in different locations of India.
• Good knowledge command in the Middle East languages Arabic, Urdu &amp;amp; Farsi
</cv>
