<?xml version="1.0" encoding="UTF-8"?>
<cv>
<label type="Name">Clair Keeling</label>
<label type="Designation">Chief Coordinator</label> of <label type="Companies worked at">LEAR</label>

<label type="Location">Palghat, Kerala</label> - Email me on Indeed: <label type="Email Address">Bettyann41@gaal.net</label>

Education

WORK EXPERIENCE

<label type="Designation">Chief Coordinator</label> of <label type="Companies worked at">LEAR

Microsoft</label> -

<label type="Years of Experience">June 2011 to July 2013</label>

under Office <label type="Location">Kerala State</label> Board

Edius
tally

Proshow gold Key roles held
Photoshop

<label type="Designation">Chief Coordinator</label> of <label type="Companies worked at">LEAR</label>
It is a well equipped training team under the mentorship of JCI
International member and HR international Trainer Dr. Thomas K George,
Chairman of LEAD College of Management, Dhoni.

Get in Touch Key Organizer of Le Adventure, I LEAD and LEADing bands
These programs were conducted by LEAD College of Management.

<label type="Designation">Special Police Officer</label> during Panchayat elections

Microsoft -

June 2011 to July 2013

<label type="Email Address">Bettyann41@gaal.net</label>

EDUCATION

<label type="Degree">MBA in marketing-tourism</label>

<label type="College Name">Calicut University</label> -  <label type="Location">Calicut, Kerala</label>

2016 to <label type="Graduation Year">2018</label>

https://www.indeed.com/r/clair-keeling
</cv>
