<?xml version="1.0" encoding="UTF-8"?>
<cv>
<label type="Name">Berenice Thompson</label>
<label type="Location">Bengaluru, Karnataka</label> - Email me on Indeed: <label type="Email Address">Retta.Considine@yahoo.com</label>

Seeking new challenges, looking to join a progressive organization that has need and offer
opportunities for advancement. Seeking a position where I can serve with my utmost capabilities
and where I can give full play to my creativity to excel within and to grow with institute.

WORK EXPERIENCE

<label type="Designation">Front Office Executive</label>

<label type="Companies worked at">Microsoft iGTSC</label> -  <label type="Location">Bangalore Urban, Karnataka</label> -

<label type="Years of Experience">June 2016 to July 2017</label>

Having <label type="Years of Experience">11 months experience</label> with Microsoft as a FOE. I have worked for Microsoft as a FOE for
11 months <label type="Years of Experience">from May 2016 to July 2017</label>.

Achievements:

❖ Winner of inter school handwriting competition.
❖ Runner up in inter college solo singing Competition.
❖ Won Cricketer Of the year 2011
❖ Selected for Voice Of Bangalore

EDUCATION

<label type="Degree">B.COM</label>

<label type="College Name">JAIN COLLEGE

12TH

INDIAN ACADEMY PU COLLEGE

ARMY PUBLIC SCHOOL</label>

ADDITIONAL INFORMATION

Professional Skills:

❖ Ability to work with <label type="Soft Skills">team</label>.
❖ <label type="Soft Skills">Good communication</label> skills.
❖ Good <label type="Soft Skills">inter-personal skills</label>.
❖ <label type="Soft Skills">Positive Attitude</label>.
❖ Hard &amp;amp; Smart Working.
❖ Building <label type="Soft Skills">good relationship</label> with people.
❖ Ability to work under tough situation.
❖ <label type="Soft Skills">Self-Motivator</label>.

https://www.indeed.com/r/berenice-thompson


❖ <label type="Soft Skills">Quick learner</label>
</cv>
