<?xml version="1.0" encoding="UTF-8"?>
<cv>
<label type="Name">Tara Hahn</label>
<label type="Location">Hyderabad, Telangana</label> - Email me on Indeed: <label type="Email Address">Clark.White@mwaf.biz</label>

( 2 year Experience)
• Working currently with <label type="Companies worked at">Accenture services</label> <label type="Location">Pune</label> as a <label type="Designation">Software Test Engineer</label> with Client
Accenture on <label type="Companies worked at">British Telecom Open</label> reach Project, using <label type="Job Specific Skills">Agile Methodologies</label>.
• Experience in <label type="Job Specific Skills">automating provision journey</label> in <label type="Tech Tools">QTP (UFT)</label>
• Good understanding of the project with deep domain knowledge of Telecom with respect to
Provisioning and Assurance.
• Expertise in functional, CST, Integration and <label type="Job Specific Skills">E2E testing</label> on <label type="Job Specific Skills">CRM</label> application for the BT
Assurance journey with respect to different products.
• Expertise in understanding of the new requirements and developing test cases for new features
being implemented in the code base and executing them.
• Good in understanding of the change with involvement in regular solution design discussions,
technical changes discussions with Solution Designers and Stake holders accordingly.
• Proficient with the <label type="Job Specific Skills">SDLC</label>, <label type="Job Specific Skills">STLC</label> and <label type="Job Specific Skills">Defect life cycle</label>.
• Excellent <label type="Soft Skills">communication</label> skills with proficiency at grasping new technical concepts quickly and
utilize the same in a productive manner.
• Mentored new joiners on the Overall view of the project, Features and Functionality of Testing.

Willing to relocate: Anywhere

WORK EXPERIENCE

<label type="Designation">Software Engineer</label>

<label type="Companies worked at">Accenture</label> -  <label type="Location">Hyderabad, Telangana</label> -

<label type="Years of Experience">December 2015 to Present</label>

<label type="Companies worked at">BT Openreach</label> (British Telecom)

BT Openreach is responsible for looking after the local network (connection from your property
to local exchange) that makes the running of telecommunication services possible. BT helps to
provide lines for telephone connection. It has products like PSTN, Ethernet, NGA, and LLU. BT acts
as an intermediate between customer and connection provider.
BT Openreach is a software module which manages BT business right from the placement of the
order, managing appointments, monitoring status to order completion.

Role and Responsibilities:

• Performing a Sanity test on the application and working on stabilizing the test environment for
smooth testing activities everyday SOP.
• Assigning the task and updating the reports to management by collating the data of each
individual in the team.
• Testing the application with respect to CST, Integration, Functional, <label type="Job Specific Skills">E2E and Regression testing</label>.
• <label type="Job Specific Skills">Writing of Test Cases</label> and execution based on the inputs such as customer requirements/test
plan/test approach/ test techniques/ test strategies given based on the functionalities using Agile
Methodologies.

https://www.indeed.com/r/tara-hahn


• Execution of t<label type="Job Specific Skills">est cases</label> and <label type="Job Specific Skills">bug reporting</label> in <label type="Tech Tools">Quality center</label>
• Coordinated with developers to get the bugs reproduced and resolved
• Reviewing the release and build notes documents.

• Carry out regression testing every time when changes are made to the code to fix defects.
• Regular involvement in RCA calls for the defects raised on daily basis and attending Scrum calls
for updating the status of the stack present in a given timelines.

Liberty global international (LGI):

Presently working as a application support Engineer for LGI.

Roles and Responsibilities:

Daily monitoring servers heath check .
Solving the incident using tools like <label type="Tech Tools">nagious</label> , <label type="Tech Tools">splunk</label>,<label type="Tech Tools">graphana</label>.

Acheviments:
Received appreciation excuting high number of test cases with in the given time
Received appreciation from Client for finding show stopper defects.
Received appreciate for identifying P1 issue within the SLA

EDUCATION

<label type="Degree">BSc in Computer Science</label>

<label type="College Name">vasundhara womens</label>

<label type="Graduation Year">2015</label>

<label type="College Name">narayana jr.college</label>

<label type="Graduation Year">2012
</label>
SSC

pragathi high school

2010

SKILLS

<label type="Tech Tools">Black Box</label> (2 years), <label type="Job Specific Skills">Black Box Testing</label> (2 years), <label type="Job Specific Skills">Database</label> (Less than 1 year), <label type="Tech Tools">java</label> (Less than
1 year), <label type="Job Specific Skills">logging</label> (Less than 1 year), <label type="Tech Tools">SQL</label> (Less than 1 year), <label type="Tech Tools">Nagious</label> (Less than 1 year), <label type="Tech Tools">Splunk</label>
(Less than 1 year), <label type="Soft Skills">Manual Testing</label> (2 years), <label type="Soft Skills">SDLC&amp;STLC</label> (2 years)

ADDITIONAL INFORMATION

Operating Systems: <label type="Tech Tools">Windows</label>,
Languages: <label type="Tech Tools">Core java</label>
Test Management Tool: <label type="Tech Tools">HP Quality Center</label>, <label type="Tech Tools">HP ALM</label>



Database <label type="Tech Tools">mySQL</label>
Defect Management Tools: <label type="Tech Tools">AIT ( Accenture Intelligent Testing)</label>, <label type="Tech Tools">QC</label>

Professional Skills:

• Proficient in overall Manual testing concepts.
• Proficient in Functional <label type="Tech Tools">E2E Testing</label>, <label type="Job Specific Skills">Black Box Testing</label>, <label type="Job Specific Skills">Regression Testing</label>.
• Good at analyzing the requirements and preparing assessments for the new requirements.
• Expertise in Development of test cases for the new features being implemented using different
test design techniques. This included Analysis of the Feature Documents and developing a
strategy for testing the feature.
• Good in defect logging and tracking activities till the closure of a defect using tools <label type="Tech Tools">QC</label> and <label type="Tech Tools">AIT</label>.
</cv>
