<?xml version="1.0" encoding="UTF-8"?>
<cv>
<label type="Name">Cordelia Runolfsson</label>
<label type="Location">Telangana </label>- Email me on Indeed: <label type="Email Address">Dillon.West@yahoo.com</label>

WORK EXPERIENCE

<label type="Companies worked at">software

Microsoft,Infosis, Google</label> -

<label type="Years of Experience">May 2018 to Present</label>

<label type="Companies worked at">software

Microsoft,Infosis, Google</label> -

<label type="Years of Experience">May 2018 to Present</label>

EDUCATION

<label type="Degree">btech</label>

<label type="College Name">Trinity engineering college</label>

https://www.indeed.com/r/cordelia-runolfsson
</cv>
