<?xml version="1.0" encoding="UTF-8"?>
<cv>
<label type="Name">Nicol Hand</label>
<label type="Designation">A Dev-Test Professional</label> with <label type="Years of Experience">8+ Yrs of exp</label> looking for <label type="Designation">SDET Lead/SDET</label>/
<label type="Designation">Scrum Master</label>/<label type="Designation">Program Manager</label> roles.

<label type="Location">Chennai</label>, <label type="Location">Tamil Nadu</label>, <label type="Location">Tamil Nadu</label> - Email me on Indeed: <label type="Email Address">Lakin.Moshe@yahoo.com</label>

My long-term career objective is to lead programs that solves complex problems, responsible
for product delivery and building products that positively impacts millions of consumers and
enterprise users.

Willing to relocate: Anywhere

WORK EXPERIENCE

<label type="Designation">Consultant SDET</label>

<label type="Companies worked at">Microsoft </label>-

<label type="Years of Experience">June 2013 to Present</label>

<label type="Years of Experience">June 2013 - Present</label>)
Product Technologies: Cloud &amp;amp; <label type="Job Specific Skills">Mobile Migrations</label>, <label type="Job Specific Skills">DevOps</label> for <label type="Job Specific Skills">Test Strategies</label>,<label type="Tech Tools"> Visual Studio</label>,
<label type="Tech Tools">Azure</label>.
• Orchestrated projects as an Individual Contributor and Led teams across global engagements.
• Contributed to 60% of the software component automation in the projects. Streamlined process
and tools for Dev-Ops implementation that included training, metrics and reporting.
• Led Manual and Automated Test Management to elevate the quality of Mobile (x Platform),
<label type="Job Specific Skills">Cloud and IoT Applications</label>. Designed, Developed and Maintained automation coverage for <label type="Job Specific Skills">UI</label>
and API layer by handshaking <label type="Tech Tools">Visual Studio</label> with <label type="Job Specific Skills">Open Source frameworks</label>.
• Migrated millions of customers to <label type="Tech Tools">Azure Cloud</label> through FastTrack program. Developed Tools that
reduced manual efforts worth 40 hours for each process.

<label type="Designation">Programmer Analyst</label>

<label type="Companies worked at">Cognizant</label> -

<label type="Years of Experience">March 2010 to May 2013</label>

Built WCF services for iOS and Android Applications for a PoC which helped business to grab more
mobile projects.
• Delivered quality of products to customers with the stipulated time. Stand-ups, defect triage,
brown bag sessions, bug-bash and retrospectives. Owned and managed weekly quality report.
• Initiated transformation of web to mobile apps within project and assisted senior stakeholders
of the company in analyzing the opportunity.

Projects
IoT and Smart City Projects
• Formulated the use of VSO Dashboards for ease of status reporting which reduced manual
effort of an hour per day.

https://www.indeed.com/r/nicol-hand
https://www.indeed.com/r/nicol-hand


• Leveraged developer background to <label type="Job Specific Skills">automate UI and API</label> components through <label type="Tech Tools">C#</label>, Xamarin
UI in iOS and Android apps.
• Led process improvements that standardized operations that included on-boarding/reporting
and customer acceptance.

PubSec Projects - <label type="Location">Dubai</label>/<label type="Location">Columbia</label>/<label type="Location">New York</label>
• Coordinated between in-house and client teams and kept stakeholders informed of progress
and milestones.
• Supervised an avg. of 10-member software QA team in developing and implementing quality-
assurance and quality-control methodologies to ensure compliance with QA standards.
• Created tools that helped the development ecosystem by automating the long running manual
process.
• Brought a strong focus on "voice of the customer" into the software development function to
ensure product and customer success
Portfolio
MSDN Blog - https://blogs.msdn.microsoft.com/ganesh/
GitHub Repo- https://github.com/ganesh-alalasundaram/
Personal Website: http://www.ganeshalalasundaram.com

EDUCATION

<label type="College Name">Software Product Management

Product School</label> -  <label type="Location">New York, NY</label>

<label type="Degree">Bachelor of Computer Science</label> in <label type="College Name">Computer Science Engineering

Anna University</label>

SKILLS

<label type="Job Specific Skills">Automation</label>, <label type="Job Specific Skills">Testing</label>, <label type="Job Specific Skills">Mobile Testing</label>, <label type="Job Specific Skills">SDET</label>, <label type="Degree">Scrum Master</label>

CERTIFICATIONS/LICENSES

<label type="Degree">Certified ScrumMaster</label> (<label type="Degree">CSM</label>)

PUBLICATIONS

MSDN

https://blogs.msdn.microsoft.com/ganesh

GIT

https://github.com/ganesh-alalasundaram

https://blogs.msdn.microsoft.com/ganesh
https://github.com/ganesh-alalasundaram
</cv>
