<?xml version="1.0" encoding="UTF-8"?>
<cv>
<label type="Name">Domingo Hershel Langworth</label>
anymore job

<label type="Location">Serilingampalle, Andhra Pradesh</label> - Email me on Indeed: <label type="Email Address">Tracey64@yahoo.com</label>

Willing to relocate to: <label type="Location">Gachibowli, Telangana</label> - <label type="Location">hyderbad, Telangana</label>

WORK EXPERIENCE

<label type="Designation">security officer</label>

<label type="Companies worked at">Microsoft in G4S</label>

Communication and secure to the employees and no any other person's not allowed to the
company

<label type="Designation">Security Officer</label>

<label type="Companies worked at">Microsoft of G4S</label> -  <label type="Location">Hyderabad, Telangana</label> -

<label type="Years of Experience">April 2010 to May 2018</label>

salaries is limited

EDUCATION

<label type="Degree">Bsc(mpc) in Bachelor of science</label>

<label type="College Name">Acharya Nagarjuna University</label> -  <label type="Location">Hyderabad, Telangana</label>

<label type="Years of Experience">March 2006 to March 2009</label>

SKILLS

<label type="Soft Skills">Telugu</label> <label type="Soft Skills">Hindi</label> movie and <label type="Soft Skills">English</label>, cricket valiball

ADDITIONAL INFORMATION

computer and <label type="Soft Skills">firesafety</label>

https://www.indeed.com/r/domingo-hershel-langworth
https://www.indeed.com/r/domingo-hershel-langworth
</cv>
