<?xml version="1.0" encoding="UTF-8"?>
<cv>
<label type="Name">Otto Gaylord</label>
<label type="Designation">Operations Center Shift Manager (OCSM)</label>

- Email me on Indeed: <label type="Email Address">Lamar84@wl.co</label>

To work with an organization where I can contribute to the growth of the
organization through my skill &amp;amp; knowledge for mutual benefit and to
learn and excel in highly competitive environment

WORK EXPERIENCE

<label type="Designation">Operations Center Shift Manager (OCSM)</label>

<label type="Companies worked at">Microsoft India</label> -

<label type="Years of Experience">August 2012 to January 2016</label>

• Handling escalations, notifications, task organization, distribution of work, site status enquiries
• Monitoring the Incidents handled by the team in real time
• Supervising the reporting of Incidents to respective stake holders
• Ensuring proper workflow of Incident and major incident processes
are followed
• Escalate events that have a potential MS impacts to Security Analyst or as directed by the
Escalation Matrix
• Initiate problem tickets based on the recurring incidents identified
• Reviewing the problem records to ensure timely closure of issues
• Responsible for publishing monthly SLA reports
• Providing OJT, concurrent training
• Global news monitoring (Monitor Global activities on a continual
basis)
• Responsible for administrative duties like reviewing <label type="Job Specific Skills">performance
Metrics</label>, managing breaks/lunch (All stations), <label type="Job Specific Skills">Shift Changeover</label>
<label type="Job Specific Skills">Process and adherence</label>, <label type="Job Specific Skills">Policy Reviews and Updates</label>, <label type="Job Specific Skills">Supply and equipment requests</label>, OCSM
Pass-down Log, <label type="Job Specific Skills">Inventory Control</label>,
Employee Recognition Requests, <label type="Job Specific Skills">Disciplinary Actions</label>, <label type="Job Specific Skills">Annual
Evaluations</label>, Mentoring and Counselling
• Maintain and share updates on emergency procedures
• Develop and/or update all policies and procedures

<label type="Designation">Communication Supervisor</label>

<label type="Companies worked at">Microsoft India</label> -

<label type="Years of Experience">February 2011 to July 2012</label>

• Managing all incidents based on the priorities
• Publishing executive business notifications during outages
• Responsible for all email communications in GSOC Asia
• Global news monitoring
• Handling and initiating Major Incident conference calls and assisting the respective teams

https://www.indeed.com/r/otto-gaylord


• Initiating bridge calls for P1 &amp;amp; P2 Issues
• Providing overall analysis of incidents by performing root cause
analysis and quality checks
• Provide supervision to assigned staff
• Maintain an in-depth knowledge of emergency procedures, and adhere to same

<label type="Designation">Service Desk Analyst</label>

<label type="Companies worked at">SITEL</label> -

<label type="Years of Experience">September 2009 to January 2011</label>

• Provided technical support to end users
• Worked as part of escalation team to identify resolution and provide
inputs to improve/create KB articles
• Responsible for providing First Call Resolution
• Providing Technical assistance to customers based on the priorities
• Resolving Issues related to networking
• Assist in configuring LAN, Modular Routers and TCP/IP
• Troubleshooting Hardware and System performance issues
• Working with Users to identify and rectify the issues pertaining to
Internet and related services
• Worked with different Antivirus Softwares - Installation and troubleshooting
• Team SPOC for Quality and Compliance improvements

ADDITIONAL INFORMATION

SKILLS • Ability to <label type="Soft Skills">build teams</label> and <label type="Soft Skills">motivate</label> them towards team goals
• <label type="Soft Skills">Effective Communication</label> skills
• Able to handle and overcome objections
• Ability to work effectively in a team environment
• Ability to adapt to the changes in organization along with successful
implementation of the change in the system
</cv>
