<?xml version="1.0" encoding="UTF-8"?>
<cv>
<label type="Location">Bangalore Tavarekere</label>
<label type="Designation">Volunteer Contestant</label>, <label type="Companies worked at">Yappon</label>

<label type="Location">Bengaluru, Karnataka</label> - Email me on Indeed: <label type="Email Address">Christiane27@yahoo.com</label>

WORK EXPERIENCE

<label type="Designation">Volunteer Contestant</label>, <label type="Companies worked at">Yappon

Microsoft</label> -

<label type="Years of Experience">2017 to 2017</label>

<label type="Designation">Analyst Programmer</label>

<label type="Location">Tavarekere -  Bengaluru, Karnataka</label> -

<label type="Years of Experience">2015 to 2015</label>

560029

EDUCATION

<label type="Degree">B.Tech</label>

<label type="College Name">Christ University Faculty of Engineering</label> -  <label type="Location">Bengaluru, Karnataka</label>

<label type="Graduation Year">2018
</label>
Class XII

Delhi Public School -  <label type="Location">Kanpur, Uttar Pradesh</label>

2013

CBSE

Delhi Public School -  <label type="Location">Kanpur, Uttar Pradesh</label>

2011

https://www.indeed.com/r/
https://www.indeed.com/r/
</cv>
