<?xml version="1.0" encoding="UTF-8"?>
<cv>
<label type="Name">Bruno Dare</label>
- Email me on Indeed: <label type="Email Address">Parisian.Dino@hotmail.com</label>

WORK EXPERIENCE

<label type="Designation">JavaTally</label> <label type="Companies worked at">Microsoft </label>-

<label type="Years of Experience">2013 to 2015</label>

office

ADDITIONAL INFORMATION
I am a girl with simple living and high thinking .I need to work to prove myself. I am to be
independent I don't want to depend on someone.

EDUCATION

br day public school -  <label type="Location">Begusarai, Bihar</label>

https://www.indeed.com/r/bruno-dare
</cv>
