<?xml version="1.0" encoding="UTF-8"?>
<cv>
<label type="Name">Ronnie Johnathan Jaskolski</label>
<label type="Location">Kolkata, West Bengal</label> - Email me on Indeed: <label type="Email Address">Harrison.Dach@yahoo.com</label>

WORK EXPERIENCE

<label type="Designation">Senior Sales Executive

Nokia &amp; Microsoft mobile</label> -

<label type="Years of Experience">March 2005 to April 2016</label>

EDUCATION

<label type="Degree">B.com</label>

<label type="College Name">Surendranath college Barrackpore</label>

AWARDS

Best Promoter

https://www.indeed.com/r/ronnie-johnathan-jaskolski
https://www.indeed.com/r/ronnie-johnathan-jaskolski
</cv>
