<?xml version="1.0" encoding="UTF-8"?>
<cv>
<label type="Name">Trenton Breitenberg</label>
<label type="Designation">Software Test Automation Engineer</label>

<label type="Location">Hyderabad, Telangana</label> - Email me on Indeed: <label type="Email Address">Jordan54@ji.co</label>

• Over <label type="Years of Experience">3.6 years of experience</label> in IT industry <label type="Job Specific Skills">developing automation code</label> for various clients (<label type="Job Specific Skills">Web
and Mobile applications</label>)
• Extensive Work Experience in <label type="Job Specific Skills">test automation</label> using tools <label type="Tech Tools">Selenium Webdriver</label>, <label type="Tech Tools">Xamarin.UITest</label>
and <label type="Tech Tools">exposure</label> to all phases of <label type="Job Specific Skills">SDLC</label>.
• Involved in <label type="Job Specific Skills">development of automation framework</label> using <label type="Tech Tools">C#</label>.
• Experience in <label type="Job Specific Skills">Test management</label> tools like <label type="Tech Tools">Quality center</label>, <label type="Tech Tools">JIRA</label>, <label type="Tech Tools">VSTS</label>.
• Proficiency in <label type="Tech Tools">C#</label> programming with development of <label type="Job Specific Skills">Automation scripts</label>.
• Strong <label type="Job Specific Skills">Debugging skills</label> using <label type="Tech Tools">Visual Studio</label>.
• Involved in story grooming sessions, backlog prioritization and product road map discussions
• Experience in working closely with the product management team (Product owner, BA and UX)
for requirement discussion.
• Good experience in reviewing requirements and identify ambiguity in requirements.
• Preparing <label type="Job Specific Skills">test cases</label> for the system covering <label type="Job Specific Skills">User stories</label>, reviewing them with the developers
and finalizing the test cases.
• Strong experience in facilitating <label type="Job Specific Skills">UAT scenarios/sessions</label>. Provide sprint end product demo to
cross functional teams
• Support Project manager in generating test coverage reports, defect metrics.
• Good Work experience in <label type="Job Specific Skills">performance testing</label> using HP load runner (True client protocol)
• Basic knowledge in authoring user stories in BDD format.
• Basic knowledge in automating the applications using tool Protractor
• <label type="Soft Skills">Quick learner</label>, <label type="Soft Skills">Self-motivated</label> and <label type="Soft Skills">problem solving</label> skills.

Willing to relocate to: <label type="Location">Pune, Maharashtra</label> - <label type="Location">hyderbad, Telangana</label> - <label type="Location">Bangalore Urban, Karnataka</label>

WORK EXPERIENCE

<label type="Designation">Consultant

Neudesic</label> (Vendor @ Microsoft)

Working as <label type="Designation">Test Automation Engineer</label>.

<label type="Designation">Software Test Automation Engineer</label>

<label type="Companies worked at">EPAM </label>-

<label type="Years of Experience">December 2014 to October 2017</label>

Worked as <label type="Designation">Test Automation Engineer</label>.

EDUCATION

<label type="Degree">Bachelor (B Tech)</label> in <label type="College Name">Name of the Education Establishment

SR ENGINEERING COLLEGE (SREC)</label>

https://www.indeed.com/r/trenton-breitenberg


SKILLS

<label type="Tech Tools">C#</label> (Less than 1 year), <label type="Job Specific Skills">Database</label> (Less than 1 year), <label type="Tech Tools">Java</label> (Less than 1 year), <label type="Tech Tools">JIRA</label> (Less than 1
year), l<label type="Tech Tools">oad runner</label> (Less than 1 year)

ADDITIONAL INFORMATION

Key Skills:

• Programming Languages: <label type="Tech Tools">C#</label>, <label type="Tech Tools">Java</label>
• <label type="Job Specific Skills">Automation Testing</label>: <label type="Tech Tools">Selenium Webdriver</label>, <label type="Tech Tools">Xamarin.UITest</label>, <label type="Tech Tools">Protractor</label>, <label type="Tech Tools">Speflow</label>
• <label type="Job Specific Skills">Performance Testing</label>: <label type="Tech Tools">HP Load Runner</label> (True Client protocol)
• <label type="Job Specific Skills">Software Testing</label>: <label type="Job Specific Skills">Test Scripts</label>, <label type="Job Specific Skills">Test Case Design</label>, <label type="Job Specific Skills">Test Summary</label>
• Platform: <label type="Tech Tools">Windows</label>.
• <label type="Job Specific Skills">Database</label>: <label type="Tech Tools">SQL Server 2012</label>, <label type="Tech Tools">Oracle</label>
• Management tools: <label type="Tech Tools">JIRA</label>, <label type="Tech Tools">HP Quality center</label>; <label type="Tech Tools">vsts</label>.
</cv>
