<?xml version="1.0" encoding="UTF-8"?>
<cv>
<label type="Name">Ali D'Amore</label>
<label type="Designation">Functional Consultant</label> / <label type="Designation">WM Lead</label> - <label type="Companies worked at">SAP EWM</label>

<label type="Location">Bangalore, Karnataka</label> - Email me on Indeed: <label type="Email Address">Hayes.Lu@bas.net</label>

Willing to relocate: Anywhere

WORK EXPERIENCE

<label type="Designation">Functional Consultant</label> / <label type="Designation">WM Lead</label>

<label type="Companies worked at">SAP EWM</label> -

<label type="Years of Experience">December 2015 to Present</label>

<label type="Companies worked at">CATERPILLAR</label>]

<label type="Designation">SAP EWM WM Analyst</label>

<label type="Companies worked at">CATERPILLAR</label> -

<label type="Years of Experience">October 2013 to December 2015</label>

<label type="Companies worked at">Magna Info Tech</label>]
Project 1: Implementation &amp; Support of EWM
Project 2: Johannesburg Distribution Center - <label type="Designation">WM/SD/MM Support</label>
• Involved in <label type="Job Specific Skills">Business requirement</label> Gathering for setting up a new warehouse. Understanding
the AS-IS Business Process of the current distribution facility by Interacting with the Key business
users.
• Prepared Blue print of the new warehouse facility by understanding and Mapping the Business
Process to the SAP EWM module.
• Involved in configuration and maintenance of goods issue processes, Storage type search
strategies for Put away and picking based on the Business design for receiving and delivery
process.
• Configured the Stock Removal Control Indicators, Storage type sequences, Storage Section
Indicators, Bin Type Indicators and storage process steps.
• <label type="Soft Skills">Training</label> the users for carrying out their warehouse activities and using the warehouse monitor
to view outbound and inbound transaction results.
• Involved in WM RF screen developments and configurations.
• Identify and debug defects in BO report - 'TU Zero Weight' and Emergency Charge Waiving
issue and Worked on Partial Invoicing change.
• Worked on a CR to create unique pack with number for URG Orders, based on Dealer PO.
• Set up new storage types that were extended as a part of Rearrangement process in JDC
warehouse.
• Provide Post-Go Live Incident support and involved in both technical &amp; functional changes.
• Delivered 13 CRs <label type="Years of Experience">for the year 2015</label> and 6 CRs <label type="Years of Experience">till June 2016</label>.

<label type="Designation">WM Functional Consultant</label> / <label type="Designation">Visual PLM Consultant</label> / <label type="Designation">Lead Technical

SAP EWM</label> -

https://www.indeed.com/r/ali-d-amore


<label type="Years of Experience">February 2011 to October 2013</label>

Clientis S3G - India

Project 1: Implementation of Kair IT EWM / PLM
Project 2: <label type="Companies worked at">Bauer Hockey Corp</label> - WM Support
• Collaborated with Warehouse internal team members to understand the Business process in
inbound and outbound logistics in India and Dubai, Gap analysis and design &amp; finalization of
blueprints.
• Involved in configuration of ERP-EWM integration - ALE setting, ERP settings and EWM settings.
• Involved in configuration and maintenance of goods issue processes and participated in End
user training.
• Developed and configured Merchandise Plan, Timeline Management as per client needs.
• Integrated VPLM system with SAP R/3 system, mapped fields for use in Tech Pack report, BOM,
and Production Cost details.
• Prepared Functional / Technical specs and involved extensively in Unit Testing and Integration
Testing.
• Involved in Supporting WM module on both functional and technical issues.

Consultant / ABAP Consultant

SAP WM -

<label type="Years of Experience">October 2007 to February 2011</label>

<label type="Companies worked at">Voletix IT Solutions</label> - India

Project 1: Momentive Project Implementation - ABAP Support
Project 2: ECCI - WM Implementation
• Developed Smart Forms for Transfer Order and Pay slips.
• Updated VAT, Service Tax data via customization of Sales Order and Invoice <label type="Tech Tools">SAP</label> scripts.
• Created reports for validation of Bill of Material, and others outlining billing details in ALV format.
• Designed Smart Forms layout representing Invoices and Delivery Notes.
• Uploaded vendor and customer data through call transaction method.
• Configured the Storage Type Indicators, Bin Type Indicators, Bin structure and stock
determination sequence.
• Prepared Functional / Technical specifications and involved extensively in Unit Testing and
Integration Testing.
• Involved in Supporting WM module on both functional and technical issues.

EDUCATION

<label type="Degree">Master of Engineering</label> in <label type="College Name">Computer and Communication

Anna University</label>

<label type="Graduation Year">2005 to 2007</label>

<label type="Degree">Bachelor of Technology</label> in <label type="College Name">Information Technology

Anna University</label>



<label type="Graduation Year">2001 to 2005</label>

ADDITIONAL INFORMATION

Professional competencies
Business /<label type="Job Specific Skills">IT Consulting</label> <label type="Job Specific Skills">Configuration/ Support</label> <label type="Job Specific Skills">Requirements</label>/ Blue print /<label type="Job Specific Skills">Gap Analysis</label>
<label type="Job Specific Skills">Coding/Debugging</label> <label type="Job Specific Skills">Change Management</label> Functional/ Technical Spec Design

Computer skills

• <label type="Tech Tools">SAP</label> Knowledge: <label type="Tech Tools">SAP EWM</label>, <label type="Tech Tools">SAP WM</label>, <label type="Tech Tools">SAP SD</label>, <label type="Tech Tools">SAP MM</label>, <label type="Tech Tools">SAP AFS</label>, <label type="Tech Tools">SAP PP</label>, <label type="Tech Tools">SAP XI</label>
• Computing languages: <label type="Tech Tools">SQL</label>, <label type="Tech Tools">MS-Office</label>, <label type="Tech Tools">Open office</label>, <label type="Tech Tools">HTML</label>, <label type="Tech Tools">PHP</label>
</cv>
