<?xml version="1.0" encoding="UTF-8"?>
<cv>
<label type="Name">Rolando Gerlach</label>
<label type="Location">Kolkata, West Bengal</label> - Email me on Indeed: <label type="Email Address">Tawnya.Armstrong@ghac.org</label>

WORK EXPERIENCE

HVAC <label type="Designation">Technician</label>

<label type="Companies worked at">Infosys and microsoft</label> -

<label type="Years of Experience">November 2015 to Present</label>

<label type="Designation">HVAC Technician</label>

<label type="Companies worked at">Infosys and microsoft</label> -

<label type="Years of Experience">November 2015 to Present</label>

EDUCATION

<label type="Degree">Diploma</label> in <label type="College Name">Mrac

Gtti</label> -  <label type="Location">Kolkata, West Bengal</label>

SKILLS

<label type="Tech Tools">Hvac tech</label> (3 years)

AWARDS

best team leader of the year

February 2017

https://www.indeed.com/r/rolando-gerlach
</cv>
