<?xml version="1.0" encoding="UTF-8"?>
<cv>
<label type="Name">Bryan VonRueden</label>
<label type="Designation">Technical Support Executive</label> - <label type="Companies worked at">Teleperformance</label>

<label type="Location">Jaipur, Rajasthan</label> - Email me on Indeed: <label type="Email Address">Verline49@yahoo.com</label>

To seek an organisation where my skills find ample opportunities for up-gradation of my
knowledge and growth of my career and where I can prove myself.

WORK EXPERIENCE

<label type="Designation">Technical Support Executive</label>

<label type="Companies worked at">Teleperformance</label> -  <label type="Location">Jaipur, Rajasthan</label> -

<label type="Years of Experience">June 2017 to Present</label>

* Handling query related to Norton products
* Resolving query related to the <label type="Job Specific Skills">Operating system</label> (<label type="Tech Tools">Windwos XP/Vista/7/8/8.1/10</label>)

B2X Process

Nokia and Microsoft -

September 2016 to May 2017

handsets
* Resolving problems related to Microsoft account
* Awarded as best Nesting Executive of the month

EDUCATION

<label type="Degree">B. Tech</label>

<label type="College Name">Jaipur Engineering College and Research Center</label> -  <label type="Location">Jaipur, Rajasthan</label>

<label type="Graduation Year">2015</label>

<label type="Soft Skills">communication</label> and <label type="Soft Skills">presentation</label> skills

(WAC) in inter Air Force School football championship

2012

Air Force School Jammu -  Jammu, Jammu and Kashmir

Air Foce School Jammu -  Jammu, Jammu and Kashmir

https://www.indeed.com/r/bryan-vonrueden
</cv>
