<?xml version="1.0" encoding="UTF-8"?>
<cv>
<label type="Name">Rochelle Schuppe</label>
<label type="Location">chnadigarh</label> - Email me on Indeed: <label type="Email Address">Kandi.Thompson@hotmail.com</label>

WORK EXPERIENCE

online job in home

Microsoft and copy past -  <label type="Location">Chandigarh, Chandigarh</label> -

<label type="Years of Experience">August 2016 to July 2017</label>

i need a online job so that i can attend 
my regular college and i want to earn money that's it a part time online job so that i can do it
on my phone or laptop

EDUCATION

pass 12 in <label type="College Name">medical

chandigarh university</label> -  <label type="Location">Chandigarh, Chandigarh</label>

September 2016 to August <label type="Graduation Year">2019
</label>
SKILLS

<label type="Tech Tools">Microsoft office</label> and <label type="Tech Tools">java</label> (Less than 1 year)

ADDITIONAL INFORMATION

i want to earn money by my hard work or smart work p

https://www.indeed.com/r/rochelle-schuppe
</cv>
