<?xml version="1.0" encoding="UTF-8"?>
<cv>
<label type="Name">Blaine Howell</label>
<label type="Location">Kharadi, Pune, 411014</label>, IN - Email me on Indeed: <label type="Email Address">Von.Alma@kmat.info</label>

This application is Used to information of customer and agency and to
Check the reorder level of cylinder.
Title: "Gas Agency System"
Platform: <label type="Tech Tools">MS Access</label>

This application is used to store daily information of Cylinder,
Customer. Printing Customer information, Employee information,
Selling information and finding particular customer records etc.

WORK EXPERIENCE

DBA Client

<label type="Location">Pune, Maharashtra</label> -

<label type="Years of Experience">June 2006 to Present</label>

Experiance Summary:

➢ <label type="Job Specific Skills">Creation of tools</label> (using <label type="Tech Tools">Perl</label>), <label type="Tech Tools">shell scripting</label> and <label type="Tech Tools">PL-SQL</label> for testing the quality of Data as per
requirements. Creating reports / feedbacks.
➢ Able to create scripts for <label type="Job Specific Skills">automation</label>.
➢ Checking data fields contents by running shell scripts &amp;amp; <label type="Tech Tools">sql queries</label>
➢ Database management like, conversion and manipulation of AND's Global Road Data using
SQL and compiling them to AND's navigational road data.
➢ Developing <label type="Tech Tools">PL-SQL </label>models to fetch required data.
➢ Writing <label type="Job Specific Skills">shell script</label> for automation for support and system admin.

Project Name: Product Releasing Data 2018H2

Microsoft -

2007 to 2007

Testing of data is done by manually and customizing tools developed in Shell/Perl scripting.
We modify the Shell scripts as per requirements &amp;amp; to test the Drawing &amp;amp; Image with
modified scripts. The product is in Geographic data files (GDF) format this guides to the customer
when the customer needs data up to a certain level.
My Role:
• Performed <label type="Job Specific Skills">Black Box, Functional, Integration and Regression Testing</label> of application.
• Involved in <label type="Job Specific Skills">creation and execution of test cases</label>.
• <label type="Job Specific Skills">Reporting of bugs</label>.
Tools:
<label type="Tech Tools">Perl Scripts</label>, <label type="Tech Tools">Shell</label> Scripts, <label type="Tech Tools">Sql</label> query, <label type="Tech Tools">PL-SQL</label> and in-house tools on <label type="Tech Tools">Unix</label> <label type="Tech Tools">Sun</label> <label type="Tech Tools">Solaris</label>

https://www.indeed.com/r/blaine-howell
https://www.indeed.com/r/blaine-howell


SKILLS

<label type="Tech Tools">PERL</label> (10+ years), <label type="Job Specific Skills">SCRIPTING</label> (10+ years), <label type="Tech Tools">SQL</label> (10+ years), <label type="Job Specific Skills">DATABASE</label> (10+ years), <label type="Tech Tools">SHELL
SCRIPTING</label> (10+ years)

ADDITIONAL INFORMATION

Key Skills:

➢ Demonstrating responsibility and initiative with an emphasis on <label type="Soft Skills">Teamwork</label> &amp;amp; Co-
operation.
➢ Ability to work under high pressure while maintaining high standards of work.
➢ A highly consistent and pragmatic approach to problem solving.

Operating Systems: <label type="Tech Tools">Windows</label> (XP/2000), <label type="Tech Tools">UNIX</label> <label type="Tech Tools">Sun Solaris 9</label>. <label type="Tech Tools">Linux</label> (Red-hat-6)
Scripts: <label type="Tech Tools">Shell</label>, <label type="Tech Tools">Basic Perl </label>(<label type="Tech Tools">UNIX</label>, <label type="Tech Tools">Linux</label>)
Languages: <label type="Tech Tools">C</label>, <label type="Tech Tools">C++</label>, <label type="Tech Tools">VB 6.0</label>
Database: <label type="Tech Tools">Oracle</label>, <label type="Tech Tools">MySQL</label>, <label type="Tech Tools">Access</label>, <label type="Tech Tools">DB2</label>
Primary Skill: <label type="Tech Tools">Unix shell scripting</label>, <label type="Tech Tools">Sql</label>, <label type="Tech Tools">perl</label> (Intermediate Level), <label type="Tech Tools">Pl-sql
</label>Test tools: Basic Knowledge of <label type="Tech Tools">QTP</label>, <label type="Tech Tools">WIN RUNNER</label>, <label type="Tech Tools">Test Director</label>

Strengths:

• Professional <label type="Job Specific Skills">Programming</label> Skill and experience.
• Expert in working with various operating systems.
• Exceptional Technical Skill.
• Highly skilled in <label type="Soft Skills">customer service</label>.
• Good deliver output in less time without losing efficiency.
• Excellent <label type="Soft Skills">Communication</label> Skill.
• Proven strength in <label type="Soft Skills">problem solving</label>, <label type="Soft Skills">coordination</label> and <label type="Soft Skills">analysis</label>.
</cv>
