<?xml version="1.0" encoding="UTF-8"?>
<cv>
<label type="Name">Juan Carita Huels</label>
<label type="Designation">Program Manager</label>, <label type="Designation">Product Manager</label>, <label type="Designation">Product Owner</label>, <label type="Job Specific Skills">BI /
Datawarehouse</label>, <label type="Job Specific Skills">Big Data</label>, <label type="Tech Tools">Azure</label>, <label type="Job Specific Skills">Agile methodologies</label>, <label type="Job Specific Skills">Product Backlog</label>

Secunderabad, <label type="Location">Andhra Pradesh</label> - Email me on Indeed: <label type="Email Address">Marquetta54@cwan.name</label>

Willing to relocate: Anywhere

WORK EXPERIENCE

<label type="Designation">Sr. Program Manager</label> / <label type="Designation">Product Owner</label>, <label type="Designation">Architect</label>, <label type="Designation">Consultant</label>

<label type="Companies worked at">Microsoft</label> <label type="Location">India -  Hyderabad, Telangana</label> -

<label type="Years of Experience">February 2005 to Present</label>

• <label type="Years of Experience">15+ years of experience</label> in the IT &amp;amp; Services Industry in multiple roles as <label type="Designation">DevOps Architect</label>,
<label type="Designation">Program Manager</label> / <label type="Designation">Product Owner</label>, <label type="Designation">Architect</label>, <label type="Designation">Consultant</label>.
• Successfully delivered engagements in the US, UK, LATAM, Asia Pacific and Middle East Regions.

• Key specialization in building analytical platform, <label type="Job Specific Skills">Datawarehouse</label> and <label type="Job Specific Skills">Business Intelligence
solutions</label>. Have delivered <label type="Tech Tools">.Net</label>, <label type="Tech Tools">MVC</label>, <label type="Tech Tools">API</label> solutions to different customers.
• Experience on <label type="Job Specific Skills">Program Management</label>, <label type="Job Specific Skills">Product Management</label>, <label type="Job Specific Skills">DevOps</label> practices, <label type="Job Specific Skills">Quality
Assurance</label>, <label type="Job Specific Skills">Continuous Quality</label>, <label type="Job Specific Skills">Process setup &amp;amp; implementation</label>, <label type="Job Specific Skills">Presales</label>.
• Customer solutions delivered using <label type="Job Specific Skills">Agile methodology</label>, <label type="Job Specific Skills">Iterative development</label>, <label type="Job Specific Skills">Test Driven
Development (TDD)</label>.

EDUCATION

<label type="Degree">PGDBM</label> in <label type="College Name">Business Management

Narsee Monji</label> -  <label type="Location">Hyderabad, Telangana</label>

SKILLS

<label type="Job Specific Skills">Datawarehouse</label> / <label type="Job Specific Skills">Business Intelligence</label> (10+ years), <label type="Job Specific Skills">Agile Methodologies</label> (6 years), <label type="Job Specific Skills">Program
Management</label> (2 years), <label type="Job Specific Skills">Agile</label> (10+ years), <label type="Job Specific Skills">Product Roadmap</label> (2 years), <label type="Job Specific Skills">Stakeholder
Management</label> (10+ years), <label type="Job Specific Skills">Risk Management</label> (10+ years)

LINKS

https://www.linkedin.com/in/juan-carita-huels

AWARDS

Microsoft Technology Guru

February 2012

https://www.indeed.com/r/juan-carita-huels
https://www.indeed.com/r/juan-carita-huels
https://www.linkedin.com/in/juan-carita-huels


Microsoft Role Model

February 2007

CERTIFICATIONS/LICENSES

ISTQB

ITIL

CITA

January 2016 to Present

Product Owner

CSM
</cv>
