<?xml version="1.0" encoding="UTF-8"?>
<cv>
<label type="Name">Izola Stracke</label>
<label type="Location">Bengaluru, Karnataka</label> - Email me on Indeed: <label type="Email Address">cAufderhar@mg.com</label>

Willing to relocate: Anywhere

WORK EXPERIENCE

<label type="Designation">Developer Support Engineer</label>

<label type="Companies worked at">Microsoft iGTSC</label> -  <label type="Location">Bangalore Urban, Karnataka</label> -

<label type="Years of Experience">August 2007 to Present</label>

EDUCATION

<label type="Degree">Certificate of Achievement</label>

<label type="College Name">Microsoft Virtual Academy</label>

<label type="Graduation Year">December 2016</label>

SKILLS

<label type="Tech Tools">C</label>, <label type="Tech Tools">C++</label>, <label type="Tech Tools">Data Structure</label>, <label type="Tech Tools">Java</label> (1 year)

ADDITIONAL INFORMATION

➢ <label type="Soft Skills">Managerial Skills</label>: Organizer and volunteer at many inter and intra college events, symposia
etc. in
college.
➢ Co-curricular: -
1. Selected by College (TISL) to train the first-year engineering students under the Finishing
School
Program (January 2017)
2. District level soccer and cricket player.
3. Honored at State Level Singing competition; Performed in college.

➢ <label type="Soft Skills">Leadership</label> Skills: <label type="Soft Skills">Effective leadership</label>; associated with many student led organizations;
Student leader
for Oxygen, A movement for and by Students (2007 &amp;amp; 2009)

DECLARATION

The abovementioned is true to the best of my knowledge, information and personal belief.
Place: Bangalore.

https://www.indeed.com/r/izola-stracke
https://www.indeed.com/r/izola-stracke
</cv>
