<?xml version="1.0" encoding="UTF-8"?>
<cv>
<label type="Name">Phillip Wisozk</label> <label type="Location">Mohapatra</label>
Need job urgently

<label type="Location">Bhubaneswar, Orissa</label> - Email me on Indeed: <label type="Email Address">WBeer@smat.info</label>

WORK EXPERIENCE

<label type="Designation">Beta Tester</label>

<label type="Companies worked at">Microsoft &amp; Xiaomi</label> -

<label type="Years of Experience">January 2018 to Present</label>

I am a <label type="Designation">beta tester</label>

EDUCATION

Still Studying

Bhagabati Nodal High School,Sarakana

SKILLS

<label type="Soft Skills">Typewriting</label>, Editing

LINKS

https://plus.google.com/u/0/1236345078901236456789

https://www.indeed.com/r/phillip-wisozk
https://www.indeed.com/r/phillip-wisozk
https://plus.google.com/u/0/1236345078901236456789
</cv>
