<?xml version="1.0" encoding="UTF-8"?>
<cv>
<label type="Name">Shaun Stephan Fritsch</label>
<label type="Location">Cuddapah, Andhra Pradesh</label> - Email me on Indeed: <label type="Email Address">Nienow.Allan@yahoo.com</label>

Willing to relocate to: <label type="Location">Cuddapah, Andhra Pradesh</label> - <label type="Location">Vijayawada, Andhra Pradesh</label> - <label type="Location">Visakhapatnam,
Andhra Pradesh</label>

WORK EXPERIENCE

<label type="Tech Tools">ms office

Microsof</label>t -  <label type="Location">Cuddapah, Andhra Pradesh</label> -

<label type="Years of Experience">May 2018 to Present</label>

EDUCATION

<label type="Degree">BSc</label>,<label type="Degree">Mecs</label>,2nd year completed in <label type="College Name">Computer science

ards collage</label> <label type="Location">kadapa -  Cuddapah, Andhra Pradesh</label>

<label type="Graduation Year">May 2018 to June 2019</label>

SKILLS

<label type="Tech Tools">ms office</label>, internet,<label type="Tech Tools">java</label> (Less than 1 year)

CERTIFICATIONS/LICENSES

<label type="Degree">Degree,BSc(MECs)</label> 2nd year

<label type="Graduation Year">May 2018 to Present</label>

ADDITIONAL INFORMATION

3-101 KC Narayana Street,new madavaram(v),Vontimitta(M),Kadapa(D)

https://www.indeed.com/r/shaun-stephan-fritsch
https://www.indeed.com/r/shaun-stephan-fritsch
</cv>
