<?xml version="1.0" encoding="UTF-8"?>
<cv>
<label type="Name">Lindsay Wunsch</label>
<label type="Location">Patna City, Bihar</label> - Email me on Indeed: <label type="Email Address">tDoyle@bb.co</label>

WORK EXPERIENCE

<label type="Designation">Data Entry Operator</label>

<label type="Companies worked at">Microsoft</label> -  <label type="Location">Patna, Bihar</label>

EDUCATION

<label type="Degree">BSc in Math</label>

<label type="College Name">Magadh univercity</label> -  <label type="Location">Patna, Bihar</label>

<label type="Graduation Year">July 1999 to April 2001</label>

<label type="Degree">BSc in Computer</label>

<label type="College Name">Magadh univercity</label> -  <label type="Location">Patna City, Bihar</label>

https://www.indeed.com/r/lindsay-wunsch
</cv>
