<?xml version="1.0" encoding="UTF-8"?>
<cv>
<label type="Name">Santo Windler</label>
Working as <label type="Designation">Escalation Engineer</label> with <label type="Companies worked at">Microsoft</label>.

<label type="Location">Pune, Maharashtra</label> - Email me on Indeed: <label type="Email Address">Vernice33@gmail.com</label>

• Working in <label type="Companies worked at">Microsoft</label> - EPS (SCS-MON) at <label type="Companies worked at">Convergys India Private Ltd.</label>, <label type="Location">Pune </label><label type="Years of Experience">from 5th October,
2015 till date</label>.
• Currently working as an <label type="Designation">Escalation Engineer</label> with SCS-MON team.
• Done <label type="Degree">B.E</label>. from <label type="College Name">Padmshree Dr. D.Y.Patil Institute of Engineering and Technology</label>, <label type="Location">Pimpri</label>, <label type="College Name">Pune
University</label>.

Willing to relocate to: <label type="Location">Pune, Maharashtra - hyderbad</label>, <label type="Location">Telangana - Bangalore</label>, <label type="Location">Karnataka</label>

WORK EXPERIENCE

<label type="Designation">Escalation Engineer</label>

<label type="Companies worked at">Microsoft
</label>
Working on escalated issues with System Centre Operations Manager, Service Manager and
Orchestrator. Have trained batches for the same. Supported junior Engineers in resolving tough
issues.

Have worked as a Support Engineer

<label type="Companies worked at">Microsoft</label> -  <label type="Location">Pune, Maharashtra</label> -

<label type="Years of Experience">October 2015 to April 2017

since May 2017</label> as a <label type="Designation">Subject Matter Expert</label> <label type="Years of Experience">to Jan 2018</label> and as <label type="Designation">Escalation Engineer</label> <label type="Years of Experience">since Feb
2018</label> at <label type="Companies worked at">Convergys India Pvt. Ltd</label>. Pune for <label type="Companies worked at">MICROSOFT Enterprise Support Team (SCS-MON)</label>

Roles and responsibilities: -
• Working in Microsoft Commercial Technical Support SCS-MON Team providing advanced
technical support by handling escalated or complex customer issues.
• Identify, investigate, research and provide resolution on Customer queries and problems related
to System Center Products.
• Provide subject matter expertise in area of assignment and serve as a resource to other support
personnel. Maintain high level of customer satisfaction always with an eye on productivity.
• Maintain a high level of technical product knowledge in the specified software/hardware
products and become knowledgeable in new products when deployed.
• Have supported SCOM, SCSM and Orchestrator platform for Microsoft customers.
• My work includes helping the Engineers with Technical issues on System Center platform
support.

Core Competencies: -
<label type="Tech Tools">System Center Operations Manager</label>:
• <label type="Job Specific Skills">Installation</label>, <label type="Job Specific Skills">deployment</label> and <label type="Job Specific Skills">troubleshooting</label> of System Center Operations Manager
• Cross-domain and Cross platform monitoring.
• <label type="Job Specific Skills">Network devices</label> and <label type="Job Specific Skills">Web Application monitoring</label>

https://www.indeed.com/r/santo-windler


• Custom reports / Issue with blank reports
• <label type="Job Specific Skills">Network Devices monitoring</label>
• Integrating and monitoring other System Center Products such as SCCM, SCDPM, SCVMM etc.
with SCOM
• Notifications

System Center Orchestrator:
• Installation, deployment and troubleshooting of System Center Orchestrator
• Deployment of various Microsoft and Non-Microsoft Integration Packs
• Integration of <label type="Tech Tools">SCSM-Orchestrator</label>
• Creating and Deploying <label type="Tech Tools">Runbooks</label>
• Troubleshooting Runbook Server Performance Issues

System Center Service Manager:
• Installation, deployment and troubleshooting of <label type="Tech Tools">System Center Service Manager</label>
• Configuring Connectors
• Notifications
• Portal deployment (<label type="Tech Tools">SharePoint</label> and <label type="Tech Tools">HTML5</label>)
• <label type="Job Specific Skills">Troubleshooting workflows</label>
• Troubleshooting Data-warehouse Jobs issues

EDUCATION

<label type="Degree">B.E</label>.

<label type="College Name">Pune University</label>

SKILLS

<label type="Job Specific Skills">OPERATIONS MANAGER</label> (1 year), <label type="Tech Tools">SCOM</label> (1 year), <label type="Tech Tools">SYSTEM CENTER OPERATIONS MANAGER</label> (1
year), <label type="Tech Tools">Orchestrator</label> SCSM

ADDITIONAL INFORMATION

TECHNICAL SKILLS

Operating systems
• <label type="Tech Tools">Microsoft Windows Server 2012</label> (R2) /2008 (R2) /2003 (R2)
• <label type="Tech Tools">Microsoft Windows</label> Win8.1/Win8/Win7/Vista/XP
• <label type="Tech Tools">Linux</label> - Various Flavors and Distributions (Red Hat/Fedora /CentOS/Debian)

Server Applications
• <label type="Tech Tools">Microsoft System Center Operations Manager (SCOM)</label> 2016 /2012 […] R2
• Microsoft System Center Service Manager (SCSM) 2016 /2012 R2/2012
• Microsoft System Center Orchestrator 2016 /2012 R2/2012
• <label type="Tech Tools">Microsoft SQL</label> […] R2

Virtual Appliances
• <label type="Tech Tools">Microsoft Hyper-V</label>



• <label type="Tech Tools">VMware Workstation</label> / <label type="Tech Tools">VirtualBox</label>

Other Applications
• <label type="Tech Tools">Microsoft Office</label> […]
• Trained and worked on <label type="Tech Tools">Forefront Identity Manager</label>, <label type="Tech Tools">Microsoft Identity Manager</label>, Forefront Threat
Management Gateway and Unified Access Gateway for Windows security.
• Good knowledge of basic <label type="Job Specific Skills">Networking concepts</label>
• Good knowledge of basics of <label type="Job Specific Skills">Microsoft Active Directory</label>
• Basic Knowledge of Windows Failover Clusters, <label type="Tech Tools">Microsoft Exchange</label> and <label type="Tech Tools">IIS</label>.
</cv>
