<?xml version="1.0" encoding="UTF-8"?>
<cv>
<label type="Name">Molly Bartoletti</label>
<label type="Name">Molly Bartoletti</label>

<label type="Location">Noida, Uttar Pradesh</label> - Email me on Indeed: <label type="Email Address">Paucek.Lionel@gmail.com</label>

Willing to relocate to: <label type="Location">Noida, Uttar Pradesh</label>

WORK EXPERIENCE

<label type="Designation">teachers

microsoft</label> -  <label type="Location">Noida, Uttar Pradesh</label> -

<label type="Years of Experience">April 2017 to Present</label>

EDUCATION

<label type="Degree">b.tech</label> in <label type="College Name">computer science

sunder deep group of institution</label> -  <label type="Location">Noida, Uttar Pradesh</label>

CERTIFICATIONS/LICENSES

<label type="Degree">Android Application Development</label>

https://www.indeed.com/r/molly-bartoletti
https://www.indeed.com/r/molly-bartoletti
</cv>
