<?xml version="1.0" encoding="UTF-8"?>
<cv>
"Curriculum Vitae  Personal Details  \xef\x82\xa7  \xef\x82\xa7  \xef\x82\xa7  \xef\x82\xa7    \xef\x82\xa7  \xef\x82\xa7  \xef\x82\xa7  \xef\x82\xa7  \xef\x82\xa7    Name: <label type="Name">Demarcus Eleni Ledner</label>  Nationality: Palestinian  Date of Birth: November, 7th, 1991  Marital Status: Single  Address: Apt A-10-06, Regalia residence, Jalan Sultan Ismail st, <label type="Location">KL, Malaysia</label>.    Postal Code: 500400  Mobile: +123134537890  Email: <label type="Email Address">Bernhard.Eliz@hotmail.com</label>  Skype: nael.khader91    Academic Qualifications  \xef\x82\xa7    <label type="Graduation Year">Oct. 2009 - Jan. 2014</label>    <label type="Degree">Bachelor of English Language and Literature</label> with average of 80.66% ( GPA  3.00, Grade B ) from Faculty of Arts and Human Studies- <label type="College Name">Al Azhar  University of Gaza</label>    \xef\x82\xa7    Sep. 2008 - July, 2009    High school diploma from Abo Obayda Ben Al Jarah high school with  average of 85.7- scientific section studies.    Work experience        <label type="Designation">Film subtitler</label> and <label type="Designation">sync editor</label> for <label type="Companies worked at">The VICE News</label> (<label type="Years of Experience">Mar. to Apr.</label>)  <label type="Designation">Marketing content creator</label> at <label type="Companies worked at">ExaServe</label>  Role: Digital marketing through creative writing  Responsibility: Writing creative content for a variety of products such as  ONLINE SHOPPING services (web &amp; mobile), Delivery service, Cloud Real  Estate management system, and a highly technical product- cloud orchestration  system. I wrote the content from scratch, which required knowledge in the various  fields and long hours of search and data gathering. The content I create is  supposed to fit with SEO and appeal to the market needs in order to attain leads  and scale up.        <label type="Designation">Freelance translator</label> for <label type="Companies worked at">Hrakat TV</label> (<label type="Location">Saudi Arabia</label>)- <label type="Job Specific Skills">infographic editing</label> and  translation, and <label type="Job Specific Skills">video editing</label> and <label type="Job Specific Skills">subtitling</label> (in the subject of entrepreneurship).  Responsibility: I have been chosen to select a FULL material on  entrepreneurship from A-Z covering all subjects needed for students to build up  their careers. Then translation this material from <label type="Soft Skills">English</label> to <label type="Soft Skills">Arabic</label>.  Subjects covered: General info about <label type="Job Specific Skills">entrepreneurship</label> (tips and guidelines),  Starting a business (market research, startup rules, etc), Funding your business  (fund rounds, funding strategies, crowdfunding, bootstrapping, pitching, etc),  being employee before running a startup (how to gain experience), Role models,    Business plans (detailed methods), Women and Entrepreneurship, Growing your  business (creating an online business from market study to project success, means  of growing business, Google for entrepreneurs, <label type="Job Specific Skills">UX</label>, <label type="Job Specific Skills">UI</label>, <label type="Tech Tools">Google AdWords</label>, <label type="Soft Skills">team  building</label>, <label type="Job Specific Skills">marketing</label>, <label type="Job Specific Skills">affiliate marketing</label>, etc), Social media and entrepreneurship  (how to leverage social media to create a successful business, <label type="Tech Tools">Facebook</label>, <label type="Tech Tools">Twitter</label>,  <label type="Tech Tools">Linkedin</label>\xe2\x80\xa6. Strategies, etc). I am actually a social media trainer.  Work skills: I used Adobe Illustrator and Foxit PDF Business for infographics and  subtitle workshop for video subtitling.      Proofreader and facilitator for (The National Shipping Company of Saudi ArabiaBahri- prospectus) Ar&gt;Eng translation project (100,000 words). I have made a  tutorial for the group of translators on how to use Crowdin (online CAT tool)  Click to view the video (I used Camtasia studio).        Trainer for \xe2\x80\x9cFreelance translation and the use of CAT tools\xe2\x80\x9d at ACG (American  Corener-Gaza) in Al Azhar University-Gaza, from 29/6  20/7/2014 of 48 training  hours, Funded by American consulate in Jerusalem (I have written the proposal  and they welcomed the idea since it provides a real value for the English students  to start their life of career.  Responsibility: I have been the trainer and coach for the selected by the  University English students and their coach even after the time set is met. I also  formed a team from the best trainees and provide them with jobs.  Subjects covered: How to create a professional CV, Cover Letter, freelance  career from A-Z, freelancer.com hacks and ways to build a portfolio, introduction  to CAT tools, MemoQ training, and client communication.        Established my own startup \xe2\x80\x9cBridges Institute for languages and Development\xe2\x80\x9d  1/1/2014. The startup was funded by an Angel Investor.  Responsibility: Director, project manager, website creator, content manager, and  community manager.        Translation project manager since 2012.        Freelance translator at Freelancer.com, Proz.com, translatorscafe.com, and  translationdirectory.com for 3 years in most translation fields.  A member of Freelancer.com translation team (Translation of the website from  English to Arabic)  A Founding member of the Social Media Club- Palestine 2014. (held many  training courses there including Branding, Twitter for marketing, data mining,  social media security).          As a trainer      Translation instructor at Oxford English Center- Palestine since 2012.                            Trainer in Google Drive for team work at the PICD.  Trainer in LinkedIn for journalists course at Al Lahidan society- Jabalia.    Trainer in YouTube strategies for film directors at Frame Group- Gaza (ref: Sally  Musllam- 1239456789)  Trainer in Google service and the use of social media for multi major activists at  4Shabab organization.  Trained at International House in social media and blogging for journalistic  purposes. (08-2823564)  Trainer of ""The role of social media in fighting corruption"" organized by the  PICD, sponsored by AMAN-Coalition for Integrity and Accountability within the  project of "" I\'m a blogger, I\'m against corruption""  At: Hanan society for social development, Al Moltaqa for change and  development, Ghassan Kanafany institution, Al Moltaqa in association with  Ro\'ya assembly, and Afaq Jadeda society.  Trained journalists at Al Aqsa university in the role of social media in fighting  corruption, sponsored by the PICD ( 2/1/2013)  I have trained journalists at the PICD in The Role of Social Media in Promoting  Values of Impartiality, Transparency, and Anti-corruption 14 hrs of training, in  addition to 3 hrs in Blogging.    Translation work projects (inter alia)  All projects are done online as freelance jobs for different clients (proved)                  Commercial transactions and Business for Derby co.  Legal, court, governmental, and formal translation for BlueNile translation  company  Visa, passport, university certificates, and Power of Attorney for Derby co.  Email translation (Business and Bank transactions, pension, insurance, and  investment)  Employee Code of Conduct (CoC) for DuctSox.  Article translation for Oman_GTAP ITA (governmental announcement).    Website translation              Al Mafraq Hotel (using SDL Trados 2014)  Online Public Tender for Qatar government  Castrol Oils (using SDL Trados 2014)  BookLogic tourism website (using SDL Trados 2009)  Online Game (for Alpha company)        Wagamama restaurant menu translation  Trader Vics Lounge menu translation            Menu Translation (using Adobe Illustrator CS5)    Training Courses                                            Proposal writing and project management at the PICD (Palestinian Institute for  Communication and Development). (ref: Ghada Al Kord- 1237456789.  SDL Trados paid course at Proz.com  Translation project management course at Proz.com  A training course in \xe2\x80\x9cAdvocacy and campaigning \xe2\x80\x9c held by Palestinian Center for  Human Rights- PCHR from 23/2/2015 to 05/3/2015 for 28 training hours. I have  been the <label type="Designation">social media consultant</label> as will.  A Workshop in \xe2\x80\x9cAwareness raising and lobbying against death penalty\xe2\x80\x9d, held by  The Palestinian Center for Human Rights- PCHR in 27/11/2014 for 8 training  hours.  A workshop on ""Inheritance Denied"" project \xe2\x80\x9cPromoting women\'s social and  economic rights through access to inheritance\xe2\x80\x9d held by Womens Affairs Center  on Wed 19/11/2014.  A course in \xe2\x80\x9cHuman Rights &amp; Social Media\xe2\x80\x9d held by The High Commissioner of  Human Rights- Gaza office in 18-19/11/2014 for 16 training hours.  A practical training in \xe2\x80\x9cInjury assessment &amp; first aid course and CPR\xe2\x80\x9d, held by  Jordan Paramedic Society.  \xe2\x80\x9cFreelance Workshop\xe2\x80\x9d implemented under Palestine Community Assistance  Program, made possible by Mercy Corps and sponsored by USAID, of 12 training  hours.  A course in \xe2\x80\x9c A social discussion over the available substitutes of the NewLiberal perspective for development and aids in the Palestinian Occupied  Territories\xe2\x80\x9d at Center for Development Studies-Bitzeit. On 24/9/2013 of 6 hrs  discussion. (2838884).  A course in \xe2\x80\x9cProfessional photography\xe2\x80\x9d within Heek Benshouf Gaza project from  the 6th to the 17th of October 2013, implemented by Save Youth Future Society  and funded by the British Consulate.  A course in \xe2\x80\x9cThe International Humanitarian Law and the protection of  journalists\xe2\x80\x9d on Monday 23/12/2013 from 9am to 2pm, sponsored by Al Mezan  Center for Human Rights.  A course in \xe2\x80\x9c How to set hearing sessions\xe2\x80\x9d with Fathi Sabbah in cooperation  between UNDP and Aman center, within \xe2\x80\x9cthe national campaign against  corruption\xe2\x80\x9d. . 6 hrs of training. (Tel. Gaza +1238456789)                        A course on "" How to write an inquiry investigation"" by PHD. Abdullah Al  Saafeen- head of ARIJ network, at Filastiniyat institution in coordination with  ARIJ (Arab Reporters for Investigative Journalism), (1234456789 or 1239456789).  A participant in ""speak up"" initiative for journalists to promote a positive  interaction with AIDS issues, at Journalist on The Top Media center, sponsored  by the UNDP.  A course in The Rule of Law within the project of Promoting the Role of Media in  Monitoring the Justice System in Gaza sponsored by The Palestinian Institute for  Communication and Development (PICD) dated from 16/6/2012 to 21/6/2012 of  7 hrs aday. (Tel:+1238456789)  A course of Journalism Skills and Inquiry Journalism at (PICD) dated from  4/7/2012 to 8/7/2012 of 7 hrs aday.  Social Media course at PICD, from 14/7 to 18/7/2012 of 6 hrs a day  TOT course at PICD, from 9/9/2012 to 14/9/2012 of 6 hrs a day.    Languages  Language skills:  Language  Arabic (mother)  English  French    Writing  Excellent  Very good  Good    Reading  excellent  excellent  good    Professional and Technical Skills  \xef\x82\xa7    \xef\x82\xa7    <label type="Tech Tools">DTP</label> &amp;  Tools    <label type="Tech Tools">CAT Tools</label>    \xef\x83\xbc  \xef\x83\xbc  \xef\x83\xbc  \xef\x83\xbc  \xef\x83\xbc  \xef\x83\xbc  \xef\x83\xbc  \xef\x83\xbc  \xef\x83\xbc  \xef\x83\xbc    Microsoft: <label type="Tech Tools">Word</label> - <label type="Tech Tools">Excel</label> - <label type="Tech Tools">PowerPoint</label>  <label type="Tech Tools">Access</label> 2013  <label type="Tech Tools">Foxit</label> <label type="Tech Tools">Phantom</label> PDF 8.1  <label type="Tech Tools">Adobe Photoshop CS5</label>  <label type="Tech Tools">Adobe Illustrator CS5</label>  <label type="Tech Tools">Adobe InDesign CS5</label>  <label type="Tech Tools">Camtasia Studio</label>  <label type="Tech Tools">Articulate.Studio.13.Pro</label>  <label type="Tech Tools">Magix PhotoStory</label> on DVD <label type="Tech Tools">MX.Deluxe</label> v11.0.4.85  Subtitle Workshop final  <label type="Tech Tools">Aegisub Subtitle</label>    \xef\x83\xbc  \xef\x83\xbc  \xef\x83\xbc  \xef\x83\xbc    <label type="Tech Tools">SDL Trados Studio 2009 SP3</label>  <label type="Tech Tools">SDL Trados Studio 2014</label>  Kilgray MemoQ 2013 R2  Crowdin.com (online CAT tool)    Speaking  fluently  Excellent  good    \xef\x82\xa7    Work Skills:    \xef\x83\xbc  \xef\x83\xbc  \xef\x83\xbc  \xef\x83\xbc  \xef\x83\xbc  \xef\x83\xbc  \xef\x83\xbc    <label type="Job Specific Skills">Professional photography</label>.  Ability to use online sources.  <label type="Job Specific Skills">Data mining</label> strategy.  Ability to work within and <label type="Soft Skills">manage a team</label>.  Ability to work efficiently under work pressure.  <label type="Job Specific Skills">Professional Subtitling</label>.  Video tutorials making.    References          <label type="Name">Demarcus Eleni Ledner</label>, <label type="Designation">product manager</label> at <label type="Companies worked at">ExaServe</label> <label type="Location">Saudi Arabia</label>. (skype: ahmad.saif87).  Prof. <label type="Designation">Hassan Abo Jarad</label>, <label type="Designation">Director</label> at <label type="College Name">Gaza University</label> and a professor of linguistics at Al Azhar  University. (1239456789).  <label type="Name">Demarcus Eleni Ledner</label>, <label type="Designation">head of training department</label> at <label type="Companies worked at">The High Commissioner of Human Rights</label>- Gaza  office."
</cv>
