<?xml version="1.0" encoding="UTF-8"?>
<cv>
"Editor Resume Template  <label type="Name">Emory Wiza</label>  Francis Road  <label type="Location">San Francisco</label>  Phone: 65-337-55  <label type="Email Address">Pamula67@hwar.co</label>  Objective  Looking for a god position as a <label type="Designation">senior or deputy edit</label> to showcase my skills and work for the benefit  of the people.  Summary of Qualification      Good network with the masses to acquaint them sources whenever needed to.  Good <label type="Soft Skills">communication</label> skills and well experienced in <label type="Job Specific Skills">editing</label> ad <label type="Job Specific Skills">proofreading</label>.  Career Experience/Job History        <label type="Years of Experience">2004-2007</label>  <label type="Companies worked at">Bay Journal </label> <label type="Designation">Editor</label>      Edited incoming news and analysed them for repeats from agencies.   Wrote special coverage articles on issues and formulated editorials for everyday use.  <label type="Years of Experience">2007-Present</label>  <label type="Companies worked at">Daily Mail</label>  <label type="Designation">Deputy Editor</label>      Supervise and re-edit articles to make it feasible according to the paper standards.   Wrote editorials in absence of editor.  Education  <label type="Graduation Year">2003-2004</label>  <label type="Designation">Masters in Mass Communication</label>, <label type="College Name">Mediacom College</label>.  <label type="Years of Experience">2123-456789</label>  <label type="Degree">Bachelors in Mass Communication</label>, <label type="College Name">Mediacom College</label>  Professional reference will be furnished upon request"
</cv>
