<?xml version="1.0" encoding="UTF-8"?>
<cv>
"Sample resume  Marketing  DO NOT COPY: You are advised not to copy this sample, but to  use it to generate ideas to create your own resume.    <label type="Name">Alpha Nina Wisoky</label>  42 Lanark Street, <label type="Location">Clayton, VIC</label> 3168  Ph: 03 9677 7170 (H) / 0405 629 312 (M)  <label type="Email Address">Clifton35@kg.biz</label>    Education  <label type="Tech Tools">Feb 2013  current</label>  <label type="Degree">Bachelor of Business (Marketing)</label>, <label type="College Name">Monash University</label>, Caulfield    High Credit average achieved to date    Expected completion date: November 2015  Achievement    Winner Monash Marketing award for <label type="Job Specific Skills">Brand Management</label> <label type="Years of Experience">2010  Feb 2007 - Nov 2012</label>  <label type="Degree">Victorian Certificate of Education (VCE)</label>, Echuca High School    Elected head prefect 20010-11    Enter Score: 91.4    Key Course Related Projects  July 2014  Social Media Use in Industry    Designed and scoped project for Nakam Marketing Research firm    Researched and presented findings in an easy to understand format    Result: High Distinction    Marketing Related Experience  Mar 2014  current  Promotions Assistant, Promostaff, Chadstone based  Responsibilities &amp; Achievements    Managed product research studies in supermarkets    Collated results and highlighted critical feedback items    Promoted to team leader due to excellent feedback from clients  <label type="Years of Experience">Dec 2013  Feb 2014</label>  <label type="Designation">Marketing Assistant</label>, <label type="Companies worked at">Salvation Army</label>, <label type="Location">Melbourne</label>  Responsibilities &amp; Achievements   Participated in two months work experience within marketing department   Developed <label type="Job Specific Skills">Social Media strategy</label> with Marketing Officers and generated content for blogs and websites of charity   Work experience manager provided excellent reference in support of application for Nakam Marketing project.    <label type="Soft Skills">Customer Service</label> Experience  <label type="Years of Experience">Dec 2011  current</label>  <label type="Designation">Customer Service Assistant</label>, <label type="Companies worked at">Lush Cosmetics</label>, <label type="Location">Chadstone</label>  Responsibilities &amp; Achievements    Engaged in sales to provide appropriate products to meet customer requirements    Provided p support to customers post sales    Organised and merchandised Christmas 2011 / 2012 window display    Demonstrated Skills  <label type="Job Specific Skills">Marketing</label> expertise   Skilled at <label type="Job Specific Skills">visual merchandising</label>, as displayed in the confidence of my manager at Lush when given oversight of the  Christmas display   Proficient at conducting a comprehensive marketing audit, as established by my High Distinction in the university  assessment for which I undertook an audit of techniques used to promote services and products to students in  Orientation Week.   <label type="Job Specific Skills">Market research </label>expertise gained through experience conducting brand testing for Promostaff.   Able to apply theories to formulating strategy analysis and from this formulate appropriate marketing strategies to  achieve organisational objectives as proven by work at Salvation Army  Communication   Written report presented to Nakam Marketing directors was well received and the professionalism of the  production was particularly praised   Exercised excellent interpersonal skills in customer facing role at Lush, as professional reference shows  <label type="Soft Skills">Time Management</label>   Managing the Monash Marketing Student Society budget involved organising and managing the annual university  ball within a tight timeframe and a budget of $40,000   Scoped and undertook study within tight deadlines for Nakam Marketing scheme, using <label type="Job Specific Skills">Project Management</label>  principles learnt in Marketing degree  Initiative and Creativity   Established new methods of content generation at <label type="Companies worked at">Salvation Army</label> Marketing Department   Negotiated with business advisory boards and networked in various official functions within work with Monash  Student Association marketing sector to develop creative, effective solutions to long standing problems  Technical   Highly proficient in all <label type="Tech Tools">Microsoft Office Suite</label> products   Proficient in <label type="Tech Tools">Wordpress</label>, basic <label type="Tech Tools">HTML</label> and <label type="Tech Tools">HTML5</label>, <label type="Tech Tools">Adobe Photoshop</label>    Memberships  Sept 2014  Joined as Student Member of Australian Marketing Institute  Oct 2014  Elected as Committee Member of <label type="College Name">Monash University</label> Student Union Marketing Sector  Mar 2013  Joined Monash Marketing Student Society    Interests   Netball  in Monash University team   Duke of Edinburgh Gold award to be completed 2012  monash.edu/careers  <label type="Email Address">Clifton35@kg.biz</label>  +61 3 9905 4170  Facebook.com/MonashECD    Gwen Gao    0405 629 312    Page 2    Referees  Ms <label type="Name">Alpha Nina Wisoky</label>, <label type="Designation">Manager</label> <label type="Companies worked at">Lush Cosmetics</label>, (Current Manager), Chadstone  03 9876 6677 <label type="Email Address">Clifton35@kg.biz</label>  Dr <label type="Name">Alpha Nina Wisoky</label> <label type="Designation">Lecturer</label>, Department of Marketing (Tutor on degree course), <label type="College Name">Monash University</label>, <label type="Location">Caulfield</label>,  03 9800 1334, Email: <label type="Email Address">Clifton35@kg.biz</label>    monash.edu/careers  <label type="Email Address">Clifton35@kg.biz</label>  +61 3 9905 4170  Facebook.com/MonashECD    Gwen Gao    0405 629 312    Page 3"
</cv>
