<?xml version="1.0" encoding="UTF-8"?>
<cv>
"<label type="Soft Skills">COMMUNICATIONS</label>,  <label type="Job Specific Skills">MEDIA</label>, <label type="Job Specific Skills">MARKETING</label>,  <label type="Job Specific Skills">SALES</label>  Resume Examples  This packet includes sample resumes for the  <label type="Job Specific Skills">COMMUNICATIONS</label>, <label type="Job Specific Skills">MEDIA</label>, <label type="Job Specific Skills">MARKETING</label>, <label type="Job Specific Skills">SALES</label> Career  Community. These are examples of good practices in  resume writing, demonstrating that you have choices you  can make with formatting and style. We intentionally did  not provide an example for every major or job type.    225 Lawrence Center | 123.345.7890 | <label type="Email Address">Heathcote.Hong@gm.co</label>    \xef\x80\xad  \xef\x80\xad    <label type="Name">Valene Littel</label>                                                             <label type="Email Address">Heathcote.Hong@gm.co</label>  123-345-7890  linkedin.com/kmarketer    Kevin Marketer    EDUCATION  <label type="College Name">West Chester University of Pennsylvania</label>, <label type="Graduation Year">May 2017</label> \xe2\x80\xa2 <label type="Location">West Chester, PA</label>  <label type="Degree">Bachelor of Science in Marketing</label> \xe2\x80\xa2 AACSB Accredited program  \xe2\x80\xa2 GPA: 3.8  \xe2\x80\xa2 Deans List: Six consecutive semesters    SUMMARY OF CORE STRENGTHS  <label type="Job Specific Skills">Event Planning/Coordination</label> \xe2\x80\xa2 <label type="Job Specific Skills">Client and Vendor Relations</label> \xe2\x80\xa2 <label type="Job Specific Skills">Location/Site Selection </label>\xe2\x80\xa2 <label type="Job Specific Skills">Referral Generation</label>  <label type="Job Specific Skills">On-Site Management</label> \xe2\x80\xa2 <label type="Job Specific Skills">Quality Assurance/Control</label> \xe2\x80\xa2 Post-Program Review/Assessment    PUBLIC RELATIONS/EVENT PLANNING EXPERIENCE  <label type="Designation">PR/Special Events Intern</label>, <label type="Companies worked at">The Peggy Siegal Company</label> \xe2\x80\xa2 <label type="Location">New York, NY</label> \xe2\x80\xa2 <label type="Years of Experience">June 2016 - present</label>  \xe2\x80\xa2  \xe2\x80\xa2  \xe2\x80\xa2  \xe2\x80\xa2  \xe2\x80\xa2    Assisting senior staff in the planning and orchestrating of events including: film premieres,  screenings, cocktail parties, and media luncheons  Working all company events - helping escort talent on red carpets and/or checking in guests  Providing <label type="Job Specific Skills">administrative support</label> and maintain large database of client information  Supporting account executives, publicity coordinator, and assistants with day-to-day tasks and various  ongoing projects  Answering telephones in a courteous and timely manner; handle messages and follow up with clients    <label type="Designation">Volunteer</label>, <label type="Companies worked at">Cradles to Crayons</label> \xe2\x80\xa2 <label type="Location">Conshohocken, PA</label> \xe2\x80\xa2 <label type="Years of Experience">April 2015 - present</label>  \xe2\x80\xa2  \xe2\x80\xa2  \xe2\x80\xa2  \xe2\x80\xa2    Maintain and update database of volunteers, events, and donors.  Coordinate ticket sales and tracked attendees.  Plan <label type="Job Specific Skills">event advertising</label>, including media outlets, graphics, and <label type="Soft Skills">communications</label>.  Keep simultaneous projects on schedule.    <label type="Designation">Orientation Leader</label>, <label type="College Name">West Chester University</label> \xe2\x80\xa2 <label type="Location">West Chester, PA</label> \xe2\x80\xa2 <label type="Years of Experience">Sept 2015 - May 2016</label>  \xe2\x80\xa2  \xe2\x80\xa2  \xe2\x80\xa2    Coordinated and facilitate an orientation groups involvement with the communitys broader welcoming,  including parent/family participation.  Assisted in the planning and implementation of Welcome Week: help students move in,  direct traffic, plan events, set up and clean up events,  Served as an academic and social resource to new students throughout the academic year by answering  questions, leading small groups and helping acclimate new students to college life    CAMPUS LEADERSHIP  Pi Kappa Phi, Inducted Sept 2013  \xe2\x80\xa2 Public Relations Chair (2015 - Present)  NCAA Mens Division II Soccer Team  \xe2\x80\xa2 Captain, 2014/2015 and 2015/2016 seasons    <label type="Name">Valene Littel</label>  18 W. Market Street, <label type="Location">West Chester, PA</label> 19382 \xe2\x97\x8f 123-345-7890 \xe2\x97\x8f <label type="Email Address">Heathcote.Hong@gm.co</label>  SUMMARY OF QUALIFICATIONS          Exceptional leader with talent selling design,  quality, service and value over price.  Proven revenue generator in all market conditions.  Experience with <label type="Tech Tools">Microsoft Word</label>, <label type="Tech Tools">PowerPoint</label>,  <label type="Tech Tools">Excel</label> and <label type="Tech Tools">Outlook</label>.            Adept at business to business sales and  negotiations with decision makers at many levels.  Outstanding <label type="Soft Skills">relationship building</label>, <label type="Soft Skills">training</label>, and  <label type="Soft Skills">presentation</label> skills.  Knowledge of <label type="Tech Tools">PC</label> and <label type="Tech Tools">Mac</label> systems.    CORE COMPETENCIES  <label type="Job Specific Skills">Strategic Planning  Forecasting</label>    <label type="Job Specific Skills">Client Needs Assessment</label>  <label type="Job Specific Skills">Profit &amp; Loss Management</label>    <label type="Job Specific Skills">Client Relationship</label> <label type="Job Specific Skills">Management  Negotiation</label>    PROFESSIONAL EXPERIENCE  <label type="Companies worked at">Roberts One on One</label>, <label type="Location">Malvern, PA</label>  <label type="Designation">Personal Trainer</label>, <label type="Designation">Nutritionist</label>, and <label type="Designation">Head Boxing Coach</label>, <label type="Years of Experience">March 2011  Present</label>   Inspired, created, and executed MAXXED OUT, a group fitness class for advanced athletes.   Assess the needs and capabilities of individuals through fitness assessment procedures.   Develop individual exercise programs for individuals based on age and fitness levels.   Assure all exercises are done with proper form and technique to maximize results.   Motivate clients to work to his/her maximum and safe potential for the entire workout.   Assess dietary schedules and implement programs for weight loss and/or muscle gain.  <label type="Companies worked at">MVP Sports Lounge</label>, <label type="Location">West Goshen, PA</label>  <label type="Designation">Bartender</label>, <label type="Years of Experience">July 2014  July 2016</label>   Able to quickly and confidently communicate with guests to establish their needs.   Work swiftly and efficiently while meeting the highest standards of presentation and attention to  detail.   Stocked, cleaned, and performed routine maintenance of electronics, and transaction of payments.   Strong knowledge of bar products and familiar with product offerings (i.e. the menu, beverages on  tap, wine list, etc.)    <label type="Companies worked at">West Bradford Elementary</label>, <label type="Location">Downingtown, PA</label> &amp; Fugett Middle School, <label type="Location">West Chester, PA</label>  <label type="Designation">Student Teacher</label>, Spring 2016   Worked collaboratively with other teachers and professionals to create effective lessons that met the  learning needs and abilities of all students.   Developed innovative curriculum to instruct individual students, small groups, and 70+ students.   Organized time, space, and resources to balance heavy workload and stringent deadlines.    EDUCATION  <label type="College Name">West Chester University of Pennsylvania</label>, <label type="Location">West Chester, PA</label>  <label type="Degree">Bachelor of Science in Health and Physical Education</label>, <label type="Graduation Year">December 2016</label>  Minors: <label type="Job Specific Skills">Coaching</label> and <label type="Job Specific Skills">Health Sciences</label>   GPA: 3.754, Magna Cum Laude  Involvements:   Phi Epsilon Kappa Honors Fraternity, President   Orientation Leader, 2014-2016    Sarah G. Blogger    4545 Lloyd Lane Norristown, PA 18888  sarahgblogger@gmail.com  123-345-7890    KEY SKILLS  \xef\x82\xa7  \xef\x82\xa7  \xef\x82\xa7  \xef\x82\xa7    Experienced in <label type="Job Specific Skills">social media</label> platforms such as <label type="Tech Tools">Facebook</label>, <label type="Tech Tools">Twitter</label>, <label type="Tech Tools">Instagram</label>, <label type="Tech Tools">Google+</label>, <label type="Tech Tools">Instagram</label>,  <label type="Tech Tools">Pinterest</label>, and <label type="Tech Tools">YouTube</label>  Intermediate ability with <label type="Tech Tools">Adobe Creative Suite</label>  Comfortable working with a team and independently in a fast paced environment  Effective <label type="Soft Skills">communicator</label> with a <label type="Soft Skills">creative mind</label> and keen <label type="Soft Skills">attention for detail</label>    RELATED EXPERIENCE  <label type="Designation">Intern</label>: <label type="Job Specific Skills">Social Media &amp; Marketing</label> - <label type="Location">Digital Marketing Agency</label>: <label type="Location">Plymouth Meeting, PA</label>  <label type="Years of Experience">May 2016 to present</label>  \xef\x82\xa7  Work with the marketing team on day-to-day social media management for multiple clients/partners  \xef\x82\xa7  Complete market research which includes identifying and engaging with key influencers  \xef\x82\xa7  Monitor social media presence and complete daily social media outreach  \xef\x82\xa7  Develop promotional social media campaigns to engage users and build followers  \xef\x82\xa7  Communicate information to our management team  \xef\x82\xa7  Research and assist with developing marketing material  <label type="Designation">Owner</label>, <label type="Companies worked at">Myownfoodsite.com</label> | @myownfoodtwitter : Remote  <label type="Years of Experience">March 2013 to present</label>  \xef\x82\xa7  Develop weekly content for personal website dedicated to <label type="Job Specific Skills">healthy eating</label>  \xef\x82\xa7  Post a minimum of 15 tweets per week generating an average of 50 weekly retweets  \xef\x82\xa7  Grew Twitter followers by 27% in the first 4 months of creating account  Intern: Media Relations, foodbloggersunite.org Remote  January 2015 to June 2015  \xef\x82\xa7  Monitored and posted on blogs, forums, and social networks  \xef\x82\xa7  Performed online outreach and promotion using <label type="Tech Tools">Facebook</label>, <label type="Tech Tools">Instagram</label>, and <label type="Tech Tools">Twitter</label>  \xef\x82\xa7  Optimized disorganized website and create first social media accounts    ADDITIONAL WORK EXPERIENCE  <label type="Designation">Cashier</label>, <label type="Designation">Healthy Eating Ambassador</label> - <label type="Companies worked at">Whole Foods Market</label>: <label type="Location">Plymouth Meeting, PA</label>  <label type="Years of Experience">Oct 2014 to present</label>  \xef\x82\xa7 Assisted the Healthy Eating Specialist in store events and projects  \xef\x82\xa7 Provided excellent <label type="Soft Skills">customer service</label>; participated in quarterly store inventories  <label type="Designation">Child Care Provider</label>, Private Family: Summer 2123/3456/7890  \xef\x82\xa7 Supervised three children ages 5, 7, and 9  \xef\x82\xa7 Developed daily engaging activities    EDUCATION  <label type="College Name">West Chester University</label>, <label type="Companies worked at">West Chester, PA</label>  <label type="Designation">Bachelor of Science in Professional Studies</label> - <label type="Graduation Year">May 2016</label>  Minors:  \xef\x82\xa7 <label type="Job Specific Skills">Business</label> and <label type="Job Specific Skills">Technical Writing</label>  \xef\x82\xa7 Heath Sciences"
</cv>
