<?xml version="1.0" encoding="UTF-8"?>
<cv>
"<label type="Name">Jon Feest</label>  2501 N. Blackwelder Ave. #466 <label type="Location">Oklahoma City, OK</label> 73106 | 123-345-7890 | <label type="Email Address">Tawana.Botsford@gmail.com</label>    OBJECTIVE  PROFESSIONAL  SKILLS  <label type="Job Specific Skills">Social media strategy</label>  <label type="Job Specific Skills">Marketing</label>  <label type="Job Specific Skills">Web content development</label>  Basic <label type="Job Specific Skills">graphic design</label>  <label type="Job Specific Skills">Photo editing</label>    To obtain employment as part of an innovative and driven team of  customer service professionals committed to retail success.    RETAIL EXPERIENCE  <label type="Designation">SALES ASSOCIATE</label> &amp; <label type="Designation">SOCIAL MEDIA MANAGER</label>  <label type="Companies worked at">Southern Accents Boutique &amp; Gifts</label> | <label type="Years of Experience">Jun 2014 - May 2015</label>    PERSONAL\xc3\x82\xc2\xa0SKILLS  <label type="Soft Skills">Creative</label> spirit  <label type="Soft Skills">Reliable</label> and professional  Organized  <label type="Soft Skills">Time management</label>  <label type="Soft Skills">Team player</label>  <label type="Soft Skills">Fast learner</label>  <label type="Soft Skills">Motivated</label>    Greeted customers &amp; assisted in their shopping experience  Managed <label type="Job Specific Skills">social media</label> accounts (<label type="Tech Tools">Facebook</label> &amp; <label type="Tech Tools">Instagram</label>)  Created social media content for daily postings  Modeled boutique merchandise for social media &amp; local adds    INDEPENDENT PRODUCT DISTRIBUTOR  <label type="Companies worked at">SeneGence International</label> | <label type="Years of Experience">Jul 2017</label> Manages personal direct sales, as well as the training and sales of my  cummulative marketing team  Specializes in marketing via online <label type="Soft Skills">communication</label> (<label type="Tech Tools">Facebook</label>)    <label type="Soft Skills">LEADERSHIP</label>  Student Body President  Student Body Vice President  Dusty Social Service Club  Social Chairman  Leadership Lauderdale 2016  MPAC Community Service  Coordinator    SOCIAL  www.kaylilapasha.com    EDUCATION  <label type="Degree">BACHELOR OF ARTS, MAJOR IN MUSIC</label>  <label type="College Name">Oklahoma City University</label>, <label type="Location">Oklahoma City, OK</label> | <label type="Years of Experience">Aug 2017 - May 2021</label>  GPA: 4.109    <label type="Designation">DIRECTOR OF MERCHANDISING</label>, Marketing Department  Alpha Phi Fraternity, Delta Delta Chapter | <label type="Years of Experience">Dec 2017 - Dec 2018</label>  Relative experience: Designs/oversees sales of all chapter merchandise,  including apparel and accessories.    fb.me/kaylilapasha  @kaylilam  @kaylila18    HONORS  CLASS SALUTATORIAN  Lamar Foundation High School | 2017  PRESIDENT'S VOLUNTEER SERVICE AWARD  Courtesy of President Barack Obama and HOBY | Jan 2017"
</cv>
