<?xml version="1.0" encoding="UTF-8"?>
<cv>
"<label type="Designation">Art Editor</label> Resume Template  <label type="Name">Teena Anton Bailey</label>  Pearl St., <label type="Location">Buffalo, NY</label>  Phone: 123-345-7890  <label type="Email Address">Emory.Willms@bdaw.com</label>  Objective  To have a lead or supervisory position as an <label type="Designation">Art Editor</label> in a large circulation magazine specializing in  home and gardening hobbies  Summary of Qualification      Almost <label type="Years of Experience">7 years</label> as an <label type="Designation">art editor</label> in a major new specialty magazine publication, rising through the  ranks starting as a <label type="Designation">layout artists</label>, <label type="Designation">copy proof reader</label> and as an <label type="Designation">art editor</label> during the last 2 years.   Sample of works available on request.   Skilled in the use of the latest versions of <label type="Tech Tools">Adobe Photoshop</label> and <label type="Tech Tools">PageMaker</label>   Excellent <label type="Soft Skills">communication</label> skills in <label type="Soft Skills">English</label> and <label type="Soft Skills">Spanish</label>.  Career Experience/Job History  <label type="Years of Experience">2003  Present</label>: <label type="Designation">Associate Art Editor</label>, <label type="Companies worked at">Home and Gardens</label>      Plan and implement approved lay-outing policies and techniques   Prioritize on the image options for each section as submitted by the section editors.   Maintain the <label type="Job Specific Skills">creative artistry</label> for which the publication is known for   Coordinate with section editors for new art layout guidelines and polices.  Education  2003  Present: Various <label type="Degree">in-house trainings</label> and 3rd party seminars and workshops on <label type="Job Specific Skills">Adobe image  editing</label>, <label type="Job Specific Skills">publication lay-outing</label>, <label type="Job Specific Skills">desktop publishing</label> and t<label type="Job Specific Skills">rends in publication</label>.  <label type="Graduation Year">1999  2003</label>: <label type="Degree">Bachelor of Arts in Commercial and Industrial Arts</label>, <label type="College Name">Milwaukee Institute of Art Design</label>  Professional reference will be furnished upon request."
</cv>
