<?xml version="1.0" encoding="UTF-8"?>
<cv>
"<label type="Name">Ivan Keeling</label> 87 Some Example Street  <label type="Location">Kansas City, MO</label> 52364  Contact #, Email Address    OBJECTIVE: Seeking a <label type="Job Specific Skills">Sales &amp; Marketing</label> position with ABC Company which will require me to utilize  my <label type="Soft Skills">communication</label> skills, <label type="Soft Skills">convincing power</label> and capabilities in the <label type="Job Specific Skills">sales</label> field to maximize the revenue.  EDUCATION  <label type="College Name">KANSAS UNIVERSITY</label>, <label type="Location">Kansas City, MO</label>  <label type="Graduation Year">2015</label>  <label type="Degree">Bachelors Degree in Business Administration</label>  KEY STRENGTHS  \xe2\x80\xa2 <label type="Years of Experience">Over 6 months</label> hands-on experience in <label type="Job Specific Skills">sales</label> arena  \xe2\x80\xa2 <label type="Soft Skills">Hardworking</label>, <label type="Soft Skills">motivated</label> and <label type="Soft Skills">goal oriented</label>  \xe2\x80\xa2 Demonstrated ability to meet or exceed sales targets  \xe2\x80\xa2 Computer: Email, Internet Browser, and word processing software  \xe2\x80\xa2 <label type="Soft Skills">Bilingual</label>: <label type="Soft Skills">English</label> and <label type="Soft Skills">Chinese</label>  SKILLS  \xe2\x97\x8f <label type="Soft Skills">Customer relationships</label> building  \xe2\x97\x8f <label type="Job Specific Skills">New accounts opening</label>  \xe2\x97\x8f <label type="Job Specific Skills">Point of sale system</label>  \xe2\x97\x8f <label type="Soft Skills">Strong presentation</label> skills  \xe2\x97\x8f <label type="Soft Skills">Customer care</label>    \xe2\x97\x8f <label type="Soft Skills">Time management</label>  \xe2\x97\x8f Multiple priorities handling  \xe2\x97\x8f <label type="Job Specific Skills">Product display</label>  \xe2\x97\x8f <label type="Job Specific Skills">Outside sales</label>  \xe2\x97\x8f <label type="Soft Skills">Communication</label>    EXPERIENCE  <label type="Companies worked at">CLEARWIRE</label>- <label type="Location">Kansas City, MO</label>  <label type="Designation">Sales &amp; Marketing Intern</label>  Summer 2014  \xe2\x80\xa2 Educated customers concerning benefits of the product  \xe2\x80\xa2 Answered queries and concerns regarding equipment, pricing, and availability  \xe2\x80\xa2 Processed consumer transactions by means of a real-time computer activation system  \xe2\x80\xa2 Took part in store marketing activities  \xe2\x80\xa2 <label type="Job Specific Skills">Managed inventory</label> associated with the sales process  \xe2\x80\xa2 Ensured that every customer has a positive experience    ADDITIONAL  \xe2\x80\xa2 Able to work weekends and holidays  \xe2\x80\xa2 Capable of standing and walking for extended periods of time"
</cv>
