<?xml version="1.0" encoding="UTF-8"?>
<cv>
"<label type="Designation">Newsreader</label> Resume Template  <label type="Name">Pablo Koepp</label>  Melvin Street  <label type="Location">California</label>  Phone: 65-345-88  <label type="Email Address">VKirlin@hotmail.com</label>  Objective  Seeking a reputable position as a <label type="Designation">news reader</label> or <label type="Designation">anchor</label> to use my skills.  Summary of Qualification      Good personality, clear and <label type="Job Specific Skills">fine toned voice</label> and <label type="Soft Skills">reading</label> capability.   Possess <label type="Job Specific Skills">efficient anchoring</label> and <label type="Job Specific Skills">news reading</label> capabilities.  Career Experience/Job History  <label type="Years of Experience">2004-2007</label>  <label type="Companies worked at">News 24/7 </label> <label type="Designation">Newsreader</label>      Gave live feed news on primetime.   Did interactive sessions of top political figures during the election time.  <label type="Years of Experience">2007-Present</label>  <label type="Companies worked at">House2</label> <label type="Designation">TV  Anchor</label>      Covered 60 slots monthly for the show on issues.   Covered <label type="Job Specific Skills">live anchoring</label> from the infield action.  Education  <label type="Years of Experience">2003-2004</label>  <label type="Degree">Diploma in News Reading and Anchoring</label>, <label type="College Name">Mass Media College</label>.  <label type="Years of Experience">2123-456789</label>  <label type="Degree">Bachelors in Mass Communication</label>, <label type="College Name">School of Mass Communication</label>.  Professional reference will be furnished upon request"
</cv>
