<?xml version="1.0" encoding="UTF-8"?>
<cv>
<label type="Name">Raphael Emmerich</label>
<label type="Location">Bidar, Karnataka</label> - Email me on Indeed: <label type="Email Address">pMcClure@hotmail.com</label>

To associate with an organization that promises a creative and challenging career in progressive
Environment to enhance my knowledge, skills to be a part of team that excels in work towards
the growth of the organization.

WORK EXPERIENCE

<label type="Designation">Technical Support Engineer</label>

<label type="Companies worked at">SAP</label> -  <label type="Location">Bengaluru, Karnataka</label> -

<label type="Years of Experience">November 2017 to February 2018</label>

I completed <label type="Job Specific Skills">PLC Automation</label> course that's way I will rejoin that job

EDUCATION

Govt. High school Yernalli

<label type="Degree">B.E. in Electrical</label>

<label type="Location">Karnataka State -  Bidar, Karnataka</label>

SKILLS

<label type="Tech Tools">AC</label> (<label type="Years of Experience">Less than 1 year</label>), Allen Bradley (<label type="Years of Experience">Less than 1 year</label>), <label type="Job Specific Skills">Engineer</label> (<label type="Years of Experience">Less than 1 year</label>), FANUC
(<label type="Years of Experience">Less than 1 year</label>), GE FANUC (<label type="Years of Experience">Less than 1 year</label>)

ADDITIONAL INFORMATION

TECHNICAL QUALIFICATION:

➢ Obtained <label type="Degree">Post graduate diploma in Industrial Plant Automation Engineer</label> from <label type="College Name">Prolific Systems
and Automation</label> <label type="Location">Bangalore</label>. With hands on practical experience in <label type="Job Specific Skills">Industrial Automation Tools</label>
specializing in <label type="Tech Tools">PLC</label>, <label type="Tech Tools">SCADA</label> and <label type="Tech Tools">VFD</label>.

➢ Attended a 3-day National level seminar on "Mat Lab and its Applications" organized by E&amp;EE
department of GNDEC <label type="Location">Bidar</label>.

ACADEMIC PROJECT:

Speed synchronization of multiple DC motors in industries using wireless RF.

➢ Aim: To find Speed synchronization of multiple DC motors in industries using wireless RF.

https://www.indeed.com/r/raphael-emmerich


➢ Main Components Used: LCD Display, Diodes, Potentiometer, Rectifier, transformer, DC motor,
DC motor drive, […] microcontroller, RF transistor, RF receiver, IR sensor, etc.

➢ TECHNICAL SKILLS: <label type="Degree">Post Graduate Diploma in Industrial Automation (PGDIA)</label> Course from M/s.
<label type="College Name">Prolific Systems and Technologies Pvt. Ltd.</label>, <label type="Location">Bangalore </label>which includes:

<label type="Tech Tools">Allen Bradley Micro Logix1000</label>, <label type="Tech Tools">SLC 5</label> / 03 RS Logix 500
Siemens S7-300 SIMATIC MANAGER-5.4
GE FANUC Versamax Micro, <label type="Tech Tools">Proficy Machine
Delta WPL Soft</label> 2.42
Mitsubishi FX3U 16M GX-Developer
Omron Sysmac - CP1E CX-Programmer
DCS AC-800 F Freelance Industrial IT
Field Basics Of Fi, Interface With Live Plant
Instrumentation Setup With SLC 5 / 03 Controller Interfaced With In touch <label type="Tech Tools">SCADA</label>
</cv>
