<?xml version="1.0" encoding="UTF-8"?>
<cv>
"<label type="Name">Sau Parker</label>  267 Shorehaven Road, <label type="Location">Norwalk, CT</label> 73922  (123)345-7890, Email: <label type="Email Address">Felicitas13@hotmail.com</label>    <label type="Job Specific Skills">Marketing Executive</label>  Digital  HIGHLIGHTS  \xe2\x80\xa2 <label type="Years of Experience">7 years</label> of dedicated service working as a <label type="Designation">marketing manager</label>  \xe2\x80\xa2 Conversant with managing strategic and <label type="Job Specific Skills">budgetary planning</label> in conjunction with technology  \xe2\x80\xa2 Hands on experience of designing and implementing core <label type="Job Specific Skills">digital marketing plans</label>  \xe2\x80\xa2 In depth knowledge of <label type="Job Specific Skills">identifying customer needs</label> and <label type="Job Specific Skills">industry trends</label> to assist in planning and  executing of <label type="Job Specific Skills">strategic marketing plans</label>  KEY ACCOMPLISHMENTS  \xe2\x80\xa2 Designed, implemented and tested the companys largest <label type="Job Specific Skills">digital marketing campaign</label> successfully  \xe2\x80\xa2 Increased customer base by 55% in a single year by bringing in real business from the companys  website  PROFESSIONAL EXPERIENCE  <label type="Companies worked at">Nestle</label>, <label type="Location">Norwalk, CT</label> | <label type="Years of Experience">Mar 2008  Present</label>  <label type="Designation">Digital Marketing Executive</label>  \xe2\x80\xa2 Devise and implement both strategic and tactical digital marketing plans  \xe2\x80\xa2 Create and implement integrated digital marketing campaigns as planned  \xe2\x80\xa2 Manage <label type="Job Specific Skills">social marketing strategies</label>  \xe2\x80\xa2 Monitor website metrics to foresee trends and keep tabs on traffic  \xe2\x80\xa2 Design campaigns to promote products  <label type="Companies worked at">Nestle</label>, <label type="Location">Norfolk, CT</label> | <label type="Years of Experience">Jan 2007  Mar 2008</label>  <label type="Designation">Marketing Assistant</label>  \xe2\x80\xa2 Assisted in the marketing activities of the department  \xe2\x80\xa2 Worked with the marketing manager to assess customer needs and fulfill them as appropriate  \xe2\x80\xa2 Managed the physical aspect of all campaigns such as materials and resources  \xe2\x80\xa2 Assisted with digital marketing activities as directed  \xe2\x80\xa2 Developed and tested campaigns in accordance to laid down plans  \xe2\x80\xa2 Performed <label type="Job Specific Skills">market research</label>  EDUCATION  <label type="College Name">Connecticut State University</label>, <label type="Location">Norfolk, CT</label>  <label type="Graduation Year">2007</label>  <label type="Degree">Bachelors Degree in Business Administratio</label>  Major: <label type="Job Specific Skills">Marketing</label>  ADDITIONAL STRENGTHS  \xe2\x80\xa2 <label type="Soft Skills">Technology savvy</label>  \xe2\x80\xa2 <label type="Soft Skills">Excellent communication</label> skills  \xe2\x80\xa2 Ability to work on multiple tasks at one time  \xe2\x80\xa2 Experience with <label type="Job Specific Skills">marketing automation techniques</label>  \xe2\x80\xa2 Strong <label type="Soft Skills">analytic</label> and <label type="Soft Skills">organizational</label> skills"
</cv>
