<?xml version="1.0" encoding="UTF-8"?>
<cv>
"<label type="Name">Dionna Blanda</label>  No.12, Atarod Building, Atarod Street, Mofatteh Street, <label type="Location">Tehran, Iran</label>, 1231456789  <label type="Email Address">eMaggio@okat.io</label> - Cell: (+98) 939 41 45 337    SUMMARY    QUALIFICATIONS   <label type="Years of Experience">10+ years of experience</label> in <label type="Job Specific Skills">Visual Media</label>   5+ years of <label type="Soft Skills">team lead</label> and <label type="Job Specific Skills">management</label> experience.   Development and <label type="Soft Skills">leadership</label> experience in <label type="Job Specific Skills">Visual Effects</label>   Deep understanding of <label type="Job Specific Skills">Digital Color</label> and <label type="Job Specific Skills">Color Science</label>   Familiar with <label type="Job Specific Skills">Programming</label>, <label type="Job Specific Skills">Computer hardware</label> and <label type="Job Specific Skills">Computer Science</label>   Strong passion for <label type="Soft Skills">problem solving</label>, <label type="Soft Skills">math</label> and <label type="Soft Skills">learning</label> new technologies.   Advanced <label type="Soft Skills">Researching skills</label>   Insatiable l<label type="Soft Skills">ifelong learner</label>   Strong Math and Physics background and long experience in <label type="Job Specific Skills">Visual Art</label>  PRIMARY <label type="Job Specific Skills">MANAGEMENT</label> SKILLS   <label type="Job Specific Skills">Production Work-flow Design</label>.   Managing complex projects under tight schedule to achieve a high quality on-time release.   Building highly motivated VFX teams with a strong desire for continues improvement.   Hiring the best Visual Artist and CG experts in different levels and <label type="Soft Skills">coaching</label> them to their highest  potentials.   Designing and Managing the VFX department of a teaching school for over 4 years  PRIMARY TECHNICAL SKILLS   <label type="Job Specific Skills">Color Science</label>, <label type="Job Specific Skills">Color Management</label> and <label type="Job Specific Skills">Color Grading</label>. (<label type="Tech Tools">DaVinci Resolve</label> as Primary software)   <label type="Job Specific Skills">Photogrammetry</label> and Combining Live-Action and <label type="Job Specific Skills">CG</label> (<label type="Tech Tools">Matchmoving</label> - <label type="Tech Tools">PFTrack</label> as Primary  software)   <label type="Job Specific Skills">HDR</label>, <label type="Job Specific Skills">IR</label>, and <label type="Job Specific Skills">VR</label> photography   <label type="Job Specific Skills">Digital Cinematography</label> and <label type="Job Specific Skills">Camera Tech</label>   <label type="Job Specific Skills">Digital Image Technician</label>   <label type="Job Specific Skills">Visual Effects Design</label> (Previs and UDK)   <label type="Job Specific Skills">Virtual Lighting</label> and <label type="Job Specific Skills">Photorealistic Rendering</label> (V-ray and Arnold)   Editing and <label type="Job Specific Skills">Digital Imagery</label> (<label type="Tech Tools">Adobe Premier</label> and <label type="Tech Tools">FCPX</label>)   Systems &amp; Environments (<label type="Tech Tools">Mac OSX</label>, <label type="Tech Tools">Linux/Unix</label>, <label type="Tech Tools">Windows</label>)   <label type="Tech Tools">Motion Graphic</label> (<label type="Tech Tools">Adobe Suite</label>)  TEACHING SKILLS   4+ experience of <label type="Soft Skills">teaching</label> topics related to <label type="Job Specific Skills">Computer Science</label>, <label type="Job Specific Skills">Visual Effects</label> and <label type="Job Specific Skills">Digital Image</label>   Using new methods in teaching, from online teaching to using recorded videos to flip the  classroom  PROFESSIONAL EXPERIENCE    <label type="Years of Experience">Feb 2011/Now</label> <label type="Companies worked at">MABIOCA CINEMA AND CG SCHOOL</label> (WWW.MABIOCA.COM)  <label type="Designation">Technical Training Instructor</label>   Designing and Teaching Courses on <label type="Job Specific Skills">Visual Effects</label>, <label type="Job Specific Skills">Matchmoving</label>, <label type="Job Specific Skills">Compositing</label>, <label type="Job Specific Skills">Color Science</label>,  <label type="Job Specific Skills">Color Grading</label>, <label type="Job Specific Skills">Digital Photography</label>, <label type="Job Specific Skills">Digital Cinematography</label>.  <label type="Designation">Co-Founder</label> and <label type="Designation">CFO</label>   Website Design and advertisement   Financial Decisions    1/3 | <label type="Name">Dionna Blanda</label>    <label type="Years of Experience">Feb 09/Jun 11</label>    <label type="Companies worked at">ANIMATION SCHOOL</label>  <label type="Designation">VFX Instructor</label>    Teaching VFX History, Combining Live-Action and CG and Digital Compositing    April <label type="Years of Experience">07/Now</label>    <label type="Designation">FREE LANCING</label>  <label type="Job Specific Skills">Editing</label>, <label type="Job Specific Skills">Color Management</label>, <label type="Job Specific Skills">Color Grading</label>, <label type="Job Specific Skills">VFX Supervision</label>, <label type="Job Specific Skills">Motion-Graphic</label>, <label type="Job Specific Skills">Camera Assist</label>,  <label type="Job Specific Skills">Cinematography</label>, <label type="Job Specific Skills">Photography</label>    EDUCATION    <label type="Years of Experience">2011  2014</label> <label type="College Name">University of Art, Tehran</label>    <label type="Location">Tehran, Iran</label>    <label type="Degree">Master\'s Degree, Photography</label>, G.P.A 15.81 out of 20 (3.15)  Thesis: ""Studying Methods of Compositing Digital Photographs with Photo Realistic Computer Graphics""  Practical Project: ""Compositing Digital Photographs With Photo Realistic Computer Graphics""    Supervisor: Dr. Javad Salimi  Adviser: Mr. Reza Nabavi    2007  2011 Soore University (formerly Soore Institute of Higher Education)    Tehran, Iran    Bachelor\'s degree, Cinematography, G.P.A 16 out of 20 (3.2)  Thesis: The Translation of ""Special Effects: The History and Techniques"" Written by Richard Rickitt.  Practical Project: ""Contributing in a Short Film, ""iDentity"" as a VFX Sup, DIT and Colorist""  Supervisor: Mr. Mohammad Hossein Faraj    AWARDS AND ACCOMPLISHMENTS    Certifications      E-Learning Ecologies by University of Illinois at Urbana-Champaign on Coursera. Certificate  earned on March 16, 2015        English for Teaching Purposes by Universitat Aut\xc3\xb2noma de Barcelona on Coursera.  Certificate earned on March 16, 2015        University Teaching 101 by Johns Hopkins University on Coursera. Certificate earned on  April 26, 2015        Powerful Tools for Teaching and Learning: Web 2.0 Tools by University of Houston System  on Coursera. Certificate earned on March 13, 2015        English Grammar and Essay Writing by Berkeley University on edX. Certificate earned on  March 16, 2015    2/3 | <label type="Name">Dionna Blanda</label>        Academic and Business Writing by Berkeley University on edX. Honor Code Certificate  earned on March 16, 2015        Visual Perception and the Brain by Duke University on Coursera. Certificate earned on  March 30, 2015        The Brain and Space by Duke University on Coursera. Certificate earned on April 30, 2015        Statistical Analysis of fMRI Data by Johns Hopkins University on Coursera. Certificate  earned on March 22, 2015        Image and video processing: From Mars to Hollywood with a stop at the hospital by Duke  University on Coursera. Certificate earned on March 9, 2015        Applications of Linear Algebra (Part 1) by Davidson College on edX. Honor Code Certificate  earned on March 16, 2015        Programming for Everybody (Python) by University of Michigan on Coursera. Certificate  earned on April 29, 2015        Code Yourself! An Introduction to Programming by The University of Edinburgh &amp;  Universidad ORT Uruguay on Coursera. Certificate earned on April 12, 2015        Programming in Scratch by Harvey Mudd College on edX. Honor Code Certificate earned on  March 16, 2015        The Data Scientists Toolbox by Johns Hopkins University on Coursera. Certificate earned on  March 1, 2015        R Programming by Johns Hopkins University on Coursera. Certificate earned on March 30,  2015        Welcome to Game Theory by The University of Tokyo on Coursera. Certificate earned on  March 10, 2015        Astronomy: Exploring Time and Space by The University of Arizona. Statement of  Accomplishment earned on April 03, 2015        Introduction to Mathematical Thinking by Stanford University. Statement of  Accomplishment earned on April 30, 2015    3/3 | A l i T a h e r i    Fxphd (ID: FUERB353DRCVG3AM):                                              VRL101: Virtual Reality Bootcamp  UNR202: Production in Unreal Engine 4  UNR201: Tech Guerrilla Previz in UDK  PVS101: Introduction to Previs  TCH101: Introduction to TouchDesigner  BKD223 - Behavioral Economics  MTH201: Real Mathematics for Visual Effects and 3D  DCT301: Camera Tech and Colour Science (Charles Poynton)  DCT302: Advanced Colour Theory and ACES Workflow (Charles Poynton)  DCT303: Advanced Digital Colour Theory (Charles Poynton)  VFX102: History of Visual Effects  VFX201: VFX Foundations I  VFX202: VFX Foundations II  VFX220: Feature Film VFX Supervision  DOP213: DSLR Filmmaking  DOP214: Camera Tech  DOP215: Practical and Digital Effects  DOP216: Lighting People, Products and Cars  DOP217: Pimp My Lenses  PFT303: Advanced PFTrack - 3D Tracking  5TH101: Introduction to 5th Kind    Volunteer Experience &amp; Causes          TEDxTehran 2014: Verge of Breakthrough. Volunteer and Event Photographer, September 2014  TEDxKish 2015: Inspire, Connect, And Innovate. Social Media and Photography, April 2015    Test Scores        Academic IELTS: Listening: 7, Reading: 7, Writing: 6.5, Speaking: 6  Overall: 6.5        GRE: Score Verbal Reasoning 145 - % Below 25, Quantitative Reasoning 156 - % Below 64,  Analytical Writing 3 - % Below 15    References available upon request    4/3 | <label type="Name">Dionna Blanda</label>"
</cv>
