<?xml version="1.0" encoding="UTF-8"?>
<cv>
"<label type="Name">Bernie Caron Kuphal</label>  3445 Godfrey Road  <label type="Location">New York, NY</label> 10022  Phone: 123-345-7890  Email: <label type="Email Address">Wan.Barrows@hotmail.com</label>  Career Objective:  To obtain a <label type="Designation">sales and marketing engineer</label> position with a global technology leader and use my  knowledge on electronic engineering to conduct product marketing and boost sales.  Summary of Skills:  \xe2\x80\xa2Strong <label type="Job Specific Skills">sales</label> support engineering experience  \xe2\x80\xa2Working knowledge of integrated circuits and sensors  \xe2\x80\xa2<label type="Soft Skills">Excellent multi-tasking</label> and <label type="Soft Skills">problem-solving skills</label>  \xe2\x80\xa2Possess outstanding <label type="Soft Skills">presentation</label>, <label type="Soft Skills">communication</label>, and <label type="Soft Skills">convincing</label> skills  \xe2\x80\xa2Ability to <label type="Soft Skills">negotiate</label> business contracts with customers  \xe2\x80\xa2Skilled in identify and encasing on business opportunities  Work Experience:  <label type="Designation">Sales &amp; Marketing Engineer</label>  <label type="Companies worked at">Alert Technologies</label>, <label type="Location">New York, NY</label>  <label type="Years of Experience">October 2014 - Present</label>  \xe2\x80\xa2Identifying target markets and coordinating with the research and design team  \xe2\x80\xa2Generating and implementing sales and marketing plans for boosting sales  \xe2\x80\xa2Identifying and reacting to new business opportunities and developing schemes  \xe2\x80\xa2Meeting company monthly and quarterly targets for sales growth and profitability  \xe2\x80\xa2Generating and maintaining sales by providing superior customer service  \xe2\x80\xa2Assisting the sales and marketing team in forecasting future growth  <label type="Designation">Sales &amp; Marketing Engineer</label>  <label type="Companies worked at">OTC Logic</label>, <label type="Location">New York, NY</label>  <label type="Years of Experience">February 2013 - September 2014</label>  \xe2\x80\xa2Identified new prospects, and developed and delivered product demonstrations  \xe2\x80\xa2Represented electronic products to customers through field events    \xe2\x80\xa2Collected and passed on customer requirements to research and development team  \xe2\x80\xa2Visited assigned sales territory and gathered feedback on brands of competitor  \xe2\x80\xa2Reported to Director of Sales &amp; Marketing on sales opportunities and inquiries  \xe2\x80\xa2Worked closely with the sales team from collecting and passing on orders to customers  Education:  \xe2\x80\xa2<label type="Degree">Bachelor's Degree in Electronics</label>  <label type="College Name">ABC University</label>, <label type="Location">New York, NY</label>  <label type="Graduation Year">2012</label>  Reference  On request."
</cv>
