<?xml version="1.0" encoding="UTF-8"?>
<cv>
"<label type="Designation">Art Editor</label> for Print/Magazine Resume Template  <label type="Name">Allena Levi Schinner</label>  Abbe St., <label type="Location">Detroit, Michigan</label>  Phone: (123)345-7890  <label type="Email Address">Satterfield.Kenia@gmail.com</label>  Objective  To work as an <label type="Designation">Art Editor</label> in a large circulation magazine specializing in <label type="Job Specific Skills">photography</label> and the <label type="Job Specific Skills">visual  arts</label> hobbies  Summary of Qualification      <label type="Years of Experience">7 years of experience</label> in the <label type="Job Specific Skills">print media</label> profession with the last 5 years as the <label type="Designation">head of the art  department</label> of a large hobby magazine.   Excellent <label type="Soft Skills">creative</label> and <label type="Soft Skills">artistic</label> skills   Excellent command of <label type="Tech Tools">Adobe Photoshop</label> and <label type="Tech Tools">PageMaker</label> editing tools.  Career Experience/Job History  <label type="Years of Experience">2004  Present</label>: <label type="Designation">Associate Art Editor</label>, <label type="Companies worked at">Digital Hobbies Americas</label>, <label type="Location">Detroit</label>      Conduct regular editorial staff meetings for artists, photographers and layout artists to brainstorm  ideas on the tactical looks of the upcoming edition along the lines of the overall thematic design  of the publication.   Simulate the artistic layout in <label type="Tech Tools">PageMaker</label> for approval by the Editor in Chief.   Attend seminars and lectures on technological advances in <label type="Job Specific Skills">print media</label>.   Develop web version of the magazine in coordination with web artists.   Coordinate with the webmaster in ensuring that the website is a mirror of the print version of the  publication.   Collaborate with layout artist in finalizing the edition.   Ensure that all graphics and photo materials are submitted 2 days before copy deadline to leave  enough time for finalizing selection.  Education  <label type="Graduation Year">2005  2007</label>: <label type="Degree">MBA</label>, <label type="College Name">Michigan State University</label>  <label type="Graduation Year">1999  2003</label>: <label type="Degree">BA Commercial and Industrial Arts</label>, <label type="College Name">Milwaukee Institute of Art Design</label>  Professional reference will be furnished upon request"
</cv>
