<?xml version="1.0" encoding="UTF-8"?>
<cv>
"<label type="Name">Elois Durgan</label>  <label type="Designation">Marketing assistant</label>  AREAS OF EXPERTISE  <label type="Job Specific Skills">Market research</label>  <label type="Job Specific Skills">Direct marketing</label>  <label type="Job Specific Skills">Lead generation</label>  <label type="Job Specific Skills">Competitor analysis</label>    PERSONAL SUMMARY  A confident, honest and hardworking individual with extensive knowledge of  supporting a sales team in all areas of a companies <label type="Job Specific Skills">marketing strategy</label>. Possessing  <label type="Soft Skills">effective organisational skills</label> and proficiency with administration and practical tasks,  including planning market research, organising the distribution of literature to  helping to put on an event. A <label type="Soft Skills">quick learner</label> who can absorb new ideas a nd can  <label type="Soft Skills">communicate</label> clearly and effectively with work colleagues, clients and senior  managers.  Now looking for a suitable <label type="Designation">marketing assistant</label> position with an ambitious company.    Sales/ promotional material    WORK EXPERIENCE  <label type="Job Specific Skills">Event coordination</label>  Writing <label type="Job Specific Skills">press releases</label>  <label type="Job Specific Skills">Online marketing </label> <label type="Job Specific Skills">Copy writing</label>    PROFESSIONAL  NVQ in <label type="Job Specific Skills">Marketing</label>  (City &amp; Guilds)    PERSONAL SKILLS  <label type="Soft Skills">Resilience</label>  Hands on attitude    <label type="Companies worked at">Manufacturing Company</label>  <label type="Location">Coventry</label>  <label type="Designation">MARKETING ASSISTANT</label>  <label type="Years of Experience">June 2008 - Present</label>  Supporting the sales process by being involved in the day to day activities of the  marketing department and by providing an invaluable support service to the sales and  marketing team.  Duties:  Support the company in the implementation of its marketing campaigns.  Producing &amp; analysing sales figures, hen reporting them to marketing managers.  Proof reading for all marketing material, both print and online.  Writing marketing emails &amp; then sending them to customers &amp; sales prospects.  Assisting the marketing team with day to day administration duties.  Responsible for maintaining &amp; updating the companies website &amp; social media.  Coordinating telemarketing activity.  Managing &amp; maintaining product &amp; data information within company systems.  Assisting in organising promotional events.  Liaising on a daily basis with clients , customers and suppliers.  Involved in drafting <label type="Tech Tools">PowerPoint</label> and <label type="Tech Tools">Word</label> pitches.  Attending networking events &amp; promoting the company.  Booking advertisement space with local newspapers.  Liaising on a daily basis with clients , customers and suppliers.  Involved in organising planning and controlling exhibitions.  Working with the sales team to maintain and update pricing / listing details.  Involved in producing and publishing online marketing material.  Helping to run mailshot campaigns.  KEY SKILLS AND COMPETENCIES    PERSONAL DETAILS  <label type="Soft Skills">Proactive</label>, determined and able to work across all functions.  <label type="Soft Skills">Numerically astute</label> and comfortable with undertaking <label type="Job Specific Skills">financial analysis</label>.  Ability to be creative and to show initiative.    <label type="Name">Elois Durgan</label>  34 Anywhere Road  <label type="Location">Coventry</label>  CV6 7RF    ACADEMIC QUALIFICATIONS    T: 02123 345 7890  M: 0123 345 7890  E: <label type="Email Address">Wayne.Bins@yahoo.com</label>    <label type="Degree">BA (Hons)  Marketing</label>  <label type="College Name">Nuneaton University</label> <label type="Graduation Year">2005 - 2008</label>    DOB: 12/09/1985  Driving license: Yes  Nationality: British    A levels:  Maths (A) English (B) Technology (B) Science (C)  <label type="College Name">Coventry Central College</label> <label type="Graduation Year">2003 - 2005</label>  REFERENCES  Available on request.    Copyright information - Please read  \xc2\xa9 This marketing assistant CV template is the copyright of Dayjob Ltd August 2010. Jobseekers may download and use this  CV example for their own personal use to help them create their own CVs. You are most welcome to link to this page or any  other page on our site www.dayjob.com. However these CVs must not be distributed or made available on other websites  without our prior permission. For any questions relating to the use of this CV template please email: <label type="Email Address">Wayne.Bins@yahoo.com</label>."
</cv>
